-- phpMyAdmin SQL Dump
-- version 4.1.14
-- http://www.phpmyadmin.net
--
-- Host: 127.0.0.1
-- Generation Time: Jan 06, 2017 at 09:22 AM
-- Server version: 5.6.17
-- PHP Version: 5.5.12

SET SQL_MODE = "NO_AUTO_VALUE_ON_ZERO";
SET time_zone = "+00:00";


/*!40101 SET @OLD_CHARACTER_SET_CLIENT=@@CHARACTER_SET_CLIENT */;
/*!40101 SET @OLD_CHARACTER_SET_RESULTS=@@CHARACTER_SET_RESULTS */;
/*!40101 SET @OLD_COLLATION_CONNECTION=@@COLLATION_CONNECTION */;
/*!40101 SET NAMES utf8 */;

--
-- Database: `gulberempire`
--

-- --------------------------------------------------------

--
-- Table structure for table `admins`
--

CREATE TABLE IF NOT EXISTS `admins` (
  `id` int(11) NOT NULL AUTO_INCREMENT,
  `username` varchar(45) NOT NULL,
  `password` varchar(255) NOT NULL,
  `salt` varchar(255) NOT NULL,
  `password_strategy` varchar(255) NOT NULL,
  `requires_new_password` tinyint(1) NOT NULL,
  `email` varchar(255) NOT NULL,
  `login_attempts` int(11) NOT NULL,
  `login_time` int(11) NOT NULL,
  `login_ip` varchar(32) NOT NULL,
  `validation_key` varchar(255) NOT NULL,
  `create_id` int(11) NOT NULL,
  `create_time` int(11) NOT NULL,
  `update_id` int(11) NOT NULL,
  `update_time` int(11) NOT NULL,
  PRIMARY KEY (`id`)
) ENGINE=InnoDB  DEFAULT CHARSET=utf8 AUTO_INCREMENT=8 ;

--
-- Dumping data for table `admins`
--

INSERT INTO `admins` (`id`, `username`, `password`, `salt`, `password_strategy`, `requires_new_password`, `email`, `login_attempts`, `login_time`, `login_ip`, `validation_key`, `create_id`, `create_time`, `update_id`, `update_time`) VALUES
(1, 'shaan', '$2a$14$mY5Bj5ocw6.ArEiaEYZn7OMbcYfUjLWnqNfEUm.j6C8K4WLXO6q9K', '$2a$14$mY5Bj5ocw6.ArEiaEYZn7Q', 'bcrypt', 0, '', 0, 0, '', '3bbda15b66e2e639cfbaf897aa6c94b2', 0, 0, 0, 0),
(3, 'gjrchsadmin', '$2a$14$CmBmvKUfBhJmsMh4rSX24uUC3TnCFpN1OZmQhxIdb0wMC7wqS3Ni6', '$2a$14$CmBmvKUfBhJmsMh4rSX24w', 'bcrypt', 0, 'admin2@uexel.com', 2, 0, '', '73f89732e646f21dbff1cb3aca7633a8', 0, 0, 0, 0),
(4, 'uexel', '$2lH9Bbg1vo/g', '$2a$14$xfiLGE3fhwDdeZNY/OZWHA', 'bcrypt', 0, 'shaan@uexel.com', 2, 0, '', '9e39833009192100a06e1f086fddccc1', 0, 0, 0, 0),
(5, 'amjad', '$2lH9Bbg1vo/g', '$2a$14$2p8oi3fOT8w5pEH8Wdzl8g', 'bcrypt', 0, '', 0, 0, '', 'e83c353ccc3872ed101ab4e04fe559e5', 0, 0, 0, 0),
(7, 'admin', '$2lH9Bbg1vo/g', '$2a$14$UN6.SvfQk2ujwSIZjzYVug', 'bcrypt', 0, 'admin@tolodo.com', 0, 0, '', 'f98a4d683a1a019cc9b60b88fb702e50', 0, 0, 0, 0);

-- --------------------------------------------------------

--
-- Table structure for table `article`
--

CREATE TABLE IF NOT EXISTS `article` (
  `id` int(11) NOT NULL AUTO_INCREMENT,
  `slug` varchar(1024) COLLATE utf8_unicode_ci NOT NULL,
  `title` varchar(512) COLLATE utf8_unicode_ci NOT NULL,
  `body` text COLLATE utf8_unicode_ci NOT NULL,
  `view` varchar(255) COLLATE utf8_unicode_ci DEFAULT NULL,
  `category_id` int(11) DEFAULT NULL,
  `thumbnail_base_url` varchar(1024) COLLATE utf8_unicode_ci DEFAULT NULL,
  `thumbnail_path` varchar(1024) COLLATE utf8_unicode_ci DEFAULT NULL,
  `status` smallint(6) NOT NULL DEFAULT '0',
  `created_by` int(11) DEFAULT NULL,
  `updated_by` int(11) DEFAULT NULL,
  `published_at` int(11) DEFAULT NULL,
  `created_at` int(11) DEFAULT NULL,
  `updated_at` int(11) DEFAULT NULL,
  PRIMARY KEY (`id`),
  KEY `fk_article_author` (`created_by`),
  KEY `fk_article_updater` (`updated_by`),
  KEY `fk_article_category` (`category_id`)
) ENGINE=InnoDB  DEFAULT CHARSET=utf8 COLLATE=utf8_unicode_ci AUTO_INCREMENT=2 ;

--
-- Dumping data for table `article`
--

INSERT INTO `article` (`id`, `slug`, `title`, `body`, `view`, `category_id`, `thumbnail_base_url`, `thumbnail_path`, `status`, `created_by`, `updated_by`, `published_at`, `created_at`, `updated_at`) VALUES
(1, 'offer-2016', 'Get first installment off 20%', '<p>This is new news</p>', '', 1, NULL, NULL, 1, 1, 1, 1480493968, 1480493968, 1480493968);

-- --------------------------------------------------------

--
-- Table structure for table `article_attachment`
--

CREATE TABLE IF NOT EXISTS `article_attachment` (
  `id` int(11) NOT NULL AUTO_INCREMENT,
  `article_id` int(11) NOT NULL,
  `path` varchar(255) COLLATE utf8_unicode_ci NOT NULL,
  `base_url` varchar(255) COLLATE utf8_unicode_ci DEFAULT NULL,
  `type` varchar(255) COLLATE utf8_unicode_ci DEFAULT NULL,
  `size` int(11) DEFAULT NULL,
  `name` varchar(255) COLLATE utf8_unicode_ci DEFAULT NULL,
  `created_at` int(11) DEFAULT NULL,
  `order` int(11) DEFAULT NULL,
  PRIMARY KEY (`id`),
  KEY `fk_article_attachment_article` (`article_id`)
) ENGINE=InnoDB DEFAULT CHARSET=utf8 COLLATE=utf8_unicode_ci AUTO_INCREMENT=1 ;

-- --------------------------------------------------------

--
-- Table structure for table `article_category`
--

CREATE TABLE IF NOT EXISTS `article_category` (
  `id` int(11) NOT NULL AUTO_INCREMENT,
  `slug` varchar(1024) COLLATE utf8_unicode_ci NOT NULL,
  `title` varchar(512) COLLATE utf8_unicode_ci NOT NULL,
  `body` text COLLATE utf8_unicode_ci,
  `parent_id` int(11) DEFAULT NULL,
  `status` smallint(6) NOT NULL DEFAULT '0',
  `created_at` int(11) DEFAULT NULL,
  `updated_at` int(11) DEFAULT NULL,
  PRIMARY KEY (`id`),
  KEY `fk_article_category_section` (`parent_id`)
) ENGINE=InnoDB  DEFAULT CHARSET=utf8 COLLATE=utf8_unicode_ci AUTO_INCREMENT=2 ;

--
-- Dumping data for table `article_category`
--

INSERT INTO `article_category` (`id`, `slug`, `title`, `body`, `parent_id`, `status`, `created_at`, `updated_at`) VALUES
(1, 'news', 'News', NULL, NULL, 1, 1479805536, NULL);

-- --------------------------------------------------------

--
-- Table structure for table `file_storage_item`
--

CREATE TABLE IF NOT EXISTS `file_storage_item` (
  `id` int(11) NOT NULL AUTO_INCREMENT,
  `component` varchar(255) NOT NULL,
  `base_url` varchar(1024) NOT NULL,
  `path` varchar(1024) NOT NULL,
  `type` varchar(255) DEFAULT NULL,
  `size` int(11) DEFAULT NULL,
  `name` varchar(255) DEFAULT NULL,
  `upload_ip` varchar(15) DEFAULT NULL,
  `created_at` int(11) NOT NULL,
  PRIMARY KEY (`id`)
) ENGINE=InnoDB  DEFAULT CHARSET=utf8 AUTO_INCREMENT=175 ;

--
-- Dumping data for table `file_storage_item`
--

INSERT INTO `file_storage_item` (`id`, `component`, `base_url`, `path`, `type`, `size`, `name`, `upload_ip`, `created_at`) VALUES
(1, 'fileStorage', 'http://gulbergempire.dev:8080/storage/web/source', '1/ayopcy1YjLp12auDdMbARfDvEpdj6UlE.jpg', 'image/jpeg', 60944, 'ayopcy1YjLp12auDdMbARfDvEpdj6UlE', '127.0.0.1', 1479809397),
(2, 'fileStorage', 'http://gulbergempire.dev:8080/storage/web/source', '1/xVlKcPksdUc-ualSqRAP0kHe8FQt8hRR.jpg', 'image/jpeg', 38779, 'xVlKcPksdUc-ualSqRAP0kHe8FQt8hRR', '127.0.0.1', 1479903273),
(3, 'fileStorage', 'http://gulbergempire.dev:8080/storage/web/source', '1/ARQplnL5KRDN8uDB9HuylfH5t9EbrQ6d.jpg', 'image/jpeg', 38779, 'ARQplnL5KRDN8uDB9HuylfH5t9EbrQ6d', '127.0.0.1', 1479903292),
(4, 'fileStorage', 'http://gulbergempire.dev:8080/storage/web/source', '1/RSPlfvWDj4yqXETdf60HM9kT2gzRlpCt.jpg', 'image/jpeg', 38779, 'RSPlfvWDj4yqXETdf60HM9kT2gzRlpCt', '127.0.0.1', 1479976564),
(5, 'fileStorage', 'http://gulbergempire.dev:8080/storage/web/source', '1/uonN6WBdQ9wwMmzexNXx7WxrPzpYc2WJ.jpg', 'image/jpeg', 38779, 'uonN6WBdQ9wwMmzexNXx7WxrPzpYc2WJ', '127.0.0.1', 1479976630),
(6, 'fileStorage', 'http://gulbergempire.dev:8080/storage/web/source', '1/3woBpkXyO_eHebLJ_9dPRMv5R_4XwEvV.jpg', 'image/jpeg', 38779, '3woBpkXyO_eHebLJ_9dPRMv5R_4XwEvV', '127.0.0.1', 1479977117),
(8, 'fileStorage', 'http://gulbergempire.dev:8080/storage/web/source', '1/nOHxZsb4P-zdDBvLC8NMAm6OqVMYku08.png', 'image/png', 129741, 'nOHxZsb4P-zdDBvLC8NMAm6OqVMYku08', '127.0.0.1', 1479977315),
(9, 'fileStorage', 'http://gulbergempire.dev:8080/storage/web/source', '1/a_xWEOGtiC7xjOJ3m_IlckffbhUeyPjU.png', 'image/png', 129741, 'a_xWEOGtiC7xjOJ3m_IlckffbhUeyPjU', '127.0.0.1', 1479977629),
(10, 'fileStorage', 'http://gulbergempire.dev:8080/storage/web/source', '1/9L_OaB7dhhquzPn6NRSoCr6diJTbdwyz.png', 'image/png', 129741, '9L_OaB7dhhquzPn6NRSoCr6diJTbdwyz', '127.0.0.1', 1479977685),
(11, 'fileStorage', 'http://gulbergempire.dev:8080/storage/web/source', '1/sTVVN6srS4ujYt_HgkmcOI5Se9A5TGb9.png', 'image/png', 129741, 'sTVVN6srS4ujYt_HgkmcOI5Se9A5TGb9', '127.0.0.1', 1479977771),
(12, 'fileStorage', 'http://gulbergempire.dev:8080/storage/web/source', '1/tupvevHGVgUQ1SbCx-lnhh-4QKbTXCJ7.png', 'image/png', 129741, 'tupvevHGVgUQ1SbCx-lnhh-4QKbTXCJ7', '127.0.0.1', 1479977869),
(13, 'fileStorage', 'http://gulbergempire.dev:8080/storage/web/source', '1/QBg7jkcD85e0Ipol_2n4IvIJB1Gzi6nv.png', 'image/png', 129741, 'QBg7jkcD85e0Ipol_2n4IvIJB1Gzi6nv', '127.0.0.1', 1479977925),
(14, 'fileStorage', 'http://gulbergempire.dev:8080/storage/web/source', '1/VGH4hrntaclc60DpIhNEBaCEkyvMwMvU.png', 'image/png', 129741, 'VGH4hrntaclc60DpIhNEBaCEkyvMwMvU', '127.0.0.1', 1479978057),
(15, 'fileStorage', 'http://gulbergempire.dev:8080/storage/web/source', '1/SFdtsSPbNNpkQw56atEmsaR2qnUui_15.png', 'image/png', 129741, 'SFdtsSPbNNpkQw56atEmsaR2qnUui_15', '127.0.0.1', 1479978367),
(16, 'fileStorage', 'http://gulbergempire.dev:8080/storage/web/source', '1/LPBU5G1uUgAiFD2FCPM0QxgGG23Pw0h9.png', 'image/png', 129741, 'LPBU5G1uUgAiFD2FCPM0QxgGG23Pw0h9', '127.0.0.1', 1479978870),
(17, 'fileStorage', 'http://gulbergempire.dev:8080/storage/web/source', '1/qZR0WqscGgfLPtMaEEWusjoYsPYAxt1v.png', 'image/png', 129741, 'qZR0WqscGgfLPtMaEEWusjoYsPYAxt1v', '127.0.0.1', 1479978874),
(18, 'fileStorage', 'http://gulbergempire.dev:8080/storage/web/source', '1/7_aq2gONePmvBFOBd0PTaSKijzsmfylj.png', 'image/png', 129741, '7_aq2gONePmvBFOBd0PTaSKijzsmfylj', '127.0.0.1', 1479978878),
(19, 'fileStorage', 'http://gulbergempire.dev:8080/storage/web/source', '1/jcLi2mhu6DT9l1um-FFMOUh-3o2TJys9.png', 'image/png', 129741, 'jcLi2mhu6DT9l1um-FFMOUh-3o2TJys9', '127.0.0.1', 1480069707),
(20, 'fileStorage', 'http://gulbergempire.dev:8080/storage/web/source', '1/xe9Ug1KiGLiVJdfLoJ-SzENDsyNl-eaI.png', 'image/png', 129741, 'xe9Ug1KiGLiVJdfLoJ-SzENDsyNl-eaI', '127.0.0.1', 1480069719),
(21, 'fileStorage', 'http://gulbergempire.dev:8080/storage/web/source', '1/BD5gW42o00wJoPWG8eZuFcm8mal11g5M.png', 'image/png', 129741, 'BD5gW42o00wJoPWG8eZuFcm8mal11g5M', '127.0.0.1', 1480069724),
(22, 'fileStorage', 'http://gulbergempire.dev:8080/storage/web/source', '1/R_xAO8diz0kR-1ErSaBA1BRUvMj6L7SW.png', 'image/png', 129741, 'R_xAO8diz0kR-1ErSaBA1BRUvMj6L7SW', '127.0.0.1', 1480069729),
(23, 'fileStorage', 'http://gulbergempire.dev:8080/storage/web/source', '1/gX1Goh-y24ij3dL9iTgg47n8FF63HIKP.docx', 'application/vnd.openxmlformats-officedocument.wordprocessingml.document', 13284, 'gX1Goh-y24ij3dL9iTgg47n8FF63HIKP', '127.0.0.1', 1480070187),
(24, 'fileStorage', 'http://gulbergempire.dev:8080/storage/web/source', '1/Yyg3dBO9GoFG1Y3sszP4BTvuLIuL8-yM.docx', 'application/vnd.openxmlformats-officedocument.wordprocessingml.document', 13284, 'Yyg3dBO9GoFG1Y3sszP4BTvuLIuL8-yM', '127.0.0.1', 1480070269),
(25, 'fileStorage', 'http://gulbergempire.dev:8080/storage/web/source', '1/CsilXJHsdOSDc2IhHDMDyU8wCXuiMkD0.docx', 'application/vnd.openxmlformats-officedocument.wordprocessingml.document', 13284, 'CsilXJHsdOSDc2IhHDMDyU8wCXuiMkD0', '127.0.0.1', 1480070327),
(26, 'fileStorage', 'http://gulbergempire.dev:8080/storage/web/source', '1/NCwqbJLkiAJ7Msfw7DydeUFa_jEtpZew.docx', 'application/vnd.openxmlformats-officedocument.wordprocessingml.document', 13284, 'NCwqbJLkiAJ7Msfw7DydeUFa_jEtpZew', '127.0.0.1', 1480070342),
(27, 'fileStorage', 'http://gulbergempire.dev:8080/storage/web/source', '1/0L4_P6qpXm8NfJl-x97By84W537QHx6k.docx', 'application/vnd.openxmlformats-officedocument.wordprocessingml.document', 13284, '0L4_P6qpXm8NfJl-x97By84W537QHx6k', '127.0.0.1', 1480070397),
(28, 'fileStorage', 'http://gulbergempire.dev:8080/storage/web/source', '1/PxCuWPjXT3sbNXVMMqa7_GU9QXFLaUdD.docx', 'application/vnd.openxmlformats-officedocument.wordprocessingml.document', 13284, 'PxCuWPjXT3sbNXVMMqa7_GU9QXFLaUdD', '127.0.0.1', 1480070650),
(29, 'fileStorage', 'http://gulbergempire.dev:8080/storage/web/source', '1/NOs6WReeWnLDn2DO5ZSAJMMnW5yA5k0D.docx', 'application/vnd.openxmlformats-officedocument.wordprocessingml.document', 13284, 'NOs6WReeWnLDn2DO5ZSAJMMnW5yA5k0D', '127.0.0.1', 1480073936),
(30, 'fileStorage', 'http://gulbergempire.dev:8080/storage/web/source', '1/Tp5V5h6_Uno7t4u9pG1Rk3xQeX7EWIMl.docx', 'application/vnd.openxmlformats-officedocument.wordprocessingml.document', 13284, 'Tp5V5h6_Uno7t4u9pG1Rk3xQeX7EWIMl', '127.0.0.1', 1480075933),
(31, 'fileStorage', 'http://gulbergempire.dev:8080/storage/web/source', '1/iTykDh6_i6V88inH9fTmHOrXOkJLD4Wl.png', 'image/png', 129741, 'iTykDh6_i6V88inH9fTmHOrXOkJLD4Wl', '127.0.0.1', 1480076454),
(33, 'fileStorage', 'http://gulbergempire.dev:8080/storage/web/source', '1/LdhvRtd6znRaKDx6MxH7XbrXS4e5pbD6.jpg', 'image/jpeg', 38779, 'LdhvRtd6znRaKDx6MxH7XbrXS4e5pbD6', '127.0.0.1', 1480922221),
(34, 'fileStorage', 'http://gulbergempire.dev:8080/storage/web/source', '1/CdR6Ukiz542NQ1pqavyOlq6EhVPnpRAO.jpg', 'image/jpeg', 38779, 'CdR6Ukiz542NQ1pqavyOlq6EhVPnpRAO', '127.0.0.1', 1480925154),
(35, 'fileStorage', 'http://gulbergempire.dev:8080/storage/web/source', '1/rHZkoDSJ1ScH-GqIMFbObCrilh4YI0Ns.jpg', 'image/jpeg', 38779, 'rHZkoDSJ1ScH-GqIMFbObCrilh4YI0Ns', '127.0.0.1', 1480932733),
(36, 'fileStorage', 'http://gulbergempire.dev:8080/storage/web/source', '1/6H6DzO3GRJ4IQb12iC67Ysxgqn1EKoZJ.jpg', 'image/jpeg', 38779, '6H6DzO3GRJ4IQb12iC67Ysxgqn1EKoZJ', '127.0.0.1', 1480932736),
(37, 'fileStorage', 'http://gulbergempire.dev:8080/storage/web/source', '1/S7ONowdeafN2BNz411eHVVHVLLy0b00G.jpg', 'image/jpeg', 38779, 'S7ONowdeafN2BNz411eHVVHVLLy0b00G', '127.0.0.1', 1480932739),
(38, 'fileStorage', 'http://gulbergempire.dev:8080/storage/web/source', '1/aAKCGIEzI4X1CZ8BHtvvnwtRdWlUJ-yO.jpg', 'image/jpeg', 38779, 'aAKCGIEzI4X1CZ8BHtvvnwtRdWlUJ-yO', '127.0.0.1', 1480932744),
(39, 'fileStorage', 'http://gulbergempire.dev:8080/storage/web/source', '1/X61nnpA8MfRg3RCgL8vyTMMkRtDUh5Rh.jpg', 'image/jpeg', 38779, 'X61nnpA8MfRg3RCgL8vyTMMkRtDUh5Rh', '127.0.0.1', 1480932829),
(40, 'fileStorage', 'http://gulbergempire.dev:8080/storage/web/source', '1/VDQfnrXPpVwJEK2Dj02v-hJ5L1GCkdFy.jpg', 'image/jpeg', 38779, 'VDQfnrXPpVwJEK2Dj02v-hJ5L1GCkdFy', '127.0.0.1', 1480932832),
(41, 'fileStorage', 'http://gulbergempire.dev:8080/storage/web/source', '1/y1ZhR7VGjOzLq2P1OvSSdg4WTpxnh_2G.jpg', 'image/jpeg', 38779, 'y1ZhR7VGjOzLq2P1OvSSdg4WTpxnh_2G', '127.0.0.1', 1480932837),
(42, 'fileStorage', 'http://gulbergempire.dev:8080/storage/web/source', '1/58-0KpbIltpqyoAdTQ-gjD41UFHbhgl1.jpg', 'image/jpeg', 38779, '58-0KpbIltpqyoAdTQ-gjD41UFHbhgl1', '127.0.0.1', 1480932843),
(43, 'fileStorage', 'http://gulbergempire.dev:8080/storage/web/source', '1/u205LXUxp7CUOpav7slemWREj2VsrSeR.jpg', 'image/jpeg', 38779, 'u205LXUxp7CUOpav7slemWREj2VsrSeR', '127.0.0.1', 1480933260),
(44, 'fileStorage', 'http://gulbergempire.dev:8080/storage/web/source', '1/pX_jkub99LpE0YUo7Y0EaWnw1kJEtTAt.jpg', 'image/jpeg', 38779, 'pX_jkub99LpE0YUo7Y0EaWnw1kJEtTAt', '127.0.0.1', 1480933263),
(45, 'fileStorage', 'http://gulbergempire.dev:8080/storage/web/source', '1/I-CETiaXTv0YvmpqdWLhvptO64yhNcRs.jpg', 'image/jpeg', 38779, 'I-CETiaXTv0YvmpqdWLhvptO64yhNcRs', '127.0.0.1', 1480933266),
(46, 'fileStorage', 'http://gulbergempire.dev:8080/storage/web/source', '1/RVZ4BKIFL23At_nNtDBJ_lTq_O9AkS5J.jpg', 'image/jpeg', 38779, 'RVZ4BKIFL23At_nNtDBJ_lTq_O9AkS5J', '127.0.0.1', 1480933269),
(47, 'fileStorage', 'http://gulbergempire.dev:8080/storage/web/source', '1/-yuT4PvclZGjJYGJrZlKiGGsdDVagdR6.jpg', 'image/jpeg', 38779, '-yuT4PvclZGjJYGJrZlKiGGsdDVagdR6', '127.0.0.1', 1480933395),
(48, 'fileStorage', 'http://gulbergempire.dev:8080/storage/web/source', '1/xOj3Y47zUtpoDhMuPkQMIP3gF52ncTDz.jpg', 'image/jpeg', 38779, 'xOj3Y47zUtpoDhMuPkQMIP3gF52ncTDz', '127.0.0.1', 1480933397),
(49, 'fileStorage', 'http://gulbergempire.dev:8080/storage/web/source', '1/e8x7aOBfC_ZaenJcFV0_sYXwV8YbFr4f.jpg', 'image/jpeg', 38779, 'e8x7aOBfC_ZaenJcFV0_sYXwV8YbFr4f', '127.0.0.1', 1480933400),
(50, 'fileStorage', 'http://gulbergempire.dev:8080/storage/web/source', '1/7YxUwshHF75LHApJrOdYpIFaybe3rqFB.jpg', 'image/jpeg', 38779, '7YxUwshHF75LHApJrOdYpIFaybe3rqFB', '127.0.0.1', 1480933403),
(51, 'fileStorage', 'http://gulbergempire.dev:8080/storage/web/source', '1/Ftx3tACXlbECxBc-2wCF1Ox4A4bcU_1E.jpg', 'image/jpeg', 38779, 'Ftx3tACXlbECxBc-2wCF1Ox4A4bcU_1E', '127.0.0.1', 1480933651),
(52, 'fileStorage', 'http://gulbergempire.dev:8080/storage/web/source', '1/MX8YoVhADs4fa4ACFdNJV34Vl3J3aKX6.jpg', 'image/jpeg', 38779, 'MX8YoVhADs4fa4ACFdNJV34Vl3J3aKX6', '127.0.0.1', 1480933655),
(53, 'fileStorage', 'http://gulbergempire.dev:8080/storage/web/source', '1/OtdohKvTKeI7f-OYpHEzhWWNvfXtJHI4.jpg', 'image/jpeg', 38779, 'OtdohKvTKeI7f-OYpHEzhWWNvfXtJHI4', '127.0.0.1', 1480933658),
(54, 'fileStorage', 'http://gulbergempire.dev:8080/storage/web/source', '1/f1JZaNCGQkKj2dwdQT7St5aa5g-KzW6D.jpg', 'image/jpeg', 38779, 'f1JZaNCGQkKj2dwdQT7St5aa5g-KzW6D', '127.0.0.1', 1480933662),
(55, 'fileStorage', 'http://gulbergempire.dev:8080/storage/web/source', '1/tMA83ymZbQ6iWJQBJ47Qa-jLa5l_fDcQ.jpg', 'image/jpeg', 38779, 'tMA83ymZbQ6iWJQBJ47Qa-jLa5l_fDcQ', '127.0.0.1', 1480933903),
(56, 'fileStorage', 'http://gulbergempire.dev:8080/storage/web/source', '1/vd6P--zkmATieaai4A37ChIZmwaWu378.jpg', 'image/jpeg', 38779, 'vd6P--zkmATieaai4A37ChIZmwaWu378', '127.0.0.1', 1480933906),
(57, 'fileStorage', 'http://gulbergempire.dev:8080/storage/web/source', '1/qbHi3zu0H51UTNG3MicGE2wFyF4ONDBw.jpg', 'image/jpeg', 38779, 'qbHi3zu0H51UTNG3MicGE2wFyF4ONDBw', '127.0.0.1', 1480933908),
(58, 'fileStorage', 'http://gulbergempire.dev:8080/storage/web/source', '1/g5GeK5vo3J030vU9pycC1J7hTe0W0IkW.jpg', 'image/jpeg', 38779, 'g5GeK5vo3J030vU9pycC1J7hTe0W0IkW', '127.0.0.1', 1480933911),
(59, 'fileStorage', 'http://gulbergempire.dev:8080/storage/web/source', '1/HNU8tfZA0K9duh0TXtGD-HGrgUB84qnB.jpg', 'image/jpeg', 38779, 'HNU8tfZA0K9duh0TXtGD-HGrgUB84qnB', '127.0.0.1', 1480934026),
(60, 'fileStorage', 'http://gulbergempire.dev:8080/storage/web/source', '1/Uv9sVSWeFipEzT4oCBhkRIhZ_mvbe42l.jpg', 'image/jpeg', 38779, 'Uv9sVSWeFipEzT4oCBhkRIhZ_mvbe42l', '127.0.0.1', 1480934030),
(61, 'fileStorage', 'http://gulbergempire.dev:8080/storage/web/source', '1/k-mRawG7dLMk8d0H0Co3xdXW2Fa4vzor.jpg', 'image/jpeg', 38779, 'k-mRawG7dLMk8d0H0Co3xdXW2Fa4vzor', '127.0.0.1', 1480934033),
(62, 'fileStorage', 'http://gulbergempire.dev:8080/storage/web/source', '1/tLEz99THMAH811_r62LisIM0w8P-44s8.jpg', 'image/jpeg', 38779, 'tLEz99THMAH811_r62LisIM0w8P-44s8', '127.0.0.1', 1480934037),
(63, 'fileStorage', 'http://gulbergempire.dev:8080/storage/web/source', '1/JR_lvRmHV9tvGvD4LgAYxrB0ZYw-rRdi.jpg', 'image/jpeg', 38779, 'JR_lvRmHV9tvGvD4LgAYxrB0ZYw-rRdi', '127.0.0.1', 1480934322),
(64, 'fileStorage', 'http://gulbergempire.dev:8080/storage/web/source', '1/RaIW0hYNn1dz0WdwrViR2pwae5sg_Olb.jpg', 'image/jpeg', 38779, 'RaIW0hYNn1dz0WdwrViR2pwae5sg_Olb', '127.0.0.1', 1480934325),
(65, 'fileStorage', 'http://gulbergempire.dev:8080/storage/web/source', '1/NfGUp7wlKmsh23lQnq2l8t0NHEcRBnK0.jpg', 'image/jpeg', 38779, 'NfGUp7wlKmsh23lQnq2l8t0NHEcRBnK0', '127.0.0.1', 1480934328),
(66, 'fileStorage', 'http://gulbergempire.dev:8080/storage/web/source', '1/hZZL0eI7nmeTS_PQ8ar7FVsCKfrzJ8ji.jpg', 'image/jpeg', 38779, 'hZZL0eI7nmeTS_PQ8ar7FVsCKfrzJ8ji', '127.0.0.1', 1480934330),
(67, 'fileStorage', 'http://gulbergempire.dev:8080/storage/web/source', '1/j5M04jdaXcJbcWnoPh_lz-UYTLH-EXQ5.jpg', 'image/jpeg', 38779, 'j5M04jdaXcJbcWnoPh_lz-UYTLH-EXQ5', '127.0.0.1', 1480935640),
(68, 'fileStorage', 'http://gulbergempire.dev:8080/storage/web/source', '1/-K-EvDOxQXfaPGNjFVlP7OpgQZwZ6nj8.jpg', 'image/jpeg', 38779, '-K-EvDOxQXfaPGNjFVlP7OpgQZwZ6nj8', '127.0.0.1', 1480935643),
(69, 'fileStorage', 'http://gulbergempire.dev:8080/storage/web/source', '1/AYJrJamWZ05DWXgxTymBs2TF4poQLYER.jpg', 'image/jpeg', 38779, 'AYJrJamWZ05DWXgxTymBs2TF4poQLYER', '127.0.0.1', 1480935645),
(70, 'fileStorage', 'http://gulbergempire.dev:8080/storage/web/source', '1/BcpHuUX2V3ENAwN--zxNsasG3Y6NXK38.jpg', 'image/jpeg', 38779, 'BcpHuUX2V3ENAwN--zxNsasG3Y6NXK38', '127.0.0.1', 1480935649),
(71, 'fileStorage', 'http://gulbergempire.dev:8080/storage/web/source', '1/-4yI6j-uOlihFRnB6ETymPGTD5z8Ml7E.jpg', 'image/jpeg', 38779, '-4yI6j-uOlihFRnB6ETymPGTD5z8Ml7E', '127.0.0.1', 1480935893),
(72, 'fileStorage', 'http://gulbergempire.dev:8080/storage/web/source', '1/yawIqyWBtxSYiF1t5fDnrbqKGJT74rXh.jpg', 'image/jpeg', 38779, 'yawIqyWBtxSYiF1t5fDnrbqKGJT74rXh', '127.0.0.1', 1480935897),
(73, 'fileStorage', 'http://gulbergempire.dev:8080/storage/web/source', '1/sgWB3Hac8W1kPZX6VwjJ7WPyfzwnaTW5.jpg', 'image/jpeg', 38779, 'sgWB3Hac8W1kPZX6VwjJ7WPyfzwnaTW5', '127.0.0.1', 1480935900),
(74, 'fileStorage', 'http://gulbergempire.dev:8080/storage/web/source', '1/9so6QRkbdmJJjlRnft_Ev1oB_zRyufVy.jpg', 'image/jpeg', 38779, '9so6QRkbdmJJjlRnft_Ev1oB_zRyufVy', '127.0.0.1', 1480935903),
(75, 'fileStorage', 'http://gulbergempire.dev:8080/storage/web/source', '1/zhhIt0uOgEtHiflXe8oTtMQ8nBQK0L8p.jpg', 'image/jpeg', 38779, 'zhhIt0uOgEtHiflXe8oTtMQ8nBQK0L8p', '127.0.0.1', 1480938259),
(76, 'fileStorage', 'http://gulbergempire.dev:8080/storage/web/source', '1/EinuUx3-ldXZ4pSwNoXukkUFNZ7LCVAo.jpg', 'image/jpeg', 38779, 'EinuUx3-ldXZ4pSwNoXukkUFNZ7LCVAo', '127.0.0.1', 1480938268),
(77, 'fileStorage', 'http://gulbergempire.dev:8080/storage/web/source', '1/m6xkaFl2HgxnTVyaGvg_bpr-fl0t77_A.jpg', 'image/jpeg', 38779, 'm6xkaFl2HgxnTVyaGvg_bpr-fl0t77_A', '127.0.0.1', 1480938352),
(78, 'fileStorage', 'http://localhost/GulberEmpire/storage/web/source', '1/dRXDTy7zUSG2GSmHwiecEKu2ccleEDQY.sql', 'text/plain', 2770, 'dRXDTy7zUSG2GSmHwiecEKu2ccleEDQY', '::1', 1481014079),
(79, 'fileStorage', 'http://localhost/GulberEmpire/storage/web/source', '1/BI7rdjbg1eNbN7XDqp5RnN8b7t1u09c0.sql', 'text/plain', 2087, 'BI7rdjbg1eNbN7XDqp5RnN8b7t1u09c0', '::1', 1481015253),
(80, 'fileStorage', 'http://localhost/GulberEmpire/storage/web/source', '1/NZH_xmbrqUP-cZ0PcHAiWoz64T7eKBRL.sql', 'text/plain', 3154, 'NZH_xmbrqUP-cZ0PcHAiWoz64T7eKBRL', '::1', 1481016948),
(81, 'fileStorage', 'http://localhost/GulberEmpire/storage/web/source', '1/4HAY6K1tFf_UappG80vroKKG1c5yh0eD.eps', 'application/postscript', 2178662, '4HAY6K1tFf_UappG80vroKKG1c5yh0eD', '::1', 1481025354),
(82, 'fileStorage', 'http://localhost/GulberEmpire/storage/web/source', '1/zdNOuGGEpJ-G0hHpU-XwiCSwa1_Sfn7z.jpg', 'image/jpeg', 112126, 'zdNOuGGEpJ-G0hHpU-XwiCSwa1_Sfn7z', '::1', 1481025356),
(89, 'fileStorage', 'http://localhost/GulberEmpire/storage/web/source', '1/MNSp2NYW1jTN_SwlHJaaWcy2tGJIB2pM.jpg', 'image/jpeg', 92974, 'MNSp2NYW1jTN_SwlHJaaWcy2tGJIB2pM', '::1', 1481094038),
(90, 'fileStorage', 'http://localhost/GulbergEmpire/storage/web/source', '1/uYP-ScduBj8aiE-tRBKLkeC7-SlLpg43.jpg', 'image/jpeg', 155605, 'uYP-ScduBj8aiE-tRBKLkeC7-SlLpg43', '::1', 1481096607),
(92, 'fileStorage', 'http://localhost/GulbergEmpire/storage/web/source', '1/uDILf2Tn5sQ_UruQkGS96nd8wjT0WJR1.jpg', 'image/jpeg', 92974, 'uDILf2Tn5sQ_UruQkGS96nd8wjT0WJR1', '::1', 1481097093),
(93, 'fileStorage', 'http://localhost/GulbergEmpire/storage/web/source', '1/SRzdHj9sPcxcB6nSk_GstA2FqR6rCINN.jpg', 'image/jpeg', 48326, 'SRzdHj9sPcxcB6nSk_GstA2FqR6rCINN', '::1', 1481108610),
(94, 'fileStorage', 'http://localhost/GulbergEmpire/storage/web/source', '1/ncHumPi1Tom3-q45P4V56zMaITf6EEL-.jpg', 'image/jpeg', 155605, 'ncHumPi1Tom3-q45P4V56zMaITf6EEL-', '::1', 1481114785),
(95, 'fileStorage', 'http://localhost/GulbergEmpire/storage/web/source', '1/44u15TmXyaXfdzitvSs_vWVWP4sLESbJ.jpg', 'image/jpeg', 155605, '44u15TmXyaXfdzitvSs_vWVWP4sLESbJ', '::1', 1481114800),
(96, 'fileStorage', 'http://localhost/GulbergEmpire/storage/web/source', '1/79L20Q-smN01K5wXag5yQdqUEx_0_ahl.jpg', 'image/jpeg', 48326, '79L20Q-smN01K5wXag5yQdqUEx_0_ahl', '::1', 1481261315),
(97, 'fileStorage', 'http://localhost/GulbergEmpire/storage/web/source', '1/VXmlYCFEYIS05hXgVfL37yqLMtctJf72.pdf', 'application/pdf', 459191, 'VXmlYCFEYIS05hXgVfL37yqLMtctJf72', '::1', 1481267096),
(99, 'fileStorage', 'http://localhost/GulbergEmpire/storage/web/source', '1/AMj4Ez3EI_CFZ3ac2EEbmQTc14GBvgLh.pdf', 'application/pdf', 458943, 'AMj4Ez3EI_CFZ3ac2EEbmQTc14GBvgLh', '::1', 1481267139),
(100, 'fileStorage', 'http://localhost/GulbergEmpire/storage/web/source', '1/7n9E9KKX0pLybiWswVfUId0vWYvXDBbv.jpg', 'image/jpeg', 216819, '7n9E9KKX0pLybiWswVfUId0vWYvXDBbv', '::1', 1481267149),
(101, 'fileStorage', 'http://localhost/GulbergEmpire/storage/web/source', '1/vE86i3ZrOuBURrExWvRa4XcTbbEZvLXS.jpg', 'image/jpeg', 216819, 'vE86i3ZrOuBURrExWvRa4XcTbbEZvLXS', '::1', 1481267156),
(102, 'fileStorage', 'http://localhost/GulbergEmpire/storage/web/source', '1/8QcOjJdHZik2gULH3UxHzQ6pTE9Nf7uS.jpg', 'image/jpeg', 216819, '8QcOjJdHZik2gULH3UxHzQ6pTE9Nf7uS', '::1', 1481267164),
(103, 'fileStorage', 'http://localhost/GulbergEmpire/storage/web/source', '1/ksTcQOM63POJG2yxewQ46XpMwp-VcMkw.jpg', 'image/jpeg', 216819, 'ksTcQOM63POJG2yxewQ46XpMwp-VcMkw', '::1', 1481267173),
(104, 'fileStorage', 'http://localhost/GulbergEmpire/storage/web/source', '1/4GvhPPCl5pgYdG87TXl8DSfkyB07G_j_.jpg', 'image/jpeg', 216819, '4GvhPPCl5pgYdG87TXl8DSfkyB07G_j_', '::1', 1481267711),
(105, 'fileStorage', 'http://localhost/GulbergEmpire/storage/web/source', '1/ZZoBbjCSgHWBNn4aK7XlvO5iezMatMPm.jpg', 'image/jpeg', 48326, 'ZZoBbjCSgHWBNn4aK7XlvO5iezMatMPm', '::1', 1481283441),
(106, 'fileStorage', 'http://localhost/GulbergEmpire/storage/web/source', '1/Du36Q-iOVzmYEcJPktT-A_fiQQiQxQ4C.jpg', 'image/jpeg', 92974, 'Du36Q-iOVzmYEcJPktT-A_fiQQiQxQ4C', '::1', 1481283454),
(107, 'fileStorage', 'http://localhost/GulbergEmpire/storage/web/source', '1/jE4spp1VjUfeBWWNMaS4tmRWIRncXgN8.jpg', 'image/jpeg', 216819, 'jE4spp1VjUfeBWWNMaS4tmRWIRncXgN8', '::1', 1481612730),
(108, 'fileStorage', 'http://localhost/GulbergEmpire/storage/web/source', '1/RSXhmzFGCmtUIicNPFd_JQfUzJZwgT0u.jpg', 'image/jpeg', 216819, 'RSXhmzFGCmtUIicNPFd_JQfUzJZwgT0u', '::1', 1481612751),
(109, 'fileStorage', 'http://localhost/GulbergEmpire/storage/web/source', '1/xgVSh0L9wZLk5LK43GIivMtIrGamzIXT.jpg', 'image/jpeg', 216819, 'xgVSh0L9wZLk5LK43GIivMtIrGamzIXT', '::1', 1481697760),
(110, 'fileStorage', 'http://localhost/GulbergEmpire/storage/web/source', '1/nhMxSXPdbE8fOPqoOA6oVXhFwFH2vuQH.jpg', 'image/jpeg', 216819, 'nhMxSXPdbE8fOPqoOA6oVXhFwFH2vuQH', '::1', 1481795906),
(111, 'fileStorage', 'http://localhost/GulbergEmpire/storage/web/source', '1/iIuVDQhqcWy_4pDPP5u4V4Ze-eE861N7.jpg', 'image/jpeg', 216819, 'iIuVDQhqcWy_4pDPP5u4V4Ze-eE861N7', '::1', 1481795985),
(112, 'fileStorage', 'http://localhost/GulbergEmpire/storage/web/source', '1/J5s47KPu6AUM3ojO8xgNugghBtlI6nL5.jpg', 'image/jpeg', 216819, 'J5s47KPu6AUM3ojO8xgNugghBtlI6nL5', '::1', 1481796905),
(113, 'fileStorage', 'http://localhost/GulbergEmpire/storage/web/source', '1/ZwOUNUrurDElrvJza7iknnUMVuLYWeAx.jpg', 'image/jpeg', 216819, 'ZwOUNUrurDElrvJza7iknnUMVuLYWeAx', '::1', 1481797138),
(114, 'fileStorage', 'http://localhost/GulbergEmpire/storage/web/source', '1/nEq602huMpS-5oXdL5kuPso8cVW0KJhK.jpg', 'image/jpeg', 216819, 'nEq602huMpS-5oXdL5kuPso8cVW0KJhK', '::1', 1481804014),
(115, 'fileStorage', 'http://localhost/GulbergEmpire/storage/web/source', '1/Vh89ZG8TvxNH-YslAAohNk9IiWVVDEGr.jpg', 'image/jpeg', 216819, 'Vh89ZG8TvxNH-YslAAohNk9IiWVVDEGr', '::1', 1481867672),
(116, 'fileStorage', 'http://localhost/GulbergEmpire/storage/web/source', '1/2MxnG0OkN9qxl-XFwMLGfZDIfVTJcplu.jpg', 'image/jpeg', 216819, '2MxnG0OkN9qxl-XFwMLGfZDIfVTJcplu', '::1', 1481867675),
(117, 'fileStorage', 'http://localhost/GulbergEmpire/storage/web/source', '1/3fo8rkj7yjMvnuqQKvoHLweo-snZwecK.jpg', 'image/jpeg', 216819, '3fo8rkj7yjMvnuqQKvoHLweo-snZwecK', '::1', 1481867680),
(118, 'fileStorage', 'http://localhost/GulbergEmpire/storage/web/source', '1/Rg1pNHnr_tbkMeek4TcWEUgkcZqmZnM7.jpg', 'image/jpeg', 216819, 'Rg1pNHnr_tbkMeek4TcWEUgkcZqmZnM7', '::1', 1481867685),
(119, 'fileStorage', 'http://localhost/GulbergEmpire/storage/web/source', '1/qjLEl5ggbUvn6Ufz5sRzEzbuy1AFYFrV.jpg', 'image/jpeg', 216819, 'qjLEl5ggbUvn6Ufz5sRzEzbuy1AFYFrV', '::1', 1481869665),
(120, 'fileStorage', 'http://localhost/GulbergEmpire/storage/web/source', '1/cz2txTJXad2w1GZdPdVeEHYw00lYN7Wl.jpg', 'image/jpeg', 216819, 'cz2txTJXad2w1GZdPdVeEHYw00lYN7Wl', '::1', 1481869668),
(121, 'fileStorage', 'http://localhost/GulbergEmpire/storage/web/source', '1/Bi30NDsqBnOYpxWzhPJodTXhKz-9ispC.jpg', 'image/jpeg', 216819, 'Bi30NDsqBnOYpxWzhPJodTXhKz-9ispC', '::1', 1481869672),
(122, 'fileStorage', 'http://localhost/GulbergEmpire/storage/web/source', '1/Kklw19CRbPdQI-Kr2CUty9KpMPo3qJ9O.jpg', 'image/jpeg', 216819, 'Kklw19CRbPdQI-Kr2CUty9KpMPo3qJ9O', '::1', 1481869677),
(123, 'fileStorage', 'http://localhost/GulbergEmpire/storage/web/source', '1/8ngH6fIPBGTTKQFKkKvMwHuHU9VNDvoe.jpg', 'image/jpeg', 216819, '8ngH6fIPBGTTKQFKkKvMwHuHU9VNDvoe', '::1', 1481870619),
(124, 'fileStorage', 'http://localhost/GulbergEmpire/storage/web/source', '1/8yxb9ni98owqjCgCcpG7M2Dx8fIxh9KI.jpg', 'image/jpeg', 216819, '8yxb9ni98owqjCgCcpG7M2Dx8fIxh9KI', '::1', 1481870625),
(125, 'fileStorage', 'http://localhost/GulbergEmpire/storage/web/source', '1/taU56p-dQONA3qt3X_tPzOMTn8zv4z-W.jpg', 'image/jpeg', 216819, 'taU56p-dQONA3qt3X_tPzOMTn8zv4z-W', '::1', 1481870630),
(126, 'fileStorage', 'http://localhost/GulbergEmpire/storage/web/source', '1/NmWoodnySSHVNzcswBl7KHIjIL7S3s3R.jpg', 'image/jpeg', 216819, 'NmWoodnySSHVNzcswBl7KHIjIL7S3s3R', '::1', 1481870635),
(127, 'fileStorage', 'http://localhost/GulbergEmpire/storage/web/source', '1/oYCapzEDplNlRsYn9_gafrb29PSZZLu5.jpg', 'image/jpeg', 48326, 'oYCapzEDplNlRsYn9_gafrb29PSZZLu5', '::1', 1481871651),
(128, 'fileStorage', 'http://localhost/GulbergEmpire/storage/web/source', '1/qc0IrbNGsjEQRwKEFa_6gTOyAMzFSMap.jpg', 'image/jpeg', 88481, 'qc0IrbNGsjEQRwKEFa_6gTOyAMzFSMap', '::1', 1481871709),
(129, 'fileStorage', 'http://localhost/GulbergEmpire/storage/web/source', '1/_k9zveYzBnubAp2KNU8RSSart19Q8nNR.jpg', 'image/jpeg', 48326, '_k9zveYzBnubAp2KNU8RSSart19Q8nNR', '::1', 1481871989),
(130, 'fileStorage', 'http://localhost/GulbergEmpire/storage/web/source', '1/e3rI9xA1btrkaQKENXKm3XhMh08qO34W.jpg', 'image/jpeg', 155605, 'e3rI9xA1btrkaQKENXKm3XhMh08qO34W', '::1', 1481873475),
(131, 'fileStorage', 'http://localhost/GulbergEmpire/storage/web/source', '1/Z3edoZYO7l39xAUsm-ZSvu_BCkp1KO8J.jpg', 'image/jpeg', 155605, 'Z3edoZYO7l39xAUsm-ZSvu_BCkp1KO8J', '::1', 1481873479),
(132, 'fileStorage', 'http://localhost/GulbergEmpire/storage/web/source', '1/CABu3neTj1_kEFtJyIRx55uC34CosUyj.jpg', 'image/jpeg', 155605, 'CABu3neTj1_kEFtJyIRx55uC34CosUyj', '::1', 1481873481),
(133, 'fileStorage', 'http://localhost/GulbergEmpire/storage/web/source', '1/2Q1MjX3SQQD0ZyOMeEd3RbJA0WN1du1T.jpg', 'image/jpeg', 155605, '2Q1MjX3SQQD0ZyOMeEd3RbJA0WN1du1T', '::1', 1481873485),
(134, 'fileStorage', 'http://localhost/GulbergEmpire/storage/web/source', '1/i51bwhIrw-DAioPn-oyxZXbi0zeVY2OI.jpg', 'image/jpeg', 92974, 'i51bwhIrw-DAioPn-oyxZXbi0zeVY2OI', '::1', 1481875597),
(135, 'fileStorage', 'http://localhost/GulbergEmpire/storage/web/source', '1/4-SUpPfncOmdXHqmj9vHxIdCq9hzcQcK.jpg', 'image/jpeg', 155605, '4-SUpPfncOmdXHqmj9vHxIdCq9hzcQcK', '::1', 1481875601),
(136, 'fileStorage', 'http://localhost/GulbergEmpire/storage/web/source', '1/f64-aSxCnDjT6-T1z27dKrFvfpiAww3S.jpg', 'image/jpeg', 92974, 'f64-aSxCnDjT6-T1z27dKrFvfpiAww3S', '::1', 1481875604),
(137, 'fileStorage', 'http://localhost/GulbergEmpire/storage/web/source', '1/Gp70eYR7wMXAGOPv92mVzB_aigeBJnKX.jpg', 'image/jpeg', 155605, 'Gp70eYR7wMXAGOPv92mVzB_aigeBJnKX', '::1', 1481875608),
(138, 'fileStorage', 'http://localhost/GulbergEmpire/storage/web/source', '1/1FHYHtn9r-Wn5NQITFl47oMTyWa4SsRw.jpg', 'image/jpeg', 88481, '1FHYHtn9r-Wn5NQITFl47oMTyWa4SsRw', '::1', 1481876250),
(139, 'fileStorage', 'http://localhost/GulbergEmpire/storage/web/source', '1/ujk26W0CFgfYsKLV1E0ApYnZisC8FhZx.jpg', 'image/jpeg', 92974, 'ujk26W0CFgfYsKLV1E0ApYnZisC8FhZx', '::1', 1481876254),
(140, 'fileStorage', 'http://localhost/GulbergEmpire/storage/web/source', '1/HTZJCA8TcteR96b8hGg3E5K9jeqYPBgM.jpg', 'image/jpeg', 48326, 'HTZJCA8TcteR96b8hGg3E5K9jeqYPBgM', '::1', 1481876258),
(141, 'fileStorage', 'http://localhost/GulbergEmpire/storage/web/source', '1/_-zvsX2aXjYhGEWuINFNNDyBqMfWA1gP.jpg', 'image/jpeg', 48326, '_-zvsX2aXjYhGEWuINFNNDyBqMfWA1gP', '::1', 1481876263),
(142, 'fileStorage', 'http://localhost/GulbergEmpire/storage/web/source', '1/jF_f_w9Jim2N8WsLMRrEr9jQXRRJ8so6.jpg', 'image/jpeg', 92974, 'jF_f_w9Jim2N8WsLMRrEr9jQXRRJ8so6', '::1', 1481876478),
(143, 'fileStorage', 'http://localhost/GulbergEmpire/storage/web/source', '1/y5RhpNWtUprWOK0Oi5Xcq5KwNreRjs1_.jpg', 'image/jpeg', 92974, 'y5RhpNWtUprWOK0Oi5Xcq5KwNreRjs1_', '::1', 1481876853),
(144, 'fileStorage', 'http://localhost/GulbergEmpire/storage/web/source', '1/ga0YaJ9ie-j3bOgn_4LI_m1Q4APU9C22.jpg', 'image/jpeg', 155605, 'ga0YaJ9ie-j3bOgn_4LI_m1Q4APU9C22', '::1', 1481889185),
(145, 'fileStorage', 'http://localhost/GulbergEmpire/storage/web/source', '1/EDi7ofFftyz_ZpZ32xPiMqvQwV78FBSI.jpg', 'image/jpeg', 155605, 'EDi7ofFftyz_ZpZ32xPiMqvQwV78FBSI', '::1', 1482132988),
(146, 'fileStorage', 'http://localhost/GulbergEmpire/storage/web/source', '1/2lgO_6NITWf55X2bssvjpl8KM-3jzC8B.jpg', 'image/jpeg', 48326, '2lgO_6NITWf55X2bssvjpl8KM-3jzC8B', '::1', 1482233490),
(147, 'fileStorage', 'http://localhost/GulbergEmpire/storage/web/source', '1/GpyhHMMorEH2DtmvPkAQdNanbGT5j7_f.jpg', 'image/jpeg', 48326, 'GpyhHMMorEH2DtmvPkAQdNanbGT5j7_f', '::1', 1482234518),
(148, 'fileStorage', 'http://localhost/GulbergEmpire/storage/web/source', '1/vG4INtIkqTxgl1WiovAVGzCHGWlCntvY.jpg', 'image/jpeg', 48326, 'vG4INtIkqTxgl1WiovAVGzCHGWlCntvY', '::1', 1482234537),
(150, 'fileStorage', 'http://localhost/GulbergEmpire/storage/web/source', '1/9HxgRKBwaVEJIAm8RYAO97LVorEW7Gcs.jpg', 'image/jpeg', 92974, '9HxgRKBwaVEJIAm8RYAO97LVorEW7Gcs', '::1', 1482319962),
(151, 'fileStorage', 'http://localhost/GulbergEmpire/storage/web/source', '1/nPto8vjv1kEEkXTi-ZeaWNweA5Hq9FYI.jpg', 'image/jpeg', 92974, 'nPto8vjv1kEEkXTi-ZeaWNweA5Hq9FYI', '::1', 1482319991),
(152, 'fileStorage', 'http://localhost/GulbergEmpire/storage/web/source', '1/UdNoYngqX1O8ssPDZDfuQiCMuEjy6EMR.jpg', 'image/jpeg', 92974, 'UdNoYngqX1O8ssPDZDfuQiCMuEjy6EMR', '::1', 1482320159),
(153, 'fileStorage', 'http://localhost/GulbergEmpire/storage/web/source', '1/fSpjgIEsXD5I9RRDgxfxgsh6yTrpXRWs.jpg', 'image/jpeg', 92974, 'fSpjgIEsXD5I9RRDgxfxgsh6yTrpXRWs', '::1', 1482320167),
(154, 'fileStorage', 'http://localhost/GulbergEmpire/storage/web/source', '1/Ugk50GXH7PybF2sRjXayhf57S9oxUd1Z.jpg', 'image/jpeg', 48326, 'Ugk50GXH7PybF2sRjXayhf57S9oxUd1Z', '::1', 1482320179),
(155, 'fileStorage', 'http://localhost/GulbergEmpire/storage/web/source', '1/B4TVR9uzz4874mJ9Om3WGC2jehdkjwj5.jpg', 'image/jpeg', 48326, 'B4TVR9uzz4874mJ9Om3WGC2jehdkjwj5', '::1', 1482320189),
(156, 'fileStorage', 'http://localhost/GulbergEmpire/storage/web/source', '1/GQ38K4wRCMGDNxjaP6b2ljXYhEUraPDG.docx', 'application/vnd.openxmlformats-officedocument.wordprocessingml.document', 47959, 'GQ38K4wRCMGDNxjaP6b2ljXYhEUraPDG', '::1', 1482396452),
(157, 'fileStorage', 'http://localhost/GulbergEmpire/storage/web/source', '1/4zop1pj6rG--WcZJm0tNwBIC_rZ0ZJrr.docx', 'application/vnd.openxmlformats-officedocument.wordprocessingml.document', 47959, '4zop1pj6rG--WcZJm0tNwBIC_rZ0ZJrr', '::1', 1482398850),
(159, 'fileStorage', 'http://localhost/GulbergEmpire/storage/web/source', '1/ii_ceR9gkIqgIN3_Fh3s6DLZtb8sncpx.docx', 'application/vnd.openxmlformats-officedocument.wordprocessingml.document', 47959, 'ii_ceR9gkIqgIN3_Fh3s6DLZtb8sncpx', '::1', 1482398916),
(160, 'fileStorage', 'http://localhost/GulbergEmpire/storage/web/source', '1/UJq5TGFk-gLbeKpS1k0SXOfNa3v7hFBQ.docx', 'application/vnd.openxmlformats-officedocument.wordprocessingml.document', 47959, 'UJq5TGFk-gLbeKpS1k0SXOfNa3v7hFBQ', '::1', 1482398932),
(161, 'fileStorage', 'http://localhost/GulbergEmpire/storage/web/source', '1/w7zcx7BilfI33tWKHSP3P7t4uk8WdRtS.txt', 'text/html', 1496, 'w7zcx7BilfI33tWKHSP3P7t4uk8WdRtS', '::1', 1482403794),
(163, 'fileStorage', 'http://localhost/GulbergEmpire/storage/web/source', '1/dP6v25j68_l38kclQiQjU-1z_iR5petM.docx', 'application/vnd.openxmlformats-officedocument.wordprocessingml.document', 47959, 'dP6v25j68_l38kclQiQjU-1z_iR5petM', '::1', 1482404069),
(164, 'fileStorage', 'http://localhost/GulbergEmpire/storage/web/source', '1/6RyjM2FvdHlksfBWOoQ1DMupwahb1qAl.docx', 'application/vnd.openxmlformats-officedocument.wordprocessingml.document', 47959, '6RyjM2FvdHlksfBWOoQ1DMupwahb1qAl', '::1', 1482404094),
(165, 'fileStorage', 'http://localhost/GulbergEmpire/storage/web/source', '1/vQrnPsfccaGnSZ5DBXJPfhbCSoIzXiKk.docx', 'application/vnd.openxmlformats-officedocument.wordprocessingml.document', 47959, 'vQrnPsfccaGnSZ5DBXJPfhbCSoIzXiKk', '::1', 1482404135),
(166, 'fileStorage', 'http://localhost/GulbergEmpire/storage/web/source', '1/sgXkiaZZ8Mg515xZ_HlAIdYHw8PJdOQ4.docx', 'application/vnd.openxmlformats-officedocument.wordprocessingml.document', 47959, 'sgXkiaZZ8Mg515xZ_HlAIdYHw8PJdOQ4', '::1', 1482404139),
(167, 'fileStorage', 'http://localhost/GulbergEmpire/storage/web/source', '1/yk9AS6PJAPgAHiZ-tg2yZoqsN521ew4K.docx', 'application/vnd.openxmlformats-officedocument.wordprocessingml.document', 47959, 'yk9AS6PJAPgAHiZ-tg2yZoqsN521ew4K', '::1', 1482404215),
(168, 'fileStorage', 'http://localhost/GulbergEmpire/storage/web/source', '1/F6cr62YQaql-rLbWe5sLGIkHDIoZll0p.docx', 'application/vnd.openxmlformats-officedocument.wordprocessingml.document', 47959, 'F6cr62YQaql-rLbWe5sLGIkHDIoZll0p', '::1', 1482404220),
(169, 'fileStorage', 'http://localhost/GulbergEmpire/storage/web/source', '1/uFrHoR-FrW_BllKIrVdP_TSS3irOTSpM.docx', 'application/vnd.openxmlformats-officedocument.wordprocessingml.document', 47959, 'uFrHoR-FrW_BllKIrVdP_TSS3irOTSpM', '::1', 1482404805),
(170, 'fileStorage', 'http://localhost/GulbergEmpire/storage/web/source', '1/wABTR5CSmnIcIXF021MyEpwmbwvbYGY6.docx', 'application/vnd.openxmlformats-officedocument.wordprocessingml.document', 47959, 'wABTR5CSmnIcIXF021MyEpwmbwvbYGY6', '::1', 1482473308),
(171, 'fileStorage', 'http://localhost/GulbergEmpire/storage/web/source', '1/6C2gRbwXLj11loLKn-Xnaicz7ER2Xyjt.docx', 'application/vnd.openxmlformats-officedocument.wordprocessingml.document', 47959, '6C2gRbwXLj11loLKn-Xnaicz7ER2Xyjt', '::1', 1483603640),
(172, 'fileStorage', 'http://localhost/GulbergEmpire/storage/web/source', '1/dpS-1YjXaL-gkohEE5TReytygHf-K-Ti.docx', 'application/vnd.openxmlformats-officedocument.wordprocessingml.document', 47959, 'dpS-1YjXaL-gkohEE5TReytygHf-K-Ti', '::1', 1483690300),
(173, 'fileStorage', 'http://localhost/GulbergEmpire/storage/web/source', '1/bbS5ILadJyvYc40EXXRB9TEQaegjlNpt.docx', 'application/vnd.openxmlformats-officedocument.wordprocessingml.document', 47959, 'bbS5ILadJyvYc40EXXRB9TEQaegjlNpt', '::1', 1483690489),
(174, 'fileStorage', 'http://localhost/GulbergEmpire/storage/web/source', '1/z00G7m5rHoF7m1MNUn4Pkzkcwk1w-57g.docx', 'application/vnd.openxmlformats-officedocument.wordprocessingml.document', 47959, 'z00G7m5rHoF7m1MNUn4Pkzkcwk1w-57g', '::1', 1483690557);

-- --------------------------------------------------------

--
-- Table structure for table `i18n_message`
--

CREATE TABLE IF NOT EXISTS `i18n_message` (
  `id` int(11) NOT NULL,
  `language` varchar(16) COLLATE utf8_unicode_ci NOT NULL,
  `translation` text COLLATE utf8_unicode_ci,
  PRIMARY KEY (`id`,`language`)
) ENGINE=InnoDB DEFAULT CHARSET=utf8 COLLATE=utf8_unicode_ci;

-- --------------------------------------------------------

--
-- Table structure for table `i18n_source_message`
--

CREATE TABLE IF NOT EXISTS `i18n_source_message` (
  `id` int(11) NOT NULL AUTO_INCREMENT,
  `category` varchar(32) COLLATE utf8_unicode_ci DEFAULT NULL,
  `message` text COLLATE utf8_unicode_ci,
  PRIMARY KEY (`id`)
) ENGINE=InnoDB DEFAULT CHARSET=utf8 COLLATE=utf8_unicode_ci AUTO_INCREMENT=1 ;

-- --------------------------------------------------------

--
-- Table structure for table `installment_plan`
--

CREATE TABLE IF NOT EXISTS `installment_plan` (
  `id` int(11) NOT NULL AUTO_INCREMENT,
  `installment_plan_name` varchar(256) DEFAULT NULL,
  `installment_plan_price` double DEFAULT NULL,
  `installment_downpayment_percentage` float DEFAULT NULL,
  `note` text,
  `created_by` int(11) DEFAULT NULL,
  `created_on` datetime DEFAULT NULL,
  `last_updated_by` int(11) DEFAULT NULL,
  PRIMARY KEY (`id`)
) ENGINE=InnoDB  DEFAULT CHARSET=latin1 AUTO_INCREMENT=24 ;

--
-- Dumping data for table `installment_plan`
--

INSERT INTO `installment_plan` (`id`, `installment_plan_name`, `installment_plan_price`, `installment_downpayment_percentage`, `note`, `created_by`, `created_on`, `last_updated_by`) VALUES
(14, 'Hello plan', 23000, 50000, 'this is a note', NULL, NULL, NULL),
(15, 'Pre-Launch installment Plan Apartments', 6500, 30, 'Corner Charges will be 10% of the total Cost.', NULL, NULL, NULL),
(16, 'Pre-Launch Installment Plan Apartments', 6500, 30, 'Corner Charges will be 10% of the total Cost.', NULL, NULL, NULL),
(17, 'Pre-Launch Installment Plan Apartments', 6500, 30, 'Corner Charges will be 10% of the total Cost.', NULL, NULL, NULL),
(18, 'Pre-Launch Installment Plan Apartments', 6500, 30, 'Corner Charges will be 10% of  the total cost.', NULL, NULL, NULL),
(19, 'Pre-Launch Installment Plan Apartments', 6500, 30, 'Corner charges will be 10% of the total cost.', NULL, NULL, NULL),
(20, 'Pre-Launch Installment Plan Apartments', 6500, 30, 'Corner charges will be 10% of the total cost.', NULL, NULL, NULL),
(21, 'Pre-Launch Installment Plan Apartments', 6500, 30, 'Corner charges will be 10% of the total cost.', NULL, NULL, NULL),
(22, 'Pre-Launch Installment Plan Apartments', 6500, 30, 'Corner charges will be 10% of the total cost.', NULL, NULL, NULL),
(23, 'Pre-Launch Installment Plan Apartments', 6500, 30, 'Corner charges will be 10% of the total cost.', NULL, NULL, NULL);

-- --------------------------------------------------------

--
-- Table structure for table `installment_plan_schedule`
--

CREATE TABLE IF NOT EXISTS `installment_plan_schedule` (
  `id` int(11) NOT NULL AUTO_INCREMENT,
  `type` varchar(256) DEFAULT NULL,
  `number_of_beds` int(11) DEFAULT NULL,
  `size` float DEFAULT NULL,
  `price` double DEFAULT NULL,
  `downpayment` double DEFAULT NULL,
  `months_36_installment` double DEFAULT NULL,
  `quaterly_installment` double DEFAULT NULL,
  `installment_plan_id` int(11) NOT NULL,
  PRIMARY KEY (`id`),
  KEY `fk_installment_plan_schedule_installment_plan1_idx` (`installment_plan_id`)
) ENGINE=InnoDB  DEFAULT CHARSET=latin1 AUTO_INCREMENT=21 ;

--
-- Dumping data for table `installment_plan_schedule`
--

INSERT INTO `installment_plan_schedule` (`id`, `type`, `number_of_beds`, `size`, `price`, `downpayment`, `months_36_installment`, `quaterly_installment`, `installment_plan_id`) VALUES
(9, 'A', 1, 460, 2990000, 897000, 58139, 174417, 15),
(10, 'B-Corner', 1, 455, 2957500, 887250, 57507, 172521, 17),
(11, 'C', 1, 425, 2762500, 828750, 53715, 161146, 18),
(12, 'A (Corner)', 2, 925, 6012500, 1803750, 116910, 350729, 19),
(13, 'B', 2, 905, 5882500, 1764750, 114382, 343146, 20),
(14, 'A', 3, 1780, 11570000, 3471000, 224972, 674917, 21),
(15, 'B(corner)', 3, 1385, 9002500, 2700750, 175049, 525146, 22),
(16, 'C', 3, 1365, 8872500, 2661750, 172521, 51763, 23),
(19, 'Uexel', 3, 2600, 2300, 3300, 5540, 3434, 14),
(20, 'Ayeen', 3, 2600, 2300, 3300, 5540, 3434, 14);

-- --------------------------------------------------------

--
-- Table structure for table `key_storage_item`
--

CREATE TABLE IF NOT EXISTS `key_storage_item` (
  `key` varchar(128) COLLATE utf8_unicode_ci NOT NULL,
  `value` text COLLATE utf8_unicode_ci NOT NULL,
  `comment` text COLLATE utf8_unicode_ci,
  `updated_at` int(11) DEFAULT NULL,
  `created_at` int(11) DEFAULT NULL,
  PRIMARY KEY (`key`),
  UNIQUE KEY `idx_key_storage_item_key` (`key`)
) ENGINE=MyISAM DEFAULT CHARSET=utf8 COLLATE=utf8_unicode_ci;

--
-- Dumping data for table `key_storage_item`
--

INSERT INTO `key_storage_item` (`key`, `value`, `comment`, `updated_at`, `created_at`) VALUES
('backend.theme-skin', 'skin-blue', 'skin-blue, skin-black, skin-purple, skin-green, skin-red, skin-yellow', NULL, NULL),
('backend.layout-fixed', '0', NULL, 1479806514, NULL),
('backend.layout-boxed', '0', NULL, 1479806500, NULL),
('backend.layout-collapsed-sidebar', '0', NULL, NULL, NULL),
('frontend.maintenance', 'disabled', 'Set it to "true" to turn on maintenance mode', 1479807214, NULL);

-- --------------------------------------------------------

--
-- Table structure for table `lookup`
--

CREATE TABLE IF NOT EXISTS `lookup` (
  `id` int(11) NOT NULL AUTO_INCREMENT,
  `name` varchar(128) COLLATE utf8_unicode_ci NOT NULL,
  `code` int(11) NOT NULL,
  `type` varchar(128) COLLATE utf8_unicode_ci NOT NULL,
  `position` int(11) NOT NULL,
  PRIMARY KEY (`id`)
) ENGINE=InnoDB  DEFAULT CHARSET=utf8 COLLATE=utf8_unicode_ci AUTO_INCREMENT=21 ;

--
-- Dumping data for table `lookup`
--

INSERT INTO `lookup` (`id`, `name`, `code`, `type`, `position`) VALUES
(1, 'Draft', 1, 'PostStatus', 1),
(2, 'Complete', 2, 'PostStatus', 2),
(3, 'Trash', 3, 'PostStatus', 3),
(4, 'Pending Approval', 1, 'CommentStatus', 1),
(5, 'Approved', 2, 'CommentStatus', 2),
(6, 'Yes', 1, 'yesNo', 1),
(7, 'No', 0, 'yesNo', 2),
(11, 'Male', 1, 'gender', 1),
(12, 'Female', 2, 'gender', 2),
(13, 'Normal', 1, 'UserType', 1),
(14, 'Super Administrator', 1, 'AdminUser', 1),
(15, 'Administrator', 2, 'AdminUser', 2),
(16, 'Private', 1, 'Visibility', 1),
(17, 'Public', 2, 'Visibility', 2),
(18, 'CATEGORY - A (30x60)', 1, 'plotcat', 1),
(19, 'CATEGORY - B (40x80)', 2, 'plotcat', 2),
(20, 'Shop', 1, 'shopcat', 1);

-- --------------------------------------------------------

--
-- Table structure for table `members`
--

CREATE TABLE IF NOT EXISTS `members` (
  `id` int(11) NOT NULL AUTO_INCREMENT,
  `membership_number` varchar(45) NOT NULL,
  `application_document` varchar(200) NOT NULL,
  `form_number` varchar(45) NOT NULL,
  `first_name` varchar(45) DEFAULT NULL,
  `last_name` varchar(45) DEFAULT NULL,
  `full_name` varchar(200) DEFAULT NULL,
  `photo` varchar(200) NOT NULL,
  `father_husband_name` varchar(255) DEFAULT NULL,
  `postal_address` varchar(500) DEFAULT NULL,
  `residential_address` varchar(500) DEFAULT NULL,
  `phone_office` varchar(100) DEFAULT NULL,
  `phone_residential` varchar(100) DEFAULT NULL,
  `mobile` varchar(100) DEFAULT NULL,
  `email` varchar(100) DEFAULT NULL,
  `occupation` varchar(200) DEFAULT NULL,
  `nationality` varchar(100) DEFAULT NULL,
  `dob` varchar(256) DEFAULT NULL,
  `cnic` varchar(100) DEFAULT NULL,
  `member_cnic` varchar(200) NOT NULL,
  `name_of_nominee` varchar(250) NOT NULL,
  `relation` varchar(100) NOT NULL,
  `address_of_nominee` varchar(300) NOT NULL,
  `nominee_cnic` varchar(50) NOT NULL,
  `nominee_cnic_scan` varchar(200) NOT NULL,
  `application_date` datetime DEFAULT NULL,
  `username` varchar(256) DEFAULT NULL,
  `password` varchar(255) DEFAULT NULL,
  `remarks` varchar(300) NOT NULL,
  `active_key` varchar(200) DEFAULT NULL,
  `is_blocked` enum('1','0') NOT NULL DEFAULT '0',
  `status` int(11) NOT NULL DEFAULT '0',
  `last_login` datetime DEFAULT NULL,
  `last_modified` datetime DEFAULT NULL,
  `timestamp` timestamp NOT NULL DEFAULT CURRENT_TIMESTAMP,
  `created_by` int(11) NOT NULL,
  `photo_path` varchar(256) DEFAULT NULL,
  PRIMARY KEY (`id`),
  UNIQUE KEY `membership_no_UNIQUE` (`membership_number`),
  UNIQUE KEY `form_number_UNIQUE` (`form_number`),
  UNIQUE KEY `membership_number` (`membership_number`),
  UNIQUE KEY `cnic_UNIQUE` (`cnic`)
) ENGINE=InnoDB  DEFAULT CHARSET=utf8 AUTO_INCREMENT=399 ;

--
-- Dumping data for table `members`
--

INSERT INTO `members` (`id`, `membership_number`, `application_document`, `form_number`, `first_name`, `last_name`, `full_name`, `photo`, `father_husband_name`, `postal_address`, `residential_address`, `phone_office`, `phone_residential`, `mobile`, `email`, `occupation`, `nationality`, `dob`, `cnic`, `member_cnic`, `name_of_nominee`, `relation`, `address_of_nominee`, `nominee_cnic`, `nominee_cnic_scan`, `application_date`, `username`, `password`, `remarks`, `active_key`, `is_blocked`, `status`, `last_login`, `last_modified`, `timestamp`, `created_by`, `photo_path`) VALUES
(1, '1234', '1/UdNoYngqX1O8ssPDZDfuQiCMuEjy6EMR.jpg', '23432', 'Ayeen', 'Khan', 'Ayeen Khan', '1/fSpjgIEsXD5I9RRDgxfxgsh6yTrpXRWs.jpg', '', 'Prince Abad Danyore Near chandni chok Gilgit Baltistan\r\nPrince Abad Danyore Near chandni chok Gilgit Baltistan', 'Prince Abad Danyore Near chandni chok Gilgit Baltistan\r\nPrince Abad Danyore Near chandni chok Gilgit Baltistan', '03327424312', '03327424312', '3327424312', 'ayeenmuhammad@gmail.com', 'software engineer', 'Pakistan', '0000-00-00', '1221', '1/Ugk50GXH7PybF2sRjXayhf57S9oxUd1Z.jpg', 'bashir', 'unknown', 'xyz', '1234322', '1/B4TVR9uzz4874mJ9Om3WGC2jehdkjwj5.jpg', NULL, '', '1234', 'xyz', NULL, '0', 0, NULL, '2016-12-21 00:00:00', '2016-11-24 08:12:37', 1, 'http://localhost/GulbergEmpire/storage/web/source'),
(19, '4343', '1/i51bwhIrw-DAioPn-oyxZXbi0zeVY2OI.jpg', '3232', 'Ayeen', 'Khan', 'Ayeen Khan', '1/4-SUpPfncOmdXHqmj9vHxIdCq9hzcQcK.jpg', 'Sher alam', 'Uexel CIS Technology Park G-5/2 Islamabad\r\nUexel CIS Technology Park G-5/2 Islamabad', 'Uexel CIS Technology Park G-5/2 Islamabad\r\nUexel CIS Technology Park G-5/2 Islamabad', '03327424312', '03327424312', '3327424312', 'ayeen2@uexel.com', 'software engineer', 'Pakistan', NULL, '715014-0639654-5', '1/Gp70eYR7wMXAGOPv92mVzB_aigeBJnKX.jpg', 'Sher alam khan', 'Brother', 'Uexel CIS Technology Park G-5/2 Islamabad\r\nUexel CIS Technology Park G-5/2 Islamabad', '71501-02193837-5', '1/f64-aSxCnDjT6-T1z27dKrFvfpiAww3S.jpg', NULL, NULL, '123123', 'testtt', NULL, '0', 0, NULL, '2016-12-16 00:00:00', '2016-12-16 08:07:36', 1, 'http://localhost/GulbergEmpire/storage/web/source'),
(20, '4200', '1/uFrHoR-FrW_BllKIrVdP_TSS3irOTSpM.docx', '3600', 'Syed', 'Jalal', 'Syed jalal uddin', '1/ujk26W0CFgfYsKLV1E0ApYnZisC8FhZx.jpg', 'musa madad', 'Uexel CIS Technology Park G-5/2 Islamabad\r\nUexel CIS Technology Park G-5/2 Islamabad', 'Uexel CIS Technology Park G-5/2 Islamabad\r\nUexel CIS Technology Park G-5/2 Islamabad', '03327424312', '03327424312', '3327424312', 'jalal@uexel.com', 'Sotware engineer', 'Pakistan', NULL, '715014-063965444-5', '1/HTZJCA8TcteR96b8hGg3E5K9jeqYPBgM.jpg', 'Shaan', 'Brother', 'Uexel CIS Technology Park G-5/2 Islamabad\r\nUexel CIS Technology Park G-5/2 Islamabad', '71501-0639654-5', '1/_-zvsX2aXjYhGEWuINFNNDyBqMfWA1gP.jpg', NULL, NULL, '1234', 'treeest', NULL, '0', 0, NULL, '2016-12-22 00:00:00', '2016-12-16 08:18:12', 1, 'http://localhost/GulbergEmpire/storage/web/source'),
(21, '410', '', '0410', 'Israr', 'Khan', 'Israr Khan', '1/8yxb9ni98owqjCgCcpG7M2Dx8fIxh9KI.jpg', 'Gojur Khan', 'Dr. Israr Khan, Department of Family Medicine Northwest Armed Forces Hospital, P.O Box 100, Tabuk Saudi Arabia.', 'Village Damas, Tehsil Punial, District Ghizer, Gilgit-Baltistan', '', '', '00966557980657', 'israr104@yahoo.com', 'Doctor', 'Pakistan', '0000-00-00', '714022-561960-3', '1/taU56p-dQONA3qt3X_tPzOMTn8zv4z-W.jpg', 'Kaik Israr Khan', 'Wife', 'Village Damas, Tehsil Punial, District Ghizer, Gilgit-Baltistan', '71402-1448153-6', '1/NmWoodnySSHVNzcswBl7KHIjIL7S3s3R.jpg', '0000-00-00 00:00:00', '', '1234', 'test', '0.93083900 13654194616ee069d555a0a2729cdcd50ae9e47965', '0', 0, '2013-04-08 11:11:01', '2016-12-22 00:00:00', '2013-04-08 11:11:01', 1, 'http://localhost/GulbergEmpire/storage/web/source'),
(33, '5', '20041313664459841896299734.jpg', '05', 'Mashroof ', 'Khan', 'Mashroof Khan', 'no-photo.png', 'Niat Shah', 'JK # 01 Baig Market, Village Danyore, Tehsil & District Gilgit', 'JK # 01 Baig Market, Village Danyore, Tehsil & District Gilgit', '', '05811-456029', '0346-5125187', 'mashroofkhanGSK@yahoo.com', '', 'Pakistan', '0000-00-00', '71501-5432020-1', '20041313664459841252163461.jpg', 'Firdosi Mashroof', 'Mashroof Khan', 'JK # 01 Baig Market, Village Danyore, Tehsil & District Gilgit', '71501-1012146-4', '20041313664459841105809657.jpg', '2012-08-28 00:00:00', '', 'mashroofkhan5', '', '0.32284900 13664459845ae4b08d62e498c2a02e54c364ab3b0e', '0', 2, '2013-04-20 08:19:44', '2013-04-20 09:02:53', '2013-04-20 08:19:44', 0, 'http://localhost/GulbergEmpire/storage/web/source'),
(34, '7', '200413136645218968084068.jpg', '07', 'Ibrahim', 'Khan', 'Ibrahim Khan', 'no-photo.png', 'Hazara Baig', 'Flat # 6-A, Royal Heights Masqat Street, Plot # 186 Garden East Karachi 74550', 'Flat # 6-A, Royal Heights Masqat Street, Plot # 186 Garden East Karachi 74550', '', '021-2225922', '', 'shahida166@hotmail.com', '', 'Pakistan', '0000-00-00', '42201-0514957-9', '2004131366452189449840063.jpg', '', '', '', '', 'no-cnic.png', '1989-05-02 00:00:00', '', '9aa8ea12dbb6834bbfa9aeec83785b66', 'nominee cnic is missing while the occupation and mobile no is not mentioned in the application form', '0.61258000 13664521898ffa40524434c2a2bf101fce07cac7e5', '0', 1, '2013-04-20 10:03:09', '2013-04-20 10:03:09', '2013-04-20 10:03:09', 0, 'http://localhost/GulbergEmpire/storage/web/source'),
(55, 'Shaan', '22041313666296011152210672.docx', '83749385', 'shaan', 'khan', 'shaan M Khan', 'no-photo.png', 'sher alam', 'Islamabad', 'Danyore Gilgit', '2397429479823', '987928734982', '83792749247', 'shaan@uexel.com', 'Software Engineer', 'Pakistan', '0000-00-00', '72397439274927498', '22041313666296011282185859.jpg', 'Esar Karim', 'Friend', 'G9 Islamabad', '32424243242424', '22041313666296011747392487.png', '2013-04-09 00:00:00', '', '25d55ad283aa400af464c76d713c07ad', 'New member', '0.99424200 1366629601550e1bafe077ff0b0b67f4e32f29d751', '0', 2, '2013-05-06 10:44:52', '2013-05-06 10:44:52', '2013-04-22 11:20:01', 0, 'http://localhost/GulbergEmpire/storage/web/source'),
(65, '9', '23041313666995021859549647.jpg', '09', 'Sher', 'Shah', 'Sher Shah', 'no-photo.png', 'Qalander Shah', 'Naveed Shaheed Road Zulfiqarabad P.O  Jutial Gilgit', 'Naveed Shaheed Road Zulfiqarabad P.O  Jutial Gilgit.', '05811-920710', '05811-451520', '0355-5123747', '', 'Engineer', 'Pakistan', '0000-00-00', '71501-0219002-1', '23041313666995021670796036.jpg', 'Faryal Shah', 'Daughter', 'Naveed Shaheed Road Zulfiqarabad P.O  Jutial Gilgit..', '', 'no-cnic.png', '0000-00-00 00:00:00', '', '374bde52ca23354b954ab37a96ddb9a4', 'Nominee CNIC Missing', '0.34982100 136669950261f85d58f6189b37d957e37fbfc1bd47', '0', 1, '2013-04-23 06:45:02', '2013-04-23 06:45:02', '2013-04-23 06:45:02', 0, 'http://localhost/GulbergEmpire/storage/web/source'),
(66, '10', 'no-cnic.png', '010', 'Sardar', 'Shah', 'Sardar Shah', 'no-photo.png', 'Suleman Shah', 'Village Sherqillah, Tehsil Punial, District Ghizer, Gilgit-Baltistan', 'Village Sherqillah, Tehsil Punial, District Ghizer, Gilgit-Baltistan', '', '', '', '', '', 'Pakistan', '0000-00-00', '71501-8046251-9', '23041313667014541959356900.jpg', '', '', '', '', 'no-cnic.png', '0000-00-00 00:00:00', '', 'd6966eb4cf4c41637be7bad829737230', 'Membership Form and Nominee CNIC Misssing', '0.01547800 1366701454d3ce7d65d184d923e9a5787b9c0bba11', '0', 1, '2013-04-23 07:17:34', '2013-04-23 07:17:34', '2013-04-23 07:17:34', 0, 'http://localhost/GulbergEmpire/storage/web/source'),
(67, '11', '23041313667045801237858313.jpg', '011', 'Muhammad', 'Khan', 'Muhammad Hanif Khan', 'no-photo.png', 'Muhammad Issa Khan', 'Flat # B-5 Karim Plaza, Phase 4, Federal B Area, Block 7 Karachi.  ', 'JK # 9, Muhammadabad, Danyore Gilgit.', '', '021-36312383', '0322-2426121', '', 'Student', 'Pakistan', '0000-00-00', '42000-3575530-9', '2304131366704580130527547.jpg', '', '', '', '', 'no-cnic.png', '2012-05-15 00:00:00', '', '2edec1de6611cb65f1800a47c64df8a8', 'Nominee CNIC is Missing', '0.96500600 1366704580c007837fe6f6472d35c4719d1765f891', '0', 1, '2013-04-23 08:09:40', '2013-04-23 08:09:40', '2013-04-23 08:09:40', 0, 'http://localhost/GulbergEmpire/storage/web/source'),
(68, '12', 'no-cnic.png', '012', 'Abdul', 'Malik', 'Abdul Malik', 'no-photo.png', 'Abdul Ali', 'AKRSP Core Office Babar Road Kashrot Gilgit.', 'Dalat P.O & Tehsil Aliabad, District Hunza-Nagir, Gilgit-Baltistan', '', '', '0343-5594934', '', '', 'Pakistan', '0000-00-00', '71504-0387447-1', '23041313667062011751570272.jpg', '', '', '', '', 'no-cnic.png', '0000-00-00 00:00:00', '', '9b41b0533be01080320e1d997f8b6c68', 'Membership and Nominee CNIC Missing', '0.52882800 13667062014490a0a9e71d908a540b69b9c1995d93', '0', 1, '2013-04-23 08:36:41', '2013-04-23 08:36:41', '2013-04-23 08:36:41', 0, 'http://localhost/GulbergEmpire/storage/web/source'),
(69, '13    270', '2404131366786414969694268.jpg', '013  0270', 'Nazi', 'Sabi', 'Nazir Sabir', 'no-photo.png', 'Saddat Shah', 'H# 434, St# 2, G-9/3 Islamabad.', 'Village & Tehsil Aliabad, District Hunza-Nagir, Gilgit-Baltistan.', '051-2252553  ', '051-2252580 ', '0333-5221198', '', '', 'Pakistan', '0000-00-00', 'not given', 'no-cnic.png', '', '', '', '', 'no-cnic.png', '1989-05-02 00:00:00', '', 'nazirsabir13', 'CNIC, Nominee CNIC and Photos Missing', '0.92721900 1366786414b7b351bb8295f70c7184e91d677d398b', '0', 1, '2013-04-24 06:53:34', '2013-09-05 07:37:52', '2013-04-24 06:53:34', 0, 'http://localhost/GulbergEmpire/storage/web/source'),
(70, '14', '2404131366787676908038065.jpg', '014', 'Liaqat', 'Ali', 'Liaqat Ali', 'no-photo.png', 'Umar Hayat', 'H# 15, St# 03, Block 7 Sargodha', 'H# 15, St# 03, Block 7 Sargodha', '', '', '0300-6058701', '', '', 'Pakistan', '0000-00-00', 'Non Available 14', 'no-cnic.png', '', '', '', '', 'no-cnic.png', '1989-05-02 00:00:00', '', '974a871f9004bd8eaca79062ea7672ab', 'CNIC Member, CNIC Nominee & member photos missing', '0.86090200 13667876768a9a5b0ad3e2c02b724c6da4e47e5812', '0', 1, '2013-04-24 07:14:36', '2013-04-24 07:14:36', '2013-04-24 07:14:36', 0, 'http://localhost/GulbergEmpire/storage/web/source'),
(71, '15', '25041313668705801542919044.jpg', '015', 'Muhammad', 'Yousuf', 'Muhammad Yousuf', 'no-photo.png', 'Haji Umar Hayat', 'House# 15 , Block # 27 Sargodha', 'House# 15 , Block # 27 Sargodha', '', '', '', '', '', 'Pakistan', '0000-00-00', 'Non Available 15', 'no-cnic.png', '', '', '', '', 'no-cnic.png', '0000-00-00 00:00:00', '', 'a24f873900f9cb7a359ae5e840b23eba', 'CNIC of Member, Member Photo, Nominee CNIC Missing', '0.11977600 1366870580ab8bcc1347c47a98506ab4e42e85cfa8', '0', 1, '2013-04-25 06:16:20', '2013-04-25 06:16:20', '2013-04-25 06:16:20', 0, 'http://localhost/GulbergEmpire/storage/web/source'),
(72, '16', 'no-cnic.png', '016', 'Gulab', 'Shah', 'Gulab Shah', 'no-photo.png', 'Aqil Shah', 'Rizwan General Store Al-Sabah Chowk, Sonikot Jutial Gilgit ', 'Al-Sabah Chowk, Sonikot Jutial Gilgit ', '', '0341-8814391', '0346-9118451', 'qasimali76@yahoo.com', 'Business Man', 'Pakistan', '0000-00-00', '71504-0386959-5', 'no-cnic.png', 'Qasim Ali', 'Son', 'Al-Sabah Chowk, Sonikot Jutial Gilgit ', '71504-0388878-9', 'no-cnic.png', '2012-12-28 00:00:00', '', 'gulabshah16', '', '0.87099300 136687556474be16979710d4c4e7c6647856088456', '0', 2, '2013-04-25 07:39:24', '2013-04-25 07:46:28', '2013-04-25 07:39:24', 0, 'http://localhost/GulbergEmpire/storage/web/source'),
(73, '17', '25041313668782981567898326.jpg', '017', 'Ahmadullah', 'Baig', 'Ahmadullah Baib', 'no-photo.png', 'Pirullah Baig', 'Diramishal Karimabad P.O & Tehsil Aliabad, District Hunza-Nagir, Gilgit-Baltistan', 'Diramishal Karimabad P.O & Tehsil Aliabad, District Hunza-Nagir, Gilgit-Baltistan', '52343', '55887', '', '', '', 'Pakistan', '0000-00-00', '71502-1835098-3', '25041313668782981371948115.jpg', '', '', '', '', 'no-cnic.png', '1989-05-12 00:00:00', '', 'ahmadullahbaig17', 'Member Photo &Nominee CNIC Missing', '0.62738700 13668782984c767e18e7f11bf5f87d383cfb052b68', '0', 1, '2013-04-25 08:24:58', '2013-04-25 08:26:28', '2013-04-25 08:24:58', 0, 'http://localhost/GulbergEmpire/storage/web/source'),
(74, '18', '25041313668820501705538986.jpg', '018', 'Ali', 'Madad', 'Ali Madad', 'no-photo.png', 'Niat Shah', 'C/O Abdul Aziz 230/1 D.Croz Road Garden East Karachi', 'Shop# 149, Shah Khan Block NLI Market Gilgit', '', '05811-452625', '', '', '', 'Pakistan', '0000-00-00', 'Non Available 14 18', 'no-cnic.png', '', '', '', '', 'no-cnic.png', '1989-05-02 00:00:00', '', '90c79458b954f2bc9f7ded622c4870bb', 'NIC Member, NIC Nominee adn Member Photo Missing', '0.18038400 1366882050109f4d0f4ae51ed47468397dc725ef19', '0', 1, '2013-04-25 09:27:30', '2013-04-25 09:27:30', '2013-04-25 09:27:30', 0, 'http://localhost/GulbergEmpire/storage/web/source'),
(75, '19', '2504131366885180942210620.jpg', '019', 'Arab ', 'Khan', 'Arab Khan', 'no-photo.png', 'Shukrullah Baig', 'Zulfiqar Abad, P.O Jutial Gilgit', 'Zulfiqar Abad, P.O Jutial Gilgit', '', '', '', '', 'Business Man', 'Pakistan', '0000-00-00', 'Non Available 19', 'no-cnic.png', '', '', '', '', 'no-cnic.png', '0000-00-00 00:00:00', '', '46bd1c2e34ceed91d1e53604d2b8e93b', 'Member NIC, Member Photo & Nominee CNIC', '0.08496200 136688518006da2dae47baccd503bdfc773ccfd5da', '0', 0, '2013-04-25 10:19:40', '2013-04-25 10:19:40', '2013-04-25 10:19:40', 0, 'http://localhost/GulbergEmpire/storage/web/source'),
(76, '20', 'no-cnic.png', '020', 'Ali', 'Khan', 'Ali Khan', 'no-photo.png', 'Dolat Jan', 'Pasban Bakery, Heli Chowk, Jutial Gilgit.', 'Dahimal Tehsil Gupis, District Ghizer, Gilgit-Baltistan', '05811-455027 ', '05811-455553', '0346-521652195', '', 'Lawyer', 'Pakistan', '0000-00-00', 'Non Available 20', 'no-cnic.png', '', '', '', '', 'no-cnic.png', '1989-05-02 00:00:00', '', '73d8c731aae22b9f3be8b95ecfbdae2f', 'Member & Nominee CNIC Missing', '0.45103000 13668865987e1bb55f7b311c804315ed4187d3d07c', '0', 1, '2013-04-25 10:43:18', '2013-04-25 10:43:18', '2013-04-25 10:43:18', 0, NULL),
(77, '21', '2504131366891317817639578.jpg', '021', 'Shah', 'Nazim', 'Shah Nazim Khan', 'no-photo.png', 'Shah Rais Khan', 'Sherqillah Tehsil Punial, District Ghizer, Gilgit-Baltistan', 'Sherqillah Tehsil Punial, District Ghizer, Gilgit-Baltistan', '', '05814-451256', '00966-508909607', '', 'Doctor', 'Pakistan', '0000-00-00', '37405-0225003-1', '25041313668913171995288174.jpg', 'Asiya Parveen', 'Wife', 'Sherqillah Tehsil Punial, District Ghizer, Gilgit-Baltistan', '37405-0276159', '25041313668913172093085428.jpg', '0000-00-00 00:00:00', '', '5208c326317b8dc7e5c7565304f10d49', '', '0.44720900 1366891317c717475d9b97623394d373f88590b923', '0', 1, '2013-04-25 12:01:57', '2013-04-25 12:01:57', '2013-04-25 12:01:57', 0, NULL),
(78, '22', 'no-cnic.png', '022', 'Mehboob', 'Alam', 'Mehboob Alam', 'no-photo.png', 'Ameer Hayat', '\r\nMohalla Aga Khan Abad Village and      \r\n P.O. Aliabad, Distt.Hunza Nager, Gilgit"\r\n', '\r\nMohalla Aga Khan Abad Village and      \r\n P.O. Aliabad, Distt.Hunza Nager, Gilgit"\r\n', '', '', '0346-5257344', '', 'Private Service', 'Pakistan', '0000-00-00', '71502-1428662-5', '2804131367143448100798611.jpg', '', '', '', '', 'no-cnic.png', '0000-00-00 00:00:00', '', '79b9fd3ae543755ef51653c9395e09bd', 'Membership Form & Nominee CNIC Missing', '0.28212900 136714344832a32b26210b0938b0c2c635279b85c1', '0', 1, '2013-04-28 10:04:08', '2013-04-28 10:04:08', '2013-04-28 10:04:08', 0, NULL),
(79, '23', '28041313671451281894042369.jpg', '023', 'Nazar', 'Shah', 'Nazar Shah', 'no-photo.png', 'Qadeer Shah', ' Airport Road,        \r\nGilgit-Baltistan', ' Airport Road,        \r\nGilgit-Baltistan', '', '', '0345-5199149', '', '', 'Pakistan', '0000-00-00', 'Non Available 23', 'no-cnic.png', '', '', '', '', 'no-cnic.png', '0000-00-00 00:00:00', '', '0b5730a1fc3a35f0f45baf75b1a98a21', 'Photographs, Member CNIC & Nominee CNIC Missing', '0.85073000 1367145128d5f12576de1fe4715ff7fd1327be4242', '0', 1, '2013-04-28 10:32:08', '2013-04-28 10:32:08', '2013-04-28 10:32:08', 0, NULL),
(80, '24', 'no-cnic.png', '024', 'Iqbal', 'Rasool', 'Iqbal Rasool', 'no-photo.png', 'Ehsan Ali', '  Mohalla Shireenabad, Village and P.O Danyore,  Distt. Gilgit\r\n', '  Mohalla Shireenabad, Village and P.O Danyore,  Distt. Gilgit\r\n', '', '051-4411095', '0346-5350550', '', '', 'Pakistan', '0000-00-00', '71501-9969853-1', 'no-cnic.png', '', '', '', '', 'no-cnic.png', '0000-00-00 00:00:00', '', '9b7fbcdcb571a724c9601b320d934102', 'CNIC, Membership form, Photographs, Nominee CNIC Missing', '0.27257400 1367146969dc3f3c46ae9b7a479551196115217734', '0', 1, '2013-04-28 11:02:49', '2013-04-28 11:02:49', '2013-04-28 11:02:49', 0, NULL),
(81, '25', '28041313671491181052124085.jpg', '025', 'Haji', 'Jan', 'Haji Jan', 'no-photo.png', 'Amin', 'Village & P.O Danyore Gilgit', 'Village & P.O Danyore Gilgit', '', '', '0344-9482811', '', '', 'Pakistan', '0000-00-00', 'Non Available 25', 'no-cnic.png', '', '', '', '', 'no-cnic.png', '1989-05-02 00:00:00', '', '3831529ce524150a6cc844f2401bef69', 'Photograph, CNIC, Nominee CNIC Missing', '0.56252600 13671491183290653d6884b401f0fffcb01cb93306', '0', 1, '2013-04-28 11:38:38', '2013-04-28 11:38:38', '2013-04-28 11:38:38', 0, NULL),
(84, '27', '29041313672225491896038299.jpg', '027', 'Hassan', 'Khan', 'Hassan Khan', 'no-photo.png', 'Ahmad Ali', 'Yousuf Steel Corporation Danyore Chowk Danyore Gilgit.', 'JK# 4 Danyore Gilgit', '', '05811-456379', '0343-8921173', '', 'Business Man', 'Pakistan', '0000-00-00', '71501-0213375-1', '29041313672225491280154139.jpg', 'Naeem Khan', '', '', '71501-0210483-9', 'no-cnic.png', '1988-07-28 00:00:00', '', 'hassankhan27', 'Nominee CNIC Missing', '0.45797000 1367222549987c02d8f67116b4fbd8e3bab8e530f9', '0', 1, '2013-04-29 08:02:29', '2013-04-29 08:16:12', '2013-04-29 08:02:29', 0, NULL),
(85, '28', '29041313672261931796643357.jpg', '028', 'Dildar', 'Shah', 'Dildar Shah', 'no-photo.png', 'Ziarat Shah', 'St# 2 H# 22 Mujahid Colony Konodas Gilgit', 'Village Hussainabad PO Sikandar Abad  Tehsil Aliabad District Hunza-Nagir, Gilgit-Baltisatan    ', '', '05811-453821', '0355-5110128', '', 'Rtd. Engineer', 'Pakistan', '0000-00-00', '71501-0215254-1', '2904131367226193715865561.jpg', 'Khairul Nisa', 'Wife', 'St# 2 H# 22 Mujahid Colony Konodas Gilgit', '71501-0210626-4', '2904131367226193149752605.jpg', '0000-00-00 00:00:00', '', '8bb6fe125d65a23cb972a305065f4b77', '', '0.92902800 1367226193f198e2de83916ed2040f6bd3afebdc38', '0', 1, '2013-04-29 09:03:13', '2013-04-29 09:03:13', '2013-04-29 09:03:13', 0, NULL),
(86, '29', '29041313672293511978150549.jpg', '029', 'Shahbaz', 'Khan', 'Shahbaz Khan', 'no-photo.png', 'Sher Bacha', 'Gahkuch MC, Tehsil Punial, District Ghizer, Gilgit-Baltistan', 'Gahkuch MC, Tehsil Punial, District Ghizer, Gilgit-Baltistan', '05811-920906', '05814-51026', '03468488000', '', 'Govt Service', 'Pakistan', '0000-00-00', '71402-0747739-7', '2904131367229351470339539.jpg', 'Gul Iran', 'Wife', 'Gahkuch MC, Tehsil Punial, District Ghizer, Gilgit-Baltistan', '71402-5628042-8', 'no-cnic.png', '0000-00-00 00:00:00', '', 'c57ce008737a9e60d2376f7cd1887a85', 'Nominee CNIC Missing', '0.25787000 13672293514e428d6b3e0ab0105dcb2bc267a49d09', '0', 1, '2013-04-29 09:55:51', '2013-04-29 09:55:51', '2013-04-29 09:55:51', 0, NULL),
(87, '30', '2904131367232140480899496.jpg', '030', 'Murad', 'Shah', 'Murad Shah', 'no-photo.png', 'Mubarak Shah', 'Village Gitch, Tehsil Punial District Ghizer, Gilgit-Baltistan.', 'Village Gitch, Tehsil Punial District Ghizer, Gilgit-Baltistan.', '', '05814-400367', '03475247262', '', 'Rtd. Engineer', 'Pakistan', '0000-00-00', '71402-5849359-3', '2904131367232140820237146.jpg', 'Basharat Hussain', 'Son', 'Village Gitch, Tehsil Punial District Ghizer, Gilgit-Baltistan.', '71402-5609966-9', '29041313672321402084190945.jpg', '1989-05-02 00:00:00', '', 'muradshah30', 'NIC Member Missing', '0.82939500 1367232140fa9a67278ee537a6336abf4e48b6dfce', '0', 1, '2013-04-29 10:42:20', '2013-04-29 10:53:36', '2013-04-29 10:42:20', 0, NULL),
(88, '31', 'no-cnic.png', '031', 'Faryad', 'Khan', 'Faryad Khan', 'no-photo.png', '', 'Village Gahkuch, Tehsil Punial, District Ghizer, Gilgit-Baltistan', 'Village Gahkuch, Tehsil Punial, District Ghizer, Gilgit-Baltistan', '', '', '', '', '', 'Pakistan', '0000-00-00', 'Non Available 31', 'no-cnic.png', '', '', '', '', 'no-cnic.png', '1989-05-02 00:00:00', '', 'd915b398ef6be4fe537d10c2f51d86a1', 'All the requirements missing', '0.65611100 1367233342837d22bd476d6f7f28c16ce46a1b3a5e', '0', 1, '2013-04-29 11:02:22', '2013-04-29 11:02:22', '2013-04-29 11:02:22', 0, NULL),
(89, '33', '29041313672355372129342669.jpg', '033', 'Sirbaz', 'Khan', 'Sirbaz Khan', 'no-photo.png', 'Mirbaz Khan', 'Ikhtibar RCC Mnufacturing, Near Family Health Hospital, Jutial Gilgit', 'Village Oshikhandas, Tehsil & District Gilgit', '', '', '', '', '', 'Pakistan', '0000-00-00', '71501-4237505-7', '2904131367235537992905550.jpg', '', '', '', '', 'no-cnic.png', '0000-00-00 00:00:00', '', 'sirbazkhan33', 'except cnic all other documents missing', '0.43436800 13672355377a1f6799c482606e210974f256ba81d7', '0', 1, '2013-04-29 11:38:57', '2013-10-09 09:06:33', '2013-04-29 11:38:57', 0, NULL),
(90, '36', '30041313673004281664746285.jpg', '036', 'Rozina', 'Rahim', 'Rozina Rahim', 'no-photo.png', 'Rahim Qasim Ali', 'H# 499, St# 52, G-9/1 Islamabad ', 'H# 499, St# 52, G-9/1 Islamabad ', '', '', '', '', '', 'Pakistan', '0000-00-00', 'Non Available 36', 'no-cnic.png', '', '', '', '', 'no-cnic.png', '1989-05-02 00:00:00', '', 'rozinarahim36', 'All of the record missing', '0.89006900 1367300428732d25103dbcef041ee5e45b8ac23967', '0', 1, '2013-04-30 05:40:28', '2013-04-30 05:55:06', '2013-04-30 05:40:28', 0, NULL),
(91, '37', '3004131367302752614073512.jpg', '037', 'Noorul', 'Ain', 'Noorul Ain', 'no-photo.png', 'Mehtar Jan', 'Mohallah Aminabad, P.O Jutial, District Gilgit.', 'Mohallah Aminabad, P.O Jutial, District Gilgit.', '', '', '', '', '', 'Pakistan', '0000-00-00', '71501-0213504-4', 'no-cnic.png', '', '', '', '', 'no-cnic.png', '1989-05-02 00:00:00', '', 'c0b0dc89f2493149e70830a1887d27e7', 'all the records missing', '0.12084900 13673027523ab80a8e804eec408394841186a494f5', '0', 1, '2013-04-30 06:19:12', '2013-04-30 06:19:12', '2013-04-30 06:19:12', 0, NULL),
(92, '38', '30041313673053151690917528.jpg', '038', 'Iqba', 'Jan', 'Iqbal Jan', 'no-photo.png', 'Muhammad Sharif', 'Village Gindai, Tehsil Yasin, District Ghizer, Gilgit-Baltistan.', 'Village Gindai, Tehsil Yasin, District Ghizer, Gilgit-Baltistan.', '', '05811-52683', '', '', '', 'Pakistan', '0000-00-00', '71401-2697606-5', '3004131367305315286796928.jpg', '', '', '', '', 'no-cnic.png', '1989-07-08 00:00:00', '', '55292e9f94ce45d3c3a6949c151cd17b', 'Nominee CNIC is Missing', '0.73160100 1367305315a80903d1c939825bde2dc8f7709b8021', '0', 1, '2013-04-30 07:01:55', '2013-04-30 07:01:55', '2013-04-30 07:01:55', 0, NULL),
(93, '40', '3004131367306659769282251.jpg', '040', 'Muhammad ', 'Ismail', 'Muhammad Ismail Yar', 'no-photo.png', 'Muhammad Yar Khan', 'H# 10,St# 1, Wahdat Colony, Public Chowk, Jutial Gilgit', 'H# 10,St# 1, Wahdat Colony, Public Chowk, Jutial Gilgit', '', '05811-455241', '0345-5930705', '', '', 'Pakistan', '0000-00-00', '71501-8734910-5', 'no-cnic.png', '', '', '', '', 'no-cnic.png', '1989-05-13 00:00:00', '', 'f6457a66f9f9b1cea1fa4e7772146c03', 'CNIC Member, CNIC Nominee & Membership form Missing', '0.87664000 1367306659c439ffedf90940e24f37369f2ee2724a', '0', 1, '2013-04-30 07:24:19', '2013-04-30 07:24:19', '2013-04-30 07:24:19', 0, NULL),
(94, '41', '3004131367318401846581618.jpg', '041', 'Faraj', 'Khan', 'Faraj Khan', 'no-photo.png', 'Ghulam Muhammad', 'Tehsil Punial, District Ghizer, Gilgit Baltistan', 'Tehsil Punial, District Ghizer, Gilgit-Baltistan', '', '', '', '', '', 'Pakistan', '0000-00-00', 'Non Available 41', 'no-cnic.png', '', '', '', '', 'no-cnic.png', '1989-05-13 00:00:00', '', '0a7ad675cd852b545beadbd3ecc067fa', 'All of the requirements missing', '0.65173500 13673184011382957bfeaf4fc98fe10d9528aa933f', '0', 1, '2013-04-30 10:40:01', '2013-04-30 10:40:01', '2013-04-30 10:40:01', 0, NULL),
(95, '43', '3004131367325044406134383.jpg', '043', 'Allah', 'Ditta', 'Allah Ditta', 'no-photo.png', 'Qasim Ali', 'H# 449, ST# 51, G-9/1 Islamabad', 'H# 449, ST# 51, G-9/1 Islamabad', '', '051-2256425', '', '', '', 'Pakistan', '0000-00-00', 'Non Available 42', 'no-cnic.png', '', '', '', '', 'no-cnic.png', '1989-05-13 00:00:00', '', 'allahditta43', 'Member CNIC, Nominee CNIC & Member Photo Missing', '0.31919900 1367325044c5edb918399ffe9bf072fc2feed8d1f0', '0', 1, '2013-04-30 12:30:44', '2013-04-30 12:39:22', '2013-04-30 12:30:44', 0, NULL),
(96, '44', '02051313674727921861907719.jpg', '044', 'Jaffar ', 'Ali', 'Jaffar Ali', 'no-photo.png', 'Muhammad Sharif', 'Sharif Jewelers, New Sarafa\r\nBazar, Block-3, Sargodha', 'Sharif Jewelers, New Sarafa\r\nBazar, Block-3, Sargodha', '0483-728689', '', '0321-8425247', '', '', 'Pakistan', '0000-00-00', 'Non Available 44', 'no-cnic.png', '', '', '', '', 'no-cnic.png', '1989-05-13 00:00:00', '', '244b84dabc6df14c0ed8de00d18e643d', 'Member Photo, Member CNIC & Nominee CNIC Missing', '0.55395700 1367472792a3afb5ec262bea75ab3ff0695fbd51e0', '0', 1, '2013-05-02 05:33:12', '2013-05-02 05:33:12', '2013-05-02 05:33:12', 0, NULL),
(97, '45', '02051313674748991570167019.jpg', '045', 'Amir', 'Ali', 'Amir Ali', 'no-photo.png', 'Karwan', 'Statelife Insurance Office, Azaan Market Gilgit.', 'Mohallah Zulfiqarabad, Near Jamat Khana, Jutial Gilgit.', '05811-452915', '05811-455886', '0346-5226646', '', 'Private Service', 'Pakistan', '0000-00-00', '71504-0387028-1', '02051313674748991987348711.jpg', 'Naseem Bano', 'Wife', 'Mohallah Zulfiqarabad, Near Jamat Khana, Jutial Gilgit.', '71504-0379324-0', 'no-cnic.png', '2013-02-07 00:00:00', '', 'fac744b6eec7b5e399acd5f7915b7d88', 'Nominee CNIC is Missing', '0.01025200 1367474899e7a1886be8cc4e6c496d64258945d8f6', '0', 2, '2013-05-02 06:08:19', '2013-05-02 06:08:19', '2013-05-02 06:08:19', 0, NULL),
(98, '46', '0205131367476890626156536.jpg', '046', 'Ali', 'Muhammad', 'Ali Muhammad', 'no-photo.png', 'Rehmat Ali', 'H # 460,St # 51, G-9/1\r\nIslamabad', 'H # 460,St # 51, G-9/1\r\nIslamabad', '', '051-2850688', '0331-5321799', '', '', 'Pakistan', '0000-00-00', '61101-2013953-5', '0205131367476890581531008.jpg', 'Samina Yasmeen', '', 'H # 460,St # 51, G-9/1\r\nIslamabad', '', 'no-cnic.png', '1990-03-23 00:00:00', '', 'ea4ba5ece9909360506c63075e57269f', 'Member Phot & Nominee CNIC Missing', '0.59374300 1367476890b5fc7f843c3ee8ddb9ad4d6b7a2259a2', '0', 1, '2013-05-02 06:41:30', '2013-05-02 06:41:30', '2013-05-02 06:41:30', 0, NULL),
(99, '47', '0205131367480523831782644.jpg', '047', 'Muhammad', 'Nabi', 'Muhammad Nabi Khan', 'no-photo.png', 'Johar Ali Khan', 'Naveed Shaheed Road Zulfiqarabad, Jutial Gilgit.', 'Naveed Shaheed Road Zulfiqarabad, Jutial Gilgit.', '05811-455435', '05811-455435', '0313-7755435 0313-3355435', '', '', 'Pakistan', '0000-00-00', '71401-7369724-7', '0205131367480523803509889.jpg', '', '', '', '', 'no-cnic.png', '1989-05-15 00:00:00', '', 'muhammadnabi47', 'Nominee CNIC Missing', '0.68443900 13674805233f2ec05ba14413ccfd2790cae064547c', '0', 1, '2013-05-02 07:42:03', '2013-05-02 07:52:33', '2013-05-02 07:42:03', 0, NULL),
(100, '48', '02051313674824811408025844.jpg', '048', 'Ahmad', 'Karim', 'Ahmed Karim', 'no-photo.png', 'Rahmatullah', 'Prince Market, College Road Skardu, Gilgit-Baltistan', 'Prince Market, College Road Skardu, Gilgit-Baltistan', '', '', '0307-8555500', '', '', 'Pakistan', '0000-00-00', '71103-332667-3', '02051313674824811660064419.jpg', '', '', '', '', 'no-cnic.png', '2010-10-01 00:00:00', '', 'd476534361ab1cfac38cfafd426b82c6', 'Nominee CNIC Missing', '0.30743000 136748248162c351df433052bf360a8ef206b4cf38', '0', 1, '2013-05-02 08:14:41', '2013-05-02 08:14:41', '2013-05-02 08:14:41', 0, NULL),
(101, '49', '02051313674853881353898871.jpg', '049', 'Inayat', 'Ali', 'Inayat Ali', 'no-photo.png', 'Qurban Ali', 'Village  and  P.O. Shamshal\r\nDisst. Hunza Nagar, Gilgit-Baltistan', 'Village  and  P.O. Shamshal\r\nDisst. Hunza Nagar, Gilgit-Baltistan', '', '', '', '', '', 'Pakistan', '0000-00-00', '61101-9854580-5', '02051313674853881836022141.jpg', '', '', '', '', 'no-cnic.png', '2010-03-02 00:00:00', '', '50b9d5f958dc1b9260c6f4dcd10f9939', 'Nominee CNIC Missing', '0.41154500 1367485388a8785f2f0445c3f5efd7950e9252e81d', '0', 1, '2013-05-02 09:03:08', '2013-05-02 09:03:08', '2013-05-02 09:03:08', 0, NULL),
(102, '51', '0405131367646174456480899.jpg', '051', 'Moula ', 'Madad', 'Moula Madad', 'no-photo.png', 'Muakar Shah', 'Altit Hunza, P.O Karimabad, Distt. Hunza-Nagir, Gilgit-Baltistan', 'Altit Hunza, P.O Karimabad, Distt. Hunza-Nagir, Gilgit-Baltistan', '', '', '0346-9749461', '', '', 'Pakistan', '0000-00-00', '71502-4917807-7', '04051313676461741896635477.jpg', '', '', '', '', 'no-cnic.png', '1989-05-15 00:00:00', '', '879cba22bcbab13e2fc3d0146cf88ce8', 'Member Photo & Nominee CNIC is Missing', '0.56078600 1367646174acf053b496784cf52c40b8d78acaa101', '0', 1, '2013-05-04 05:42:54', '2013-05-04 05:42:54', '2013-05-04 05:42:54', 0, NULL),
(103, '52', '04051313676488201860703203.jpg', '052', 'Willayat ', 'Ali', 'Willayat Ali', 'no-photo.png', 'Abdul Ghani', 'Salmanabad Altit, P.O Karimabad, Tehsil Aliabad, District Hunza-Nagir, Gilgit-Baltistan', 'Salmanabad Altit, P.O Karimabad, Tehsil Aliabad, District Hunza-Nagir, Gilgit-Baltistan', '', '05813-480565', '0355-5270973', '', 'Govt Service', 'Pakistan', '0000-00-00', '71502-1015259-9', '04051313676488201568226752.jpg', 'Rehmat Ali', 'Son', 'Salmanabad Altit, P.O Karimabad, Tehsil Aliabad, District Hunza-Nagir, Gilgit-Baltistan', '42101-3281356-1', 'no-cnic.png', '0000-00-00 00:00:00', '', '70e438c2a9d8146085f5371807fcc4f8', 'Nominee CNIC is Missing', '0.44230500 1367648820c73a68bdd680dcfdc0a8cf78fa2e9e0c', '0', 2, '2013-05-04 06:27:00', '2013-05-04 06:27:00', '2013-05-04 06:27:00', 0, NULL),
(104, '53', '0405131367652298463071694.jpg', '053', 'Amir', 'Khan', 'Amir Ali Khan', 'no-photo.png', 'Sher Nayab Khan', 'H# S.A-89, st# 02, Sadiqabad, Rawalpindi', 'Village Bilphok, Tehsil Chitral, P.O & Distt. Chitral\r\n', '', '', '0336-5699930 0321-5090208', 'aali_hoap@yahoo.com', 'Private Service', 'Pakistan', '0000-00-00', '15201-0569821-9', 'no-cnic.png', 'Fozia Ali', 'Wife', '\r\nVillage Bilphok, Tehsil Chitral, P.O & Distt. Chitral', '71402-4496735-0', 'no-cnic.png', '2013-05-02 00:00:00', '', 'amiralikhan53', 'Member Photo & Nominee CNIC is missing', '0.06555000 13676522995de18ba964cbe86b1ba991119a5ccde6', '0', 1, '2013-05-04 07:24:59', '2013-10-09 10:49:51', '2013-05-04 07:24:59', 0, NULL),
(105, '54', '04051313676606781688547038.jpg', '054', 'Tawalud', 'Shah', 'Tawalud Shah', 'no-photo.png', 'Niat Shah', 'Sultanabad P/O Danyore, Tehsil & Distt.Gilgit', 'Sultanabad P/O Danyore, Tehsil & Distt.Gilgit', '', '05811-456053', '0346-5227530', '', '', 'Pakistan', '0000-00-00', '71501-0212741-5', '0405131367660678618224710.jpg', 'Manzoor Hussain', 'Son', 'Sultanabad P/O Danyore, Tehsil & Distt.Gilgit', '71501-3597930-5', 'no-cnic.png', '1989-05-15 00:00:00', '', 'c7eca9f64fbb062330a3678591eddc0b', 'Member Photo & CNIC Missing', '0.84573500 1367660678ce0fd31a3c838cdec6b5e598baf6c82b', '0', 1, '2013-05-04 09:44:38', '2013-05-04 09:44:38', '2013-05-04 09:44:38', 0, NULL),
(106, '55', 'no-cnic.png', '055', 'Noor', 'Ali', 'Noor Ali Baig', 'no-photo.png', 'Hafizullah Baig', 'Baig Hotel Airport Road Gilgit', 'Mohallah Khomer P.O Jutial Tehsil & District Gilgit.', '05811-452984', '05811-455401', '03445001255', '', 'Business Man', 'Pakistan', '0000-00-00', '71501-02307895-1', 'no-cnic.png', '', '', '', '', 'no-cnic.png', '1999-08-15 00:00:00', '', 'nooralibaig5555', 'Nominee CNIC is missing', '0.66610700 136766459337015f9d58ddf716ae687ec390820b57', '0', 1, '2013-05-04 10:49:53', '2013-05-04 10:57:21', '2013-05-04 10:49:53', 0, NULL),
(108, '56', '0705131367911653139987028.jpg', '056', 'Mujeeb', 'Uddin', 'Mujeeb Uddin', 'no-photo.png', 'Ghulam Uddin', 'Village Altit, P.O Karimabad, Tehsil Aliabad, Distt. Hunza-Nagir, Gilgit-Baltistan\r\n', 'Village Altit, P.O Karimabad, Tehsil Aliabad, Distt. Hunza-Nagir, Gilgit-Baltistan\r\n', '', ' 05811-450402-3 ', '', '', '', 'Pakistan', '0000-00-00', 'Non Available 56', 'no-cnic.png', '', '', '', '', 'no-cnic.png', '1989-05-15 00:00:00', '', 'e1e7aa0fea36765bac740f1776dcb253', 'CNIC Member, Photo member and CNIC Nominee is missing', '0.33356600 13679116533613291e3dbbadf6a962c76eb1e35946', '0', 1, '2013-05-07 07:27:33', '2013-05-07 07:48:04', '2013-05-07 07:27:33', 0, NULL),
(109, '57', '0705131367914429581879140.jpg', '057', 'Karim ', 'Jan', 'Karim Ahmad Jan', 'no-photo.png', 'Issa Khan', 'Islamic Development Bank-ICD Jeddah, P.O Box 54069, Jeddah 21514, Saudi-Arabia-KSA', 'P.O.Aliabad, Mohallah Shah Pasand\r\nTehsil Aliabad, Gilgit-Baltistan', '0096626467950', '', '00966546806107', '', 'Banker', 'Pakistan', '0000-00-00', '42201-0506442-3', '07051313679144291792676014.jpg', 'Nahida Karim', 'Wife', 'P.O.Aliabad, Mohallah Shah Pasand\r\nTehsil Aliabad, Gilgit-Baltistan', '71504-0380657-6', '07051313679144291326150453.jpg', '2012-05-05 00:00:00', '', '6b960e05efcb7b3290bc5f9ec186316b', '', '0.05464600 13679144295685016bb4f0b04c3c6a0d8fc5264c26', '0', 1, '2013-05-07 08:13:49', '2013-05-07 08:13:49', '2013-05-07 08:13:49', 0, NULL),
(110, '58', 'no-cnic.png', '058', 'Aziz', 'Ahmed', 'Aziz Ahmed', 'no-photo.png', 'Khairul Hayat', '', '', '00971505045190', '', '0097143365566', '', '', 'Pakistan', '0000-00-00', 'Non Available 58', 'no-cnic.png', '', '', '', '', 'no-cnic.png', '0000-00-00 00:00:00', '', '7b302514c0072026c1c4ac44d1498844', 'All the required documents missing ', '0.93156000 136791479610b3f1853bc3131518e4fd80223cebb1', '0', 1, '2013-05-07 08:19:56', '2013-05-07 08:19:56', '2013-05-07 08:19:56', 0, NULL),
(111, '60', '07051313679202391717874948.jpg', '060', 'Alam', 'Jan', 'Alam Jan', 'no-photo.png', 'Rajab Shah', 'Hunza Gilgit-Baltistan Pakistan', 'Hunza Gilgit-Baltistan Pakistan', '', '', '', '', '', 'Pakistan', '0000-00-00', 'Non Available 60', 'no-cnic.png', '', '', '', '', 'no-cnic.png', '1989-05-15 00:00:00', '', 'f585bc929d2fd19c4b188909ed8d1243', 'CNIC, Nominee CNIC and Member Photograph Missing', '0.75949200 1367920239a8ae7bc29a768ac8bb2afcf7f05fb8a9', '0', 1, '2013-05-07 09:50:39', '2013-05-07 09:50:39', '2013-05-07 09:50:39', 0, NULL),
(112, '61    124', '07051313679211461364214503.jpg', '061    0124', 'Ghulam', 'Qadir', 'Ghulam Qadir', 'no-photo.png', 'Nazar Shah', '54-B Askari-11 Chaklala \r\nScheme Rawalpindi.', 'Village & P.O Danyore, Tehsil & District Gilgit, Pakistan', '', '051-5593461', '', '', 'Govt Service', 'Pakistan', '0000-00-00', 'Non Available 61', 'no-cnic.png', '', '', '', '', 'no-cnic.png', '1989-05-15 00:00:00', '', 'ghulamqadir61', 'CNIC, Nominee CNIC & Member Photograph is Missing', '0.66269500 1367921146b1b0107a487ad4cee2d3c2eac4576efb', '0', 1, '2013-05-07 10:05:46', '2013-08-04 07:08:06', '2013-05-07 10:05:46', 0, NULL),
(113, '62', '07051313679236372144332180.jpg', '062', 'Sher', 'Aman', 'Sher Aman', 'no-photo.png', 'Gohar Aman', 'House # 552, Street # 53 G/9-1\r\nIslamabad', 'Village Sultanabad, P.O Danyore, Tehsil & District Gilgit.', '', '', '0346-5379635  0342-5203322', '', '', 'Pakistan', '0000-00-00', '71501-2438979-9', '07051313679236371188130733.jpg', 'Ali Aman', '', 'Village Sultanabad, P.O Danyore, Tehsil & District Gilgit.', '', 'no-cnic.png', '1989-05-15 00:00:00', '', '7e74a738e9beb54daa15b427e940d4a8', 'Photograph and nominee CNIC missing', '0.86899400 136792363714c25720f174e0821790997422090d7b', '0', 1, '2013-05-07 10:47:17', '2013-05-07 10:47:17', '2013-05-07 10:47:17', 0, NULL),
(114, '64', 'no-cnic.png', '064', 'Adina', 'Khan', 'Adina Khan', 'no-photo.png', 'Dinar Khan', 'Barkutti Yasin, Distt. Ghizer Gilgit-Baltistan.', 'Barkutti Yasin, Distt. Ghizer Gilgit-Baltistan.', '', '', '0323-9902550', '', '', 'Pakistan', '0000-00-00', 'Non Available 64', 'no-cnic.png', '', '', '', '', 'no-cnic.png', '0000-00-00 00:00:00', '', '4fba6438b3f117f648b97e74dcc016e8', 'All the Documents Required Missing', '0.24717700 136792494549ce9593d490ef96d245bea00847ea16', '0', 1, '2013-05-07 11:09:05', '2013-05-07 11:09:05', '2013-05-07 11:09:05', 0, NULL),
(115, '65', '07051313679275821218202458.jpg', '065', 'Fazal', 'Ahmad', 'Fazal Anmad', 'no-photo.png', 'Niamat Shah', 'Danyore JK# 1, Tehsil & District Gilgit, Gilgit-Baltistan', 'Danyore JK# 1, Tehsil & District Gilgit, Gilgit-Baltistan', '', '05811-456146', '0347-5865182', '', 'Retired', 'Pakistan', '0000-00-00', '71501-6865126-7', '0705131367927582689224818.jpg', 'Mushtaq Ahmad, Riaz Ahmad, Ishtiaq Ahmad', 'Son', 'Danyore JK# 1, Tehsil & District Gilgit, Gilgit-Baltistan', '71501-1890585-1     71501-3565766-9    71501-45639', 'no-cnic.png', '1989-05-15 00:00:00', '', '95e9bc4f5f237726f65c3782b7bfb7d1', 'CNIC Copy of Nominee Missing', '0.90468200 13679275829b82bcf352889afe8660a87b76478754', '0', 2, '2013-05-07 11:53:02', '2013-05-07 11:53:02', '2013-05-07 11:53:02', 0, NULL),
(116, '66', '08051313679997621575363052.jpg', '066', 'Qurban', 'Khan', 'Qurban Khan', 'no-photo.png', 'Mirza', 'H# I-513, Sultanabad Colony, Gulbahar Golimar # 1 Karachi', 'Village & P.O Charon, Tehsil & District Chitral', '021-32235052', '021-36622935', '', '', '', 'Pakistan', '0000-00-00', '42101-1729422-9', '08051313679997621845084895.jpg', 'Saif Uddin', 'Son', 'H# I 513, Sultanabad Colony, Gulbahar Golimar # 1 Karachi', '42101-3105018-7', '08051313679997622071822202.jpg', '0000-00-00 00:00:00', '', 'c745b4108549e800ce84f7b4dd5e4d1c', '', '0.15420800 136799976289d874b6b3c93405696470796b58f418', '0', 1, '2013-05-08 07:56:02', '2013-05-08 07:56:02', '2013-05-08 07:56:02', 0, NULL),
(117, '68', '08051313680021291706586300.jpg', '068', 'Muhammad', 'Bhamani', 'Muhammad Ali Bhamani', 'no-photo.png', 'Hashim', 'C/O Iqbal Bardai , 9-B/1 Sattelite Town Rawalpindi     ', '170-Ali Muhammad Garden, Bahmani House, G-3, Britto Road, Garden East Karachi.', '', '', '', '', '', 'Pakistan', '0000-00-00', 'Non Available 68', 'no-cnic.png', '', '', '', '', 'no-cnic.png', '1989-07-27 00:00:00', '', '4fb69b7b63e46243eebd868d9e253a4f', 'CNIC Member, CNIC Nominee, Member Photograph Missing', '0.43260100 13680021293d45922f0eff9f578e6184e511be9916', '0', 1, '2013-05-08 08:35:29', '2013-05-08 08:35:29', '2013-05-08 08:35:29', 0, NULL),
(118, '69', '08051313680035051226549316.jpg', '069', 'Karim', 'Ali', 'Karim Ali', 'no-photo.png', 'Qasim Ali', 'H # 483, St# 52,G-9/1,  Islamabad', 'H # 483, St# 52,G-9/1,  Islamabad', '', '', '', '', '', 'Pakistan', '0000-00-00', 'Non Available 69', 'no-cnic.png', '', '', '', '', 'no-cnic.png', '1989-07-27 00:00:00', '', '21b50e89082ca81a3107384a4964ee6a', 'All the documents missing ', '0.89880300 1368003505acaafdf55fbf4eb9c19c7a0f51362120', '0', 1, '2013-05-08 08:58:25', '2013-05-08 08:58:25', '2013-05-08 08:58:25', 0, NULL),
(119, '70', 'no-cnic.png', '070', 'Sajjad', 'Hussain', 'Sajjad Hussain', 'no-photo.png', 'Rahmat Ali', 'Ward # 7, Inside Pak Gate, \r\nHouse # 506,\r\nMahalla Qazi Jalah, Multan ', 'Ward # 7, Inside Pak Gate, \r\nHouse # 506,\r\nMahalla Qazi Jalah, Multan ', '', '061-4580609', '0300-6344728', '', 'Business Man', 'Pakistan', '0000-00-00', '36302-1526406-8', '0805131368009316266756984.jpg', 'Lubna Sajjad', '', 'Ward # 7, Inside Pak Gate, \r\nHouse # 506,\r\nMahalla Qazi Jalah, Multan ', '36302-6662276-6', 'no-cnic.png', '2010-05-02 00:00:00', '', '1892d5d77dfacabb788c89119bbab455', 'Membership Form, Member Photograph & Nominee CNIC is Missing', '0.51049000 1368009316d85fecabf0dac8ae3c92abc0d019ce5f', '0', 1, '2013-05-08 10:35:16', '2013-05-08 10:35:16', '2013-05-08 10:35:16', 0, NULL),
(120, '71', 'no-cnic.png', '071', 'Muhammad', 'Azam', 'Muhammad Azam', 'no-photo.png', 'Sheikh Nazir Ali', 'House # 421, Block # 04,        \r\nKetchehry Road,\r\nBhalwal, Distt. Sargodha', 'House # 421, Block # 04,        \r\nKetchehry Road,\r\nBhalwal, Distt. Sargodha', '', '048-6643843', '0301-6721837', '', '', 'Pakistan', '0000-00-00', '38401-0216888-3', '08051313680104801841609648.jpg', '', '', '', '', 'no-cnic.png', '0000-00-00 00:00:00', '', '687cb427133de804357abbd895ab0169', 'Membership Form & Nominee CNIC is Missing', '0.11314500 136801048020e2365cf8b9d18f8012cdf58ed2a161', '0', 1, '2013-05-08 10:54:40', '2013-05-08 10:54:40', '2013-05-08 10:54:40', 0, NULL),
(121, '73', '0805131368011642364195667.jpg', '073', 'Gul', 'Faraz', 'Gul Faraz', 'no-photo.png', 'Muhammad Gul', 'Flat # 1, Street # 32, Sec.I-8/2\r\nIslamabad', 'Fida General Store, Near College of Education Jutial Gilgit', '', '', '0345-5321072', '', 'Student', 'Pakistan', '0000-00-00', '61101-2071510-5', 'no-cnic.png', '', '', '', '', 'no-cnic.png', '2011-05-19 00:00:00', '', '6e29c15e6f2b56419f019359ca6e6206', 'nominee CNIC missing', '0.40901700 13680116423940d736da000ab90375e07a8a2cf350', '0', 1, '2013-05-08 11:14:02', '2013-05-08 11:14:02', '2013-05-08 11:14:02', 0, NULL),
(122, '74', '08051313680139932029674302.jpg', '074', 'Rustam', 'Khan', 'Rustam Khan', 'no-photo.png', 'Sher Khan', 'H#448, St# 51 G-9/1 Islamabad', 'H#448, St# 51 G-9/1 Islamabad', '', '(403)5877189167', '(403)671-9051', '', 'Business Man', 'Pakistan', '0000-00-00', '61101-1883652-3', '08051313680139934649292.jpg', 'Karim Khan', 'Wife', 'H#448, St# 51 G-9/1 Islamabad', '61101174-749330-6', 'no-cnic.png', '0000-00-00 00:00:00', '', '75049ed9005d9398abea39381f899890', 'Nominee CNIC Missing', '0.96364800 1368013993766b3a133505467851b1853b4786a4c4', '0', 1, '2013-05-08 11:53:13', '2013-05-08 11:53:13', '2013-05-08 11:53:13', 0, NULL),
(123, '76', '0905131368088867559653589.jpg', '076', 'Muhabi', 'Aman', 'Muhabi Aman Ali Shah', 'no-photo.png', 'Aman Ali Shah', 'C/O  iqbal bardai 9-B/1 Sattelite Town Rawalpindi', '', '', '', ' 0302-8200198 ', '', '', 'Pakistan', '0000-00-00', 'Non Available 76', 'no-cnic.png', '', '', '', '', 'no-cnic.png', '0000-00-00 00:00:00', '', '05d270c8387e1569503a10d37301c279', 'Member Photo, Member CNIC & Nominee CNIC is Missing', '0.31438300 13680888679ef2057e0eb5aa9c509f6e1d9a74fea9', '0', 1, '2013-05-09 08:41:07', '2013-05-09 08:41:07', '2013-05-09 08:41:07', 0, NULL),
(124, '77', '09051313680966741193515059.jpg', '077', 'Muhammad', 'Nawaz', 'Muhammad Nawaz', 'no-photo.png', 'Sabz Ali', 'H # 462, St. # 51,G-9/1,\r\nIslamabad.', 'H # 462, St. # 51,G-9/1,\r\nIslamabad.', '051-5773482', '', '0333-5159190', '', 'Business Man', 'Pakistan', '0000-00-00', '61101-9956240-9', 'no-cnic.png', '', '', '', '', 'no-cnic.png', '1989-08-27 00:00:00', '', 'd46a1c4baf4e4977b38ac4e84dcabdae', 'CNIC Member, Photograph Member & CNIC Nominee Missing', '0.79157600 1368096674d699f7b031b6bd8aa2e4c5c0092bd22d', '0', 1, '2013-05-09 10:51:14', '2013-05-09 10:51:14', '2013-05-09 10:51:14', 0, NULL),
(125, '78', '1405131368526804865704062.jpg', '078', 'Muhabbat', 'Shah', 'Muhabbat Shah', 'no-photo.png', 'Muhammad Yousuf', 'Village Amphary Danyore, Tehsil & District Gilgit', 'Village Amphary Danyore, Tehsil & District Gilgit', '', '05811-456105   ', '0346-077194     0346-9749691', '', 'Business', 'Pakistan', '0000-00-00', '71501-7669720-1', '14051313685268042131099475.jpg', 'Shams Uddin', 'Son', 'Village Amphary Danyore, Tehsil & District Gilgit', '71501-1712010-5', 'no-cnic.png', '0000-00-00 00:00:00', '', '18e650e57b275a434c3325e93c7bc4a1', 'Nominee CNIC Missing', '0.29519500 13685268047708597418e6eed07944b11cce2c2fe8', '0', 1, '2013-05-14 10:20:04', '2013-05-14 10:20:04', '2013-05-14 10:20:04', 0, NULL),
(126, '79', '1405131368527952305756093.jpg', '079', 'Shukrullah', 'Baig', 'Shukrullah Baig', 'no-photo.png', 'Darwaish', '"Shakr ullah Baig\r\nMohalla Zulfiqarabad,  Jutial,                 \r\nDistt.& Teh. Gilgit"\r\n', '"Shakr ullah Baig\r\nMohalla Zulfiqarabad,  Jutial,                 \r\nDistt.& Teh. Gilgit"\r\n', '', '', ' 0344-5299209 ', '', '', 'Pakistan', '0000-00-00', 'Non Available 79', 'no-cnic.png', '', '', '', '', 'no-cnic.png', '1989-08-02 00:00:00', '', '9ec7f41436bed8363280a6fdc92fb882', 'CNIC, Member Photo, Nominee CNIC Missing', '0.92578200 1368527952156155ecc269faf500432980770362ae', '0', 1, '2013-05-14 10:39:12', '2013-05-14 10:39:12', '2013-05-14 10:39:12', 0, NULL),
(127, '80', '2105131369120955165977182.jpg', '080', 'Sarfaraz', 'Shah', 'Sarfaraz Shah', 'no-photo.png', 'Himayat Shah', 'C/O PIA Reservation Office CSD, Opposite to APS, Jutial Gilgit', 'Village Ghulkin, Tehsil Gojal, Distt. Hunza-Nagir, Gilgit-Baltistan', '05811-921348', '05811-45548', '0343-5451154', '', '', 'Pakistan', '0000-00-00', '71501-0211501-1', 'no-cnic.png', '', '', '', '', 'no-cnic.png', '0000-00-00 00:00:00', '', 'd2fa5d689bb119df5f1a9d1b4730abe8', 'Member CNIC Copy, Member Photo & Nominee CNIC is Missing', '0.94606400 13691209557d8b907a341e41af6a150c01f507072f', '0', 1, '2013-05-21 07:22:35', '2013-05-21 07:22:35', '2013-05-21 07:22:35', 0, NULL),
(128, '81', 'no-cnic.png', '081', 'Salim', 'Khan', 'Salim Khan', 'no-photo.png', 'Fazal Khan', 'Pasban General Store, Heli Chowk Jutial, Gilgit', 'Village Dhahimal, Tehsil Gupis, District Ghizer, Gilgit-Baltistan', '', '', ' 0346-9751661 ', '', '', 'Pakistan', '0000-00-00', '71501-2631490-3 (second plot)', 'no-cnic.png', '', '', '', '', 'no-cnic.png', '0000-00-00 00:00:00', '', 'd1eafa8a921c1f8bc9e23f8c77f26782', 'Membership Form & Nominee CNIC is Missing', '0.18054300 1369125275d09be4d48d131428c23f8e8f76320cf3', '0', 1, '2013-05-21 08:34:35', '2013-05-21 08:34:35', '2013-05-21 08:34:35', 0, NULL),
(129, '82', 'no-cnic.png', '082', 'Ghulam', 'Haider', 'Ghulam Haider Khan', 'no-photo.png', 'Muhammad Ibrahim', 'H # 487, St# 52,G-9/1 Islamabad', 'Village Singal, Tehsil Punial, District Ghizer, Gilgit-Baltistan', '', '', ' 0333-3356622 ', '', '', 'Pakistan', '0000-00-00', '35302-9638510-9', 'no-cnic.png', 'Sadiq Ibrahim Khan', 'Brother', 'H # 487, St# 52,G-9/1 Islamabad', '', 'no-cnic.png', '2013-04-18 00:00:00', '', 'ghulamhaider82', 'Nominee CNIC is Missing', '0.69678300 13691292721bf0983153fb8540cf547eb5987be1b9', '0', 1, '2013-05-21 09:41:12', '2013-10-09 09:47:04', '2013-05-21 09:41:12', 0, NULL),
(130, '85-A', '21051313691305351503221323.jpg', '085A', 'Imtiaz', 'Ahmad', 'Imtiaz Ahmad', 'no-photo.png', 'Muhammad Rafi', 'H # 06, St # 21,Block-C,Satelite Town, Rawalpindi', 'Astana, Karimabad Baltit, P.o & Tehsil Aliabad, District Hunza-Nagir, Gilgit-Baltistan', '', '', '0343-5833280 0344-2556927  0343-8500513 ', '', 'Retired', 'Pakistan', '0000-00-00', '71502-1425881-1', '2105131369130535916196496.jpg', 'Ejaz Karim', 'Son', 'Astana, Karimabad Baltit, P.o & Tehsil Aliabad, District Hunza-Nagir, Gilgit-Baltistan', '71502-8409974-9', '21051313691305352064369634.jpg', '0000-00-00 00:00:00', '', 'c7c38f6c61dee386ee14a3049d12b5a4', 'PHOTOGRAPH OF MEMBER MISSING', '0.09474500 136913053571e2c236ab3aa11c5f5351fd993e5a7a', '0', 1, '2013-05-21 10:02:15', '2013-05-21 10:02:15', '2013-05-21 10:02:15', 0, NULL),
(131, '94', '21051313691333441531476527.jpg', '094', 'Ghulam', 'Haider', 'Ghulam Haider', 'no-photo.png', 'Ghulam Ali Dawdani', 'D-383,6th Road,Sattelite Town\r\nRawalpindi', '295-Aminabad Colony, Martin Road Karachi', '', '', ' 0345-5095361 ', '', '', 'Pakistan', '0000-00-00', 'Non Available 94', 'no-cnic.png', '', '', '', '', 'no-cnic.png', '1989-12-29 00:00:00', '', '7394910b7cef125efc088a0e0d21daed', 'Member Phorograph, Member CNIC Copy & Nominee CNIC Copy is Missing', '0.73503600 13691333449f44374e8217fa39cd7eb8351daffa28', '0', 1, '2013-05-21 10:49:04', '2013-05-21 10:49:04', '2013-05-21 10:49:04', 0, NULL),
(132, '101-A', 'no-cnic.png', '0101A', 'Noorani ', 'Naik', 'Noorani Naik Alam', 'no-photo.png', 'Naik Alam', '38/6-A, Block-A, Chara Road,  \r\nNear Bilal Hospital, \r\nSadiqabad, Rawalpindi', 'Altit, P.O Karimabad, Tehsil Aliabad, District Hunza-Nagir, Gilgit-Baltistan ', '', '', ' 0300-8361768 ', '', '', 'Pakistan', '0000-00-00', 'Non Available 101-A', 'no-cnic.png', '', '', '', '', 'no-cnic.png', '0000-00-00 00:00:00', '', '8c24cf30a2306623a2a493de5d57080a', 'All the documents mis', '0.47376200 1369135429a138db0b9883d56f014214ec98e34b94', '0', 1, '2013-05-21 11:23:49', '2013-05-21 11:23:49', '2013-05-21 11:23:49', 0, NULL),
(133, '101-B', '2105131369137390909518558.jpg', '0101B', 'Tura', 'Bibi', 'Tura Bibi', 'no-photo.png', 'Aziz Ahmad Khan', '135/B, Flate # 1, Chandni Chowk, \r\n Near Hamza Motors,Satelite Town\r\n Rawalpindi', '135/B, Flate # 1, Chandni Chowk, \r\n Near Hamza Motors,Satelite Town\r\n Rawalpindi', '', '051-4844084', '0312-5284654  ', '', '', 'Pakistan', '0000-00-00', '37405-686237-8', 'no-cnic.png', '', '', '', '', 'no-cnic.png', '1988-12-31 00:00:00', '', '3cadc93c1ca3f04299992228699b90d8', 'Member photograph, member cnic copy & nominee cnic copy is missing', '0.42097400 13691373904fe0ee15f4be2f420ceb2fd8243ce1a9', '0', 1, '2013-05-21 11:56:30', '2013-05-21 11:56:30', '2013-05-21 11:56:30', 0, NULL),
(134, '201', 'no-cnic.png', '0201', 'Muhammad', 'Ibrahim', 'Muhammad Ibrahim Khan', 'no-photo.png', 'Meer Wali', 'Jutial Paeen, P.O Khas Gilgit, District Gilgit, Gilgit-Baltistan', 'Jutial Paeen, P.O Khas Gilgit, District Gilgit, Gilgit-Baltistan', '', '05811-450508', '0312-9906688', '', '', 'Pakistan', '0000-00-00', '71501-7739178-5', '210513136913859229738794.jpg', '', '', '', '', 'no-cnic.png', '0000-00-00 00:00:00', '', '1e911d2f8f7d4f4854d452af54fdd6ea', 'Nominee CNIC Copy & Membership Form Missiing', '0.91687500 136913859271dd3ce8389336c04d9d3b5a6268ff0b', '0', 0, '2013-05-21 12:16:32', '2013-05-21 12:16:32', '2013-05-21 12:16:32', 0, NULL);
INSERT INTO `members` (`id`, `membership_number`, `application_document`, `form_number`, `first_name`, `last_name`, `full_name`, `photo`, `father_husband_name`, `postal_address`, `residential_address`, `phone_office`, `phone_residential`, `mobile`, `email`, `occupation`, `nationality`, `dob`, `cnic`, `member_cnic`, `name_of_nominee`, `relation`, `address_of_nominee`, `nominee_cnic`, `nominee_cnic_scan`, `application_date`, `username`, `password`, `remarks`, `active_key`, `is_blocked`, `status`, `last_login`, `last_modified`, `timestamp`, `created_by`, `photo_path`) VALUES
(135, '201-A', '21051313691398021465403395.jpg', '0201A', 'Ataullah', 'Baig', 'Ataullah Baig', 'no-photo.png', 'Ibadullah Baig', 'Barcha House, Rehman Colony, Al-Sabah Chowk, Sonikote,Gilgit', 'Village Garelt, P.O & Tehsil Aliabad, District Hunza-Nagir, Gilgit-Baltistan', '05811-455480', '05811-455533', '0344-4455166', 'ataullahbaig@hotmail.com', 'Private Service', 'Pakistan', '0000-00-00', '71502-1102095-9', '2105131369139802171581069.jpg', 'Saad Ata Barcha', 'Son', 'Barcha House, Rehman Colony, Al-Sabah Chowk, Sonikote,Gilgit', '71502-35583365-9', 'no-cnic.png', '0000-00-00 00:00:00', '', 'ea635b7f7c6502b3a63c125ccd6a82df', 'Nominee CNIC Copy is Missing', '0.96292700 1369139802c65249e3de301b756cd114d1e4607139', '0', 1, '2013-05-21 12:36:42', '2013-05-21 12:36:42', '2013-05-21 12:36:42', 0, NULL),
(136, '205', '2105131369141300314892813.jpg', '0205', 'Ibadat ', 'Shah', 'Ibadat Shah', 'no-photo.png', 'Niyat Shah', 'Hill Top Hotel Karimabad Hunza, \r\nP.O. Karim Abad, Tehsil Aliabad\r\nDistt. Hunza-Nagir, Gilgit-Baltistan.', 'Hill Top Hotel Karimabad Hunza, \r\nP.O. Karim Abad, Tehsil Aliabad\r\nDistt. Hunza-Nagir, Gilgit-Baltistan.', ' 05821-57145 ', '05821-57225', '', 'allamshah@hotmail.com', 'Business Man', 'Pakistan', '0000-00-00', '71502-6431582-9', '21051313691413001317978103.jpg', 'Alam Shah', 'Son', 'Hill Top Hotel Karimabad Hunza, \r\nP.O. Karim Abad, Tehsil Aliabad\r\nDistt. Hunza-Nagir, Gilgit-Baltistan', '71502-7816949-1', 'no-cnic.png', '1989-09-11 00:00:00', '', 'ibadatshah205', 'Nominee CNIC copy & Member Photograph is Missing', '0.34598300 136914130032d43009d3a80837f08b8ba0feb28c32', '0', 1, '2013-05-21 13:01:40', '2013-05-28 08:41:36', '2013-05-21 13:01:40', 0, NULL),
(137, '207', '22051313692044721153668087.jpg', '0207', 'Jan', 'Alam', 'Jan Alam', 'no-photo.png', 'Faqir Shah', 'Village Garelt, P.O Karimabad, Distt. Hunza-Nagir, Gilgit-Baltistan.', 'Village Garelt, P.O Karimabad, Distt. Hunza-Nagir, Gilgit-Baltistan.', '', '05813-457026', '0333-5249054', 'zaib_alam@yahoo.com', '', 'Pakistan', '0000-00-00', '61101-86099510-1', 'no-cnic.png', 'Zaib Alam', 'Son', 'Village Garelt, P.O Karimabad, Distt. Hunza-Nagir, Gilgit-Baltistan.', '71502-109182-5', 'no-cnic.png', '0000-00-00 00:00:00', '', '371b8aecc5a935f7efcf631c9c0e084c', 'CNIC Copy of Member and Nominee Missing', '0.08384800 136920447243ae784be531978bbb55b28a18e37178', '0', 1, '2013-05-22 06:34:32', '2013-05-22 06:34:32', '2013-05-22 06:34:32', 0, NULL),
(138, '207-A', '2205131369206624728966984.jpg', '0207A', 'Sher', 'Zaman', 'Sher Zaman', 'no-photo.png', 'Faraj Khan', 'Ahmadabad, P.O. Karimabad,         \r\nTehsil Aliabad,Distt.Hunza Nagar,    \r\nGilgit Baltistan', 'Ahmadabad, P.O. Karimabad,         \r\nTehsil Aliabad,Distt.Hunza Nagar,    \r\nGilgit Baltistan', '', '', ' 0315-5537778 ', '', '', 'Pakistan', '0000-00-00', '71501-0207167-1', '2205131369206624670142292.jpg', 'Ali Zaman', 'Son', 'Ahmadabad, P.O. Karimabad,         \r\nTehsil Aliabad,Distt.Hunza Nagar,    \r\nGilgit Baltistan\r\n', '71501-0207167-1', 'no-cnic.png', '0000-00-00 00:00:00', '', '95c14eb35230180c3e4e6a40e97fff50', 'Photograph, Membership Form & Nominee CNIC is Missing', '0.52942000 13692066245e6015fd1ccd82e37e8c5f393a4709d9', '0', 1, '2013-05-22 07:10:24', '2013-05-22 07:10:24', '2013-05-22 07:10:24', 0, NULL),
(139, '208', 'no-cnic.png', '0208', 'Hifzul', 'Raza', 'Hifzul Raza', 'no-photo.png', 'Suleman Shah', 'Village & P.O Karimabad, Tehsil Aliabad, Distt. Hunza-Nagir. Gilgit-Baltistan', 'Village & P.O Karimabad, Tehsil Aliabad, Distt. Hunza-Nagir. Gilgit-Baltistan', '', '', '', '', '', 'Pakistan', '0000-00-00', 'Non Available 208', 'no-cnic.png', '', '', '', '', 'no-cnic.png', '0000-00-00 00:00:00', '', 'dfe9e561ac911e563e6c02eeebc0e484', 'All the documents missing', '0.53223800 1369207427818db51c68ee8d1d46f18f4a4c79e659', '0', 1, '2013-05-22 07:23:47', '2013-05-22 07:23:47', '2013-05-22 07:23:47', 0, NULL),
(140, '208-A', 'no-cnic.png', '0208A', 'Islam', 'Karim', 'Islam Karim', 'no-photo.png', 'Ali Gohar Shah', '26-A,Afendi Colony Sadiqabad Road \r\nNear Bilal Hospital\r\nRawalpindi\r\n', 'Village Sultanabad Altit, P.o Karimabad, Tehsil Aliabad, District Hunza-Nagir, Gilgit-Baltistan.', '', '', ' 0323-8556624 ', '', '', 'Pakistan', '0000-00-00', '36302-4143637-3', 'no-cnic.png', '', '', '', '', 'no-cnic.png', '0000-00-00 00:00:00', '', 'islamkarim208a', 'All the documents missing', '0.84996900 1369211456b0732534793fa667187095e86a9fdd01', '0', 1, '2013-05-22 08:30:56', '2013-05-22 08:38:00', '2013-05-22 08:30:56', 0, NULL),
(141, '209', '22051313692182731357273233.jpg', '0209', 'Mir', 'Alif', 'Mir Alif', 'no-photo.png', 'Ziarat Shah', 'Mir Alif Autos, Airport Road Gilgit, Gilgit-Baltistan.', 'Mir Alif Autos, Airport Road Gilgit, Gilgit-Baltistan.', '', '', '', '', '', 'Pakistan', '0000-00-00', 'Non Available 209', 'no-cnic.png', '', '', '', '', 'no-cnic.png', '1989-01-17 00:00:00', '', '7ac5218ce6520621c7d033ff89c15a62', 'All the documents missing', '0.74684200 13692182735b5e698875d562084999f1c6d6bf6602', '0', 1, '2013-05-22 10:24:33', '2013-05-22 10:24:33', '2013-05-22 10:24:33', 0, NULL),
(142, '231', 'no-cnic.png', '0231', 'Syed', 'Momin', 'Syed Momin Shah', 'no-photo.png', 'Malik Shah', 'Sub Office Golden Jubilee Cooperative Society Jutial Gilgit', 'Not Available', '', '', '', '', '', 'Pakistan', '0000-00-00', 'Non Available 231', 'no-cnic.png', '', '', '', '', 'no-cnic.png', '0000-00-00 00:00:00', '', '8579b19c49884353fe57efd26ed403f3', 'All the Documents Missing', '0.45113600 1369293276b2c2ba050161f301b011f9c94a78cd1e', '0', 1, '2013-05-23 07:14:36', '2013-05-23 07:14:36', '2013-05-23 07:14:36', 0, NULL),
(143, '262', 'no-cnic.png', '0262', 'Fazleen', 'Piyar', 'Fazleen Piyar Ali', 'no-photo.png', 'Piyar Ali', 'H # 563, St # 53, G-9/1, Islamabad', 'H # 563, St # 53, G-9/1, Islamabad', '', '', '', '', '', 'Pakistan', '0000-00-00', 'Non Available 262', 'no-cnic.png', '', '', '', '', 'no-cnic.png', '0000-00-00 00:00:00', '', 'e21840dc06942304ba0377b8657085e8', 'All the Documents are Missing', '0.92458900 136930001354ed25cea7ed79ff6c9588d606eed306', '0', 1, '2013-05-23 09:06:53', '2013-05-23 09:06:53', '2013-05-23 09:06:53', 0, NULL),
(144, '271', '23051313693069351627336972.jpg', '0271', 'Yasmin', 'Ambar', 'Yasmin Ambar', 'no-photo.png', 'Arsal Mehmood', ' C-53,Navy Housing Scheme\r\nBlock-9,Clifton Karachi', ' C-53,Navy Housing Scheme\r\nBlock-9,Clifton Karachi', '021-35863221', '', '0301-8277794', '', '', 'Pakistan', '0000-00-00', '42301-0791122-6', '23051313693069351702152152.jpg', 'Sabrina Marchant', '', '', '', 'no-cnic.png', '0000-00-00 00:00:00', '', '4c9755a9073c888ba2060d6a8f57e751', 'Member Photograph & Nominee CNIC Missing', '0.57341400 1369306935a634473ecc07f576d4e7166207490ee8', '0', 1, '2013-05-23 11:02:15', '2013-05-23 11:02:15', '2013-05-23 11:02:15', 0, NULL),
(145, '280', '25051313694693541705451664.jpg', '0280', 'Munaza', 'Sheikh', 'Munaza Sheikh', 'no-photo.png', 'Sardar Ali', 'Al-Mubarik, A-2,Al-Rahim Colony, \r\nNishtar Road Multan', 'Al-Mubarik, A-2,Al-Rahim Colony, \r\nNishtar Road Multan', '', '', '', '', '', 'Pakistan', '0000-00-00', 'Non Available 280', 'no-cnic.png', '', '', '', '', 'no-cnic.png', '1991-01-06 00:00:00', '', '06371096050202ef525de0d2b89d65cc', 'Member Photo, Member CNIC & Nominee CNIC is Missing', '0.61871300 1369469354c3c4e3e5835e096b88d0c75688351fb8', '0', 1, '2013-05-25 08:09:14', '2013-05-25 08:09:14', '2013-05-25 08:09:14', 0, NULL),
(146, '285', 'no-cnic.png', '0285', 'Irshad ', 'Hussain', 'Alijah Irshad Hussain', 'no-photo.png', '', 'H # 523, St # 52, G-9/1, Islamabad', 'H # 523, St # 52, G-9/1, Islamabad', '', '', '', '', '', 'Pakistan', '0000-00-00', 'Non Available 285', 'no-cnic.png', '', '', '', '', 'no-cnic.png', '1991-10-27 00:00:00', '', 'c56c70be272f3c1559a9269a448904fd', 'All the Documents missing', '0.28363600 1369470201363378202f3e5d5351812e6e4a8ac0a0', '0', 0, '2013-05-25 08:23:21', '2013-05-25 08:23:21', '2013-05-25 08:23:21', 0, NULL),
(147, '286', 'no-cnic.png', '0286', 'Ashraf ', 'Aman', 'Ashraf Aman', 'no-photo.png', 'Amanullah', 'H # 551, St # 53, G-9/1, Islamabad', 'H # 551, St # 53, G-9/1, Islamabad', '051-2260820', '051-2252759', '0333-5105671', '', '', 'Pakistan', '0000-00-00', 'Non Available 286', 'no-cnic.png', '', '', '', '', 'no-cnic.png', '0000-00-00 00:00:00', '', 'cb72141658559aeb41de1c09e0e37f0c', 'All the Documents Missing', '0.70547600 1369470952d555c3d4ad2d2171b8f677ad52fb5b9e', '0', 1, '2013-05-25 08:35:52', '2013-05-25 08:35:52', '2013-05-25 08:35:52', 0, NULL),
(148, '289', 'no-cnic.png', '0289', 'Mujeed', 'Khan', 'Mujeed Khan', 'no-photo.png', 'Babar Khan', 'Village Hyderabad,Tehsil Aliabad\r\nDistt.Hunza-Nagir, Gilgit-Baltistan.', 'Village Hyderabad,Tehsil Aliabad\r\nDistt.Hunza-Nagir, Gilgit-Baltistan.', '', '', '', '', '', 'Pakistan', '0000-00-00', 'Non Available 289', 'no-cnic.png', '', '', '', '', 'no-cnic.png', '0000-00-00 00:00:00', '', 'd33e527793a00f6f38965775a60dcd99', 'Membership form, Nominee CNIC & Member CNIC Missing', '0.26798400 1369553151fc4e9fa12f80bb55f1383062de51835e', '0', 1, '2013-05-26 07:25:51', '2013-05-26 07:25:51', '2013-05-26 07:25:51', 0, NULL),
(149, '290', '2605131369553935260218225.jpg', '0290', 'Zubaida', 'Ali', 'Zubaida Abdul Ali', 'no-photo.png', '', 'H # 603,St# 52, G-9/1,\r\n Islamabad', 'H # 603,St# 52, G-9/1,\r\n Islamabad', '', '', '', '', '', 'Pakistan', '0000-00-00', 'Non Available 290', 'no-cnic.png', '', '', '', '', 'no-cnic.png', '1991-12-03 00:00:00', '', '057d8bb2d10b10cf9c16be36171efaee', 'CNIC Member, CNIC Nominee, Photograph Member is Missing', '0.06906500 13695539350c7251f393b2d0cfda99040a90a13d66', '0', 1, '2013-05-26 07:38:55', '2013-05-26 07:38:55', '2013-05-26 07:38:55', 0, NULL),
(151, '375', 'no-cnic.png', '0375', 'Neher', 'Ali', 'Neher Ali Jumma', 'no-photo.png', 'Sher Ali', 'Behria Town', 'Behria Town', '051-5819645', '', '0315-5225288', 'neherali@gmail.com', 'Engineer', 'Pakistan', '0000-00-00', '567891233', 'no-cnic.png', 'GJCHS', 'Son', 'GJCHS', '1236548', 'no-cnic.png', '2013-05-30 00:00:00', '', 'neherali375', 'please submit CNIC copy, a photograph and nominee CNIC copy', '0.83558800 13698975463a0b7e72345272128a0279fe0ee57c8c', '0', 2, '2013-05-30 07:05:46', '2013-06-02 06:54:14', '2013-05-30 07:05:46', 0, NULL),
(153, '297', '0206131370156995115385529.jpg', '0297', 'Izzat', 'Khanum', 'Izzat Khanum', 'no-photo.png', '', '"Izat Khanum\r\nC/O Iqbal Bardai , 9-B/1 Sattelite Town Rawalpindi           "\r\n', '"Izat Khanum\r\nC/O Iqbal Bardai , 9-B/1 Sattelite Town Rawalpindi           "\r\n', '', '', ' 0300-8544175 ', '', '', 'Pakistan', '0000-00-00', 'Non Available 297', 'no-cnic.png', '', '', '', '', 'no-cnic.png', '1991-12-27 00:00:00', '', 'fc6f1c58409838fc2871c04e2f39a712', 'All the Documents misssing', '0.21293400 1370156995315c6a6dec982d5ebf97b15caae70178', '0', 1, '2013-06-02 07:09:55', '2013-06-02 07:09:55', '2013-06-02 07:09:55', 0, NULL),
(154, '298', '02061313701581821388990109.jpg', '0298', 'Mumtaz', 'Sheraz', 'Mumtaz Sheraz', 'no-photo.png', 'Pervaiz Baloch', '169 Asghar Mall Scheme, Rawalpindi.\r\n', '169 Asghar Mall Scheme, Rawalpindi.\r\n', '', '', '', '', '', 'Pakistan', '0000-00-00', 'Non Available 298', 'no-cnic.png', '', '', '', '', 'no-cnic.png', '1991-09-19 00:00:00', '', 'd4633d51719aa3e4c876374e9cd1fa50', 'All the Documents are Missing', '0.53571700 1370158182ae3295ba82b29bf905485e574104ba0f', '0', 1, '2013-06-02 07:29:42', '2013-06-02 07:29:42', '2013-06-02 07:29:42', 0, NULL),
(155, '303', '0206131370159051453421994.jpg', '0303', 'Shamim', 'Fatima', 'Shamim Fatima', 'no-photo.png', '', 'H # L/605 Or L/693-B, Qasim Abad, Mohammad Khan Road, Rawalpindi"\r\n', 'H # L/605 Or L/693-B, Qasim Abad, Mohammad Khan Road, Rawalpindi"\r\n', '', '051-8087249', '0332-5101292', '', '', 'Pakistan', '0000-00-00', 'Non Available 303', 'no-cnic.png', '', '', '', '', 'no-cnic.png', '1991-09-23 00:00:00', '', '4bb2f4516aa2799c151181ada6877d4f', 'All the documents missing', '0.74586400 137015905156b286b010d74e16a7bc31b7c0fc158d', '0', 1, '2013-06-02 07:44:11', '2013-06-02 07:44:11', '2013-06-02 07:44:11', 0, NULL),
(156, '308', 'no-cnic.png', '0308', 'Noorjahan', 'Budhwani', 'Noorjahan Budhwani', 'no-photo.png', 'Abdul Aziz Budhwani', 'Al-Aman Project Flate # A-502,\r\nBlock # 14, Gulshan-e-Iqbal Karachi', 'Al-Aman Project Flate # A-502,\r\nBlock # 14, Gulshan-e-Iqbal Karachi', '', '', ' 0300-3500732 ', '', '', 'Pakistan', '0000-00-00', '42201-8895214-8', 'no-cnic.png', '', '', '', '', 'no-cnic.png', '0000-00-00 00:00:00', '', 'noorjahan308', 'nominee CNIC is missing', '0.42281300 137016542274be16979710d4c4e7c6647856088456', '0', 1, '2013-06-02 09:30:22', '2013-06-02 09:33:38', '2013-06-02 09:30:22', 0, NULL),
(157, '307', '0306131370243833441281473.jpg', '0307', 'Saleem', '', 'Saleem', 'no-photo.png', 'Rajab Ali Hadwani', 'Flat # I-2, Noorabad, CHS,F1.\r\n10,Block-14, Gulshan-e-Iqbal\r\nKarachi', 'Flat # I-2, Noorabad, CHS,F1.\r\n10,Block-14, Gulshan-e-Iqbal\r\nKarachi', '', '021-34931969', '0300-2651705     ', '', 'Doctor', 'Pakistan', '0000-00-00', '42201-0466547-3', '0306131370243833981792409.jpg', 'Khairunnisa', 'Wife', 'Flat # I-2, Noorabad, CHS,F1.\r\n10,Block-14, Gulshan-e-Iqbal\r\nKarachi', '42201-0405111-8', '0306131370243833630434769.jpg', '0000-00-00 00:00:00', '', 'ba583007d28234517393d56dd629d746', '', '0.35869800 1370243833a040aec2a3675fad2e0e088f35145bf2', '0', 2, '2013-06-03 07:17:13', '2013-06-03 07:17:13', '2013-06-03 07:17:13', 0, NULL),
(158, '311', '0306131370245578428811437.jpg', '0311', 'Farman', 'Ali', 'Farman Ali', 'no-photo.png', 'Qamber Ali', 'Grant Continantal Hotel,                \r\nRiver View Road, Chinar Bagh\r\nDistt.Gilgit, Gilgit-Baltistan', 'Grant Continantal Hotel,                \r\nRiver View Road, Chinar Bagh\r\nDistt.Gilgit, Gilgit-Baltistan', '05811-459860 ', '', '0332-5128259', '', '', 'Pakistan', '0000-00-00', 'Non Available 311', 'no-cnic.png', '', '', '', '', 'no-cnic.png', '1991-09-23 00:00:00', '', '37e1e401bf1a7d38e0a946745980186c', 'Member photograph, member CNIC and nominee CNIC is missing', '0.37780800 1370245578b914b73b9a5395e2fed38db4ec5bde36', '0', 1, '2013-06-03 07:46:18', '2013-06-03 07:46:18', '2013-06-03 07:46:18', 0, NULL),
(159, '315', '0306131370247832834260567.jpg', '0315', 'Shawkat', 'Khawaja', 'Shawkat Ali Khawaja', 'no-photo.png', '', 'H # 484, St # 52, G-9/1, Islamabad', 'H # 484, St # 52, G-9/1, Islamabad', '', '', '', '', '', 'Pakistan', '0000-00-00', 'Non Available 315', 'no-cnic.png', '', '', '', '', 'no-cnic.png', '1992-08-19 00:00:00', '', '48dd7c96e66d12cb6a87a1308dca7932', 'Member CNIC, member photo & nominee CNIC is Missing', '0.95910100 1370247832767c79b2650dfc06d1c7d78dbf6b8a05', '0', 1, '2013-06-03 08:23:52', '2013-06-03 08:23:52', '2013-06-03 08:23:52', 0, NULL),
(160, '316', '04061313703433461201544195.jpg', '0316', 'Dilshad', '', 'Dilshad', 'no-photo.png', 'Mehmood Mohabbat Ali', 'C-175, Block-C, North Nazim,Abad,Karachi', 'C-175, Block-C, North Nazim,Abad,Karachi', '021-36672155', '021-36626651', '0301-2524730', '', 'House Wife', 'Pakistan', '0000-00-00', '42101-1597857-8', '0406131370343346631973441.jpg', 'Malik Mehmood', 'Son', 'C-175, Block-C, North Nazim,Abad,Karachi', '42101-1716240-1', '04061313703433461086672220.jpg', '1992-08-19 00:00:00', '', 'e4b2f3bb0c5b2f1eb76034ad2b88e753', '', '0.59211800 1370343346b242002f73e7767737b91931f7d64fec', '0', 1, '2013-06-04 10:55:46', '2013-06-04 10:55:46', '2013-06-04 10:55:46', 0, NULL),
(161, '317', '14071313737784672099682266.jpg', '0317', 'Farida', 'Amin', 'Farida Amin', 'no-photo.png', 'Amin Hashim Ali', '9-B/1, Satellite Town,        \r\nNear Chandni Chowk, Rawalpindi', '326-B Satellite Town Rawalpindi', '', '', '', '', '', 'Pakistan', '0000-00-00', '91509-0100080-0', 'no-cnic.png', '', '', '', '', 'no-cnic.png', '1992-08-20 00:00:00', '', '6f670aac3b8f15943e3e605048cc45ed', 'Almost all Documents Missing', '0.09979700 13737784675f6a61dea689662f7f43cf9ce1e7d5bc', '0', 1, '2013-07-14 05:07:47', '2013-07-14 05:07:47', '2013-07-14 05:07:47', 0, NULL),
(162, '318', '14071313737791631836793647.jpg', '0318', 'Muhammad', 'Ayub', 'Muhammad Ayub', 'no-photo.png', 'Muhammad Rahim', 'C-3/17, Al-Ahram Square, Block-G,   \r\nNarth Nazim Abad, Karachi', 'C-3/17, Al-Ahram Square, Block-G,   \r\nNarth Nazim Abad, Karachi', '', '', '', '', '', 'Pakistan', '0000-00-00', 'Non Available 318', '14071313737791631697211833.jpg', '', '', '', '', 'no-cnic.png', '1992-08-20 00:00:00', '', '54c0465cb38e33664416482cdc7d735f', 'Almost all documents are missing', '0.25978200 1373779163adf3568b786147d308b7fddd7fe5390c', '0', 1, '2013-07-14 05:19:23', '2013-07-14 05:19:23', '2013-07-14 05:19:23', 0, NULL),
(163, '319', '14071313737801041850443689.jpg', '0319', 'Parveen ', 'Akhtar', 'Parveen Akhtar', 'no-photo.png', 'Najam Ali Sheikh', '214-A,Model Town,Khanpur, Distt.\r\n, Rahim Yar Khan', '214-A,Model Town,Khanpur, Distt.\r\n, Rahim Yar Khan', '', '', ' 0301-6781185 ', '', '', 'Pakistan', '0000-00-00', 'Non Available 319', 'no-cnic.png', '', '', '', '', 'no-cnic.png', '1992-08-20 00:00:00', '', 'c63b2e2ba3695ac9ebf4ff71513956a1', 'Almost All documents Missing', '0.61267900 13737801042f4c1b1f44e59e68d20efc4fa3c589d5', '0', 1, '2013-07-14 05:35:04', '2013-07-14 05:35:04', '2013-07-14 05:35:04', 0, NULL),
(164, '320', '14071313737816671049994306.jpg', '0320', 'Naushad ', 'Ali', 'Naushad Ali ', 'no-photo.png', 'Sarfaraz Ali', 'Flat # 02 Satti Plaza Abu Huraira Market ST# 32 Sector I-8/3 Islamabad\r\n', 'Village Altit, P.O.Karimabad, Distt.Hunza-Nagir, Gilgit\r\nBaltistan', '', '', '0300-7222776     0345-2860667', '', 'Business Man', 'Pakistan', '0000-00-00', '71501-0397973-1', '1407131373781667604157814.jpg', 'Naveed', '', 'Village Altit, P.O.Karimabad, Distt.Hunza-Nagir, Gilgit\r\nBaltistan', '', 'no-cnic.png', '2012-05-24 00:00:00', '', '6ea132906f3d77b74b657be4f85b4080', 'Member Phot and Nominee CNIC is missing', '0.44542500 1373781667fe9c7f57b3c4615eaf196b98bb2bf989', '0', 1, '2013-07-14 06:01:07', '2013-07-14 06:01:07', '2013-07-14 06:01:07', 0, NULL),
(165, '321   357', 'no-cnic.png', '0321    0357', 'Rajab', 'Bardai', 'Rajab Ali Bardai', 'no-photo.png', 'Ramazan Ali', 'H # 451, St # 51, G-9/1, Islamabad', '3536 Eisenhower, St. Carrolinton TX 75007 USA', '', '051-2260343', '0300-8500471', '', 'Business', 'Pakistan', '0000-00-00', '61101-4200949-3', 'no-cnic.png', 'Rozmeen Ali', '', 'H # 451, St # 51, G-9/1, Islamabad', '', 'no-cnic.png', '0000-00-00 00:00:00', '', 'rajabalibardai321', 'All documents missing', '0.59121900 1373782714caeb59918462ff82566c6fcc172e3864', '0', 1, '2013-07-14 06:18:34', '2013-09-28 10:04:22', '2013-07-14 06:18:34', 0, NULL),
(166, '322-A   251-A', '1407131373783451480351133.jpg', '0322-A   0251A', 'Hasiat', 'Khan', 'Hasiat Khan', 'no-photo.png', 'Sahib Khan', 'Gulla Pur Teh. Punial, Distt. Ghizar, Gilgit-Baltistan,', 'Gulla Pur Teh. Punial, Distt. Ghizar, Gilgit-Baltistan,', '', '', '0342-5395122     00971-503310890 ', 'hasiatkhan@hotmail.com', 'Doctor', 'Pakistan', '0000-00-00', '42101-5646575-9', '14071313737834511252067742.jpg', 'Akhtar Parveen', '', 'Gulla Pur Teh. Punial, Distt. Ghizar, Gilgit-Baltistan,', '42101-5692071-2', 'no-cnic.png', '0000-00-00 00:00:00', '', 'hasiatkhan322a', 'Nominee CNIC Missing', '0.67444100 1373783451347c801e61449dd774e219540142503f', '0', 1, '2013-07-14 06:30:51', '2013-08-28 10:29:29', '2013-07-14 06:30:51', 0, NULL),
(167, '323-A', 'no-cnic.png', '0323-A', 'Mohsin', 'Baloch', 'Mohsin Baloch', 'no-photo.png', 'Parvez Baloch', '169,Asghar Mall Scheme \r\nRawalpindi', '169,Asghar Mall Scheme \r\nRawalpindi', '', '', ' 0300-8501332 ', '', '', 'Pakistan', '0000-00-00', 'Non Available 323A', 'no-cnic.png', '', '', '', '', 'no-cnic.png', '0000-00-00 00:00:00', '', '01e085329ffd46d994550266bca621de', 'All Documents are Missing', '0.60950900 1373784007233a322a1c67da3a8566f600442d2b86', '0', 1, '2013-07-14 06:40:07', '2013-07-14 06:40:07', '2013-07-14 06:40:07', 0, NULL),
(168, '324', '14071313737938251369127427.jpg', '0324', 'Ghulam', 'Murtaza', 'Ghulam Murtaza', 'no-photo.png', 'Ghulam Haider', 'S.E PWD,  Village Sonikot Distt. Gilgit, Gilgit-Baltistan', 'S.E PWD,  Village Sonikot Distt. Gilgit, Gilgit-Baltistan', '05811-920991', '05811-455356', '0300-9333302', '', 'Engineer', 'Pakistan', '0000-00-00', '71502-7077153-9', '14071313737938251261173839.jpg', 'Mehar Bano', 'Wife', 'Village Sonikot Jutial Distt. Gilgit, Gilgit-Baltistan', '71502-9091360-6', 'no-cnic.png', '1991-09-23 00:00:00', '', '7be26dc188f0fd44f69326c94e17e312', 'Nominee CNIC missing', '0.65639900 13737938254942e221e7281ab2c4576dca79979af9', '0', 1, '2013-07-14 09:23:45', '2013-07-14 09:23:45', '2013-07-14 09:23:45', 0, NULL),
(169, '337', '14071313737981751357065153.jpg', '0337', 'Shireen ', 'Akhtar', 'Shireen Akhtar', 'no-photo.png', 'Sher Ali', 'Zeb Medical Store, Opposit T.M.O Shamsi Road Mardan', 'Mohallah Sham Gunj, Tehsil & District Mardan', '', '', '0333-9878833', 'zarmash@yahoo.co.uk', '', 'Pakistan', '0000-00-00', '16101-1080545-8', '14071313737981751807764072.jpg', '', '', '', '', 'no-cnic.png', '1998-12-30 00:00:00', '', '78da9ccae17ea90283afc7f68979a6ba', 'Member Photo and Nominee CNIC is Missing', '0.36379300 1373798175ee21ae6681220493e0f3d90c52897aa4', '0', 1, '2013-07-14 10:36:15', '2013-07-14 10:36:15', '2013-07-14 10:36:15', 0, NULL),
(170, '338', '150713137386941341125108.jpg', '0338', 'Jamshed', 'Iqbal', 'Jamshed Iqbal', 'no-photo.png', 'MUHAMMAD Khalil Ullah', 'Flat -9B, Agha Khan Housing Society, 1-A, Durend Road, Lahore', 'Flat -9B, Agha Khan Housing Society, 1-A, Durend Road, Lahore', '', '', '0321-3598773   0342-4496607', '', 'Business Man', 'Pakistan', '0000-00-00', '3502-2657767-5', 'no-cnic.png', 'Yasmeen ', 'Wife', 'Flat -9B, Agha Khan Housing Society, 1-A, Durend Road, Lahore', '35202-2537374-0', 'no-cnic.png', '2012-07-00 00:00:00', '', 'dbab7c74aae9d672e683cb369d10f164', '', '0.94302900 13738694138414d8404ba0735c1ed06887cab8887c', '0', 1, '2013-07-15 06:23:33', '2013-07-15 06:23:33', '2013-07-15 06:23:33', 0, NULL),
(171, '338-A', 'no-cnic.png', '0338-A', 'Naseer', 'Uddin', 'Naseer Uddin', 'no-photo.png', 'Ali Dad Khan', 'Hunza Cable Network Aliabad, Tehsil Aliabad Hunza, Distt. Hunza Nagar, Gilgit', 'Hunza Cable Network Aliabad, Tehsil Aliabad Hunza, Distt. Hunza Nagar, Gilgit', '', '', ' 0333-3279018 ', '', '', 'Pakistan', '0000-00-00', '42201-2606799-3', '15071313738699531936134544.jpg', '', '', '', '', 'no-cnic.png', '0000-00-00 00:00:00', '', '573bd281a63074ab8b759f25ce65e2ca', 'Please submit the form and photos', '0.80861800 137386995381ec49c6e49f9b01818d27eb5d8dcec3', '0', 1, '2013-07-15 06:32:33', '2013-07-15 06:32:33', '2013-07-15 06:32:33', 0, NULL),
(172, '339', '1507131373870442294341246.jpg', '0339', 'Noor', 'Jahan', 'Noor Jahan', 'no-photo.png', 'Murad Khan', 'H # 458, St # 51, G-9/1, Islamabad', 'H # 458, St # 51, G-9/1, Islamabad', '', '051-2252604', '0332-5949220', '', 'Private Service', 'Pakistan', '0000-00-00', 'Non Available 339', 'no-cnic.png', '', '', '', '', 'no-cnic.png', '2008-01-15 00:00:00', '', '8fd87b866e53f442c100f9f54edb05a2', 'most of the documents missing', '0.45922100 1373870442e00d5778fd7193035f8ac41cd3c93755', '0', 1, '2013-07-15 06:40:42', '2013-07-15 06:40:42', '2013-07-15 06:40:42', 0, NULL),
(173, '340', 'no-cnic.png', '340', 'Iqbal ', 'Bardai', 'Iqbal Bardai', 'no-photo.png', 'Rajab Ali Bardai', 'House # 9-B/1, Sattelite Town,      Near Chandni Chowk, \r\nRawalpini', 'House # 9-B/1, Sattelite Town,      Near Chandni Chowk, \r\nRawalpini', ' 051-2653015-18', ' 051-4413604', '0300-8544175', '', '', 'Pakistan', '0000-00-00', 'Non Available 340', 'no-cnic.png', '', '', '', '', 'no-cnic.png', '0000-00-00 00:00:00', '', '9b77e6e6efb25aac471059f5756a0517', 'All the Documents Missing', '0.29253600 1373870749e60b5f065c13d78d0aedc264675c80bd', '0', 1, '2013-07-15 06:45:49', '2013-07-15 06:45:49', '2013-07-15 06:45:49', 0, NULL),
(174, '343', '1507131373871166221701768.jpg', '0343', 'Abdul ', 'Karim', 'Abdul Karim', 'no-photo.png', 'Abdul Jabbar Khan', 'Distt.& Tehsil Gilgit', 'Distt.& Tehsil Gilgit', '', '', '', '', '', 'Pakistan', '0000-00-00', 'Non Available 343', 'no-cnic.png', '', '', '', '', 'no-cnic.png', '1999-09-11 00:00:00', '', '3dc0017f6a00214bd12ebf85ef6d16b2', 'All the documents missing', '0.91671300 1373871166a82a6fbc554320e18c0641d860636f87', '0', 1, '2013-07-15 06:52:46', '2013-07-15 06:52:46', '2013-07-15 06:52:46', 0, NULL),
(175, '344', '15071313738715312047611333.jpg', '0344', 'Karim', 'Bhagat', 'Karim Jaffar Ali Bhagat', 'no-photo.png', 'Hussain Ali', 'H# 491, 1st Floor, St#52, G9/1 Islamabad', 'H# 491, 1st Floor, St#52, G9/1 Islamabad', '', '', ' 0321-5173268 ', '', '', 'Pakistan', '0000-00-00', 'Non Available 344', 'no-cnic.png', '', '', '', '', 'no-cnic.png', '2009-06-30 00:00:00', '', '0c46a05b55e68258874c32984cd0945b', 'All the documents missing', '0.35317500 13738715316246d8bb766b2e6e4054730e506fe85f', '0', 1, '2013-07-15 06:58:51', '2013-07-15 06:58:51', '2013-07-15 06:58:51', 0, NULL),
(176, '345', 'no-cnic.png', '0345', 'Arshad', 'Mehmood', 'Arshad Mehmood', 'no-photo.png', 'Shoukat Ali', 'H # J-3/7, Liaqat Bagh, Muree Road, Rawalpindi', 'H # J-3/7, Liaqat Bagh, Muree Road, Rawalpindi', '', '', '', '', '', 'Pakistan', '0000-00-00', 'Non Available 345', 'no-cnic.png', '', '', '', '', 'no-cnic.png', '1998-09-30 00:00:00', '', 'd83e12c5be55359ba80b4b42532d6e16', 'All the documents missing', '0.90919200 13738722466aaa04745bdc7feda3b5fd04b29bedbc', '0', 1, '2013-07-15 07:10:46', '2013-07-15 07:10:46', '2013-07-15 07:10:46', 0, NULL),
(177, '346', '15071313738731302094224063.jpg', '0346', 'Faiz', 'Alam', 'Faiz Alam', 'no-photo.png', 'Khan Alam', ' H-29/11, Block "C", Satellite Town,\r\n Chandni Chowk, Rawalpindi', ' H-29/11, Block "C", Satellite Town,\r\n Chandni Chowk, Rawalpindi', '', '', ' 0300-8500567 ', '', 'Private Service', 'Pakistan', '0000-00-00', '37405-0489637-1', 'no-cnic.png', 'Sharifa Bibi', 'Mother', ' H-29/11, Block "C", Satellite Town,\r\n Chandni Chowk, Rawalpindi', '37405-0442815-4', 'no-cnic.png', '1998-09-30 00:00:00', '', '945b954476081bec5ad5d9c22d95f8c7', 'Member CNIC is missing', '0.19290200 137387313026bb387c6328ace5318ca9aba0a34ae6', '0', 1, '2013-07-15 07:25:30', '2013-07-15 07:25:30', '2013-07-15 07:25:30', 0, NULL),
(178, '347', '15071313738736081530846990.jpg', '0347', 'Rahmatullah', 'Bardai', 'Rahmatullah Bardai', 'no-photo.png', 'Ramazan Ali', 'H # 451, St # 51, G-9/1, Islamabad', 'H # 451, St # 51, G-9/1, Islamabad', '', '', ' 0300-8500471 ', '', '', 'Pakistan', '0000-00-00', 'Non Available 347', 'no-cnic.png', '', '', '', '', 'no-cnic.png', '0000-00-00 00:00:00', '', 'a41b082b53f97a05b21a910d3da1e3d0', 'Allt he documents missing', '0.46449400 1373873608655b71c3d64719cff72193687fa0bfc7', '0', 1, '2013-07-15 07:33:28', '2013-07-15 07:33:28', '2013-07-15 07:33:28', 0, NULL),
(179, '348', 'no-cnic.png', '0348', 'Khalid', 'Mehmmod', 'Khalid Mehmood', 'no-photo.png', 'Shoukat Ali Ismail', 'H # J-3/7 Liaqat Bagh Muree Road Rawalpindi.', 'H # J-3/7 Liaqat Bagh Muree Road Rawalpindi.', '', '', ' 0300-9500902 ', '', '', 'Pakistan', '0000-00-00', 'Non Available 348', 'no-cnic.png', '', '', '', '', 'no-cnic.png', '1998-09-30 00:00:00', '', '2f18aa6375c70be0836043e158b91e59', 'Almost all the documents missing', '0.29862200 137387406823e6c202a07ebd81e3bc8415784462ca', '0', 1, '2013-07-15 07:41:08', '2013-07-15 07:41:08', '2013-07-15 07:41:08', 0, NULL),
(180, '349', '15071313738747251545029037.jpg', '0349', 'Gulzar', 'Khan', 'Gulzar Khan', 'no-photo.png', '', 'Wilson Pharmaceuticals Plot-387, 388, I-9 Industrial Areas, Islamabad', 'Wilson Pharmaceuticals Plot-387, 388, I-9 Industrial Areas, Islamabad', '', '', ' 0300-8561931 ', '', 'Private Service', 'Pakistan', '0000-00-00', 'Non Available 349', 'no-cnic.png', '', '', '', '', 'no-cnic.png', '1998-09-30 00:00:00', '', '2bf6b827e369f0d18a2f5afc2a287951', 'Almost all the documents missing', '0.00862100 1373874726e6604de0c61580df3df6152a3e04da65', '0', 1, '2013-07-15 07:52:06', '2013-07-15 07:52:06', '2013-07-15 07:52:06', 0, NULL),
(181, '350', '1507131373875058509215989.jpg', '0350', 'Khairunnisa', 'Karim Ali', 'Khairunnisa Karim Ali', 'no-photo.png', 'Karim Ali', '21-B/1, Near Chandni Tikka House, Chandni Chowk ,Rawalpindi', '21-B/1, Near Chandni Tikka House, Chandni Chowk ,Rawalpindi', '', '', ' 0300-8544175    0333-5342737', '', 'Nursing', 'Pakistan', '0000-00-00', 'Non Available 350', 'no-cnic.png', '', '', '', '', 'no-cnic.png', '0000-00-00 00:00:00', '', 'e380dc5e3b76499e3ddcfa652da6bef8', 'Almost all the documents missing', '0.76953900 13738750581f646613cb78dd1380b207314cf84e98', '0', 1, '2013-07-15 07:57:38', '2013-07-15 07:57:38', '2013-07-15 07:57:38', 0, NULL),
(182, '351', 'no-cnic.png', '351', 'Mirbaz', 'Khan', 'Mirbaz Khan', 'no-photo.png', 'Mir Ahmad Khan', 'Naveed Shaheed Road, Zulfiqarabad, Gilgit', 'Naveed Shaheed Road, Zulfiqarabad, Gilgit', '', '', '', '', '', 'Pakistan', '0000-00-00', 'Non Available 351', 'no-cnic.png', '', '', '', '', 'no-cnic.png', '0000-00-00 00:00:00', '', 'a218e1ae5448b3fda9bb8fdff82e21a7', 'All the documents missing', '0.43672500 1373875451220e90be2d267d84a4be28e55607dd6d', '0', 1, '2013-07-15 08:04:11', '2013-07-15 08:04:11', '2013-07-15 08:04:11', 0, NULL),
(183, '359', '1507131373876149217304082.jpg', '0359', 'Amir', 'Ali', 'Amir Ali', 'no-photo.png', 'Abdul Rahim', '31/2 A, Gulshan-e-Noor Suparco\r\nRoad,Gulzar-e-Hijri,Opp,Daud University, Scheme-33,Karachi', 'Faizabad Altit, P.O Karimabad, Thsil Aliabad, District Hunza-Nagir', '021-99214511', '', '0344-2662373    0300-2417528', '', 'Govt Service', 'Pakistan', '0000-00-00', '42201-1147353-5', 'no-cnic.png', 'Khushleem Bano', 'Wife', 'Faizabad Altit, P.O Karimabad, Thsil Aliabad, District Hunza-Nagir', '71502-1385008-6', 'no-cnic.png', '2012-10-10 00:00:00', '', '086fe936286f5240d5416264c44817ec', 'Nominee CNIC is Missing', '0.22528800 137387614956ee2be6fb0077808134ea7f93817980', '0', 1, '2013-07-15 08:15:49', '2013-07-15 08:15:49', '2013-07-15 08:15:49', 0, NULL),
(184, '361', '15071313738773331034248547.jpg', '0361', 'Salah', 'Uddin', 'Salahuddin', 'no-photo.png', 'Abdur Rahman', 'Microsoft Computers , B-2 Dar Plaza, Nabi Bazar Gilgit.', 'Prince Abad, P.O Danyore, District Gilgit ', '05811-458772', '05811-456335', '0333-3078334', '', 'Business Man', 'Pakistan', '0000-00-00', '71501-6912822-1', '1507131373877333989337792.jpg', 'Fazal Asar Hunzai', 'Brother', 'Prince Abad, P.O Danyore, District Gilgit ', '', 'no-cnic.png', '2013-02-12 00:00:00', '', '2a036ffab68297d5b36e69355e36c1e4', 'Nominee CNIC is missing', '0.41914900 1373877333abaa3435d14c1e1d9929331442e25df0', '0', 1, '2013-07-15 08:35:33', '2013-07-15 08:35:33', '2013-07-15 08:35:33', 0, NULL),
(185, '361-A', '15071313738785231225067004.jpg', '0361-A', 'Mehboob', 'Shah', 'Mehboob Ali Shah', 'no-photo.png', 'Durdana Shah', 'House # 1225 Street # 3-B 3rd Road\r\nG-10/4, Islamabad', 'Phundar, P.O Khas, Tehsil Gupis-Yasin, District Ghizer Gilgit-Baltistan', '051-5879008', '', '0332-5128259     0314-5182450', 'mehboob.alifield@yahoo.com', 'Private Service', 'Pakistan', '0000-00-00', '71401-1780046-3', 'no-cnic.png', 'Maisara Ali ', 'Wife', 'Phundar, P.O Khas, Tehsil Gupis-Yasin, District Ghizer Gilgit-Baltistan', '', 'no-cnic.png', '2009-11-14 00:00:00', '', '1fb635ef0d3740c43ab0b22e83cdbb6a', 'CNIC, Nominee CNIC & Member Photo is Missing', '0.45771300 13738785231d07008cba334bb7211ddd6fa84bab01', '0', 1, '2013-07-15 08:55:23', '2013-07-15 08:55:23', '2013-07-15 08:55:23', 0, NULL),
(186, '369', '15071313738791872053902274.jpg', '0369', 'Naila ', 'Aman', 'Naila Aman', 'no-photo.png', 'Amanullah Khan', 'H # 502, St # 52, G-9/1, Islamabad', 'H # 502, St # 52, G-9/1, Islamabad', '', '', ' 0321-5115346 ', '', '', 'Pakistan', '0000-00-00', 'Non Available 369', 'no-cnic.png', '', '', '', '', 'no-cnic.png', '2007-04-06 00:00:00', '', '54f3ca4cda9dbc9c52f445b0deb07b2d', 'Almost all the documents miaaing', '0.23775900 1373879187a02f7797dbee87aa42d228f6393855ed', '0', 1, '2013-07-15 09:06:27', '2013-07-15 09:06:27', '2013-07-15 09:06:27', 0, NULL),
(187, '368', '16071313739653461939079868.jpg', '0368', 'Nadya', 'Aman', 'Nadya Aman', 'no-photo.png', 'Amanullah Khan', 'H # 502,St #  52, G-9/1, Islamabad', 'Salar Road Jutial Gilgit', '', '', ' 0333-5216195 ', '', 'Student', 'Pakistan', '0000-00-00', 'Non Available 368', 'no-cnic.png', '', '', '', '', 'no-cnic.png', '2007-04-06 00:00:00', '', '32762c79e509ff89e24c1fc2bec1e16b', 'Almost all the documents missing', '0.68415800 137396534662ea83ac802a62cd45a33ae5f0bd6d47', '0', 1, '2013-07-16 09:02:26', '2013-07-16 09:02:26', '2013-07-16 09:02:26', 0, NULL),
(188, ' 377', '1607131373966604537428724.jpg', '0377', 'Farman', 'Ali', 'Farman Ali', 'no-photo.png', 'Ali Madad', 'Farman Printing Press, 6-A, Maznine Floor Ittehad Centre, Fazal-e-Haque Road, Blue Area, Islamabad', 'Mohallah Mohammadabad Danyore Giglit', '051-2806070', '051-4423641', '0332-5128259     0314-5182450 ', '', 'Business Man', 'Pakistan', '0000-00-00', '71501-4063923-3', '16071313739666041561470064.jpg', 'Haji Bibi', 'Wife', 'Mohallah Mohammadabad Danyore Giglit', '71501-5148730-6', 'no-cnic.png', '2010-08-14 00:00:00', '', 'fc022ad886cf6da52859b39c97dfa95a', 'Nominee CNIC is Missing', '0.80555000 137396660465a0c098cf1f16f86845f912c311988d', '0', 1, '2013-07-16 09:23:24', '2013-07-16 09:23:24', '2013-07-16 09:23:24', 0, NULL),
(189, '378', '16071313739712901222400950.jpg', '0378', 'Afzal', 'Aman', 'Afzal Aman', 'no-photo.png', 'Daulat Aman', 'Block-11, House FF-1, Hamza Camp Rawalpindi', '', '', '', '0344-3550182', 'afzalaman@hotmail.com', 'Govt Service', 'Pakistan', '0000-00-00', '71502-2321010-1', 'no-cnic.png', '', '', '', '', 'no-cnic.png', '0000-00-00 00:00:00', '', '4407c2e32e71db7684408dc7e7917e3d', 'CNIC''s Missing', '0.88370300 1373971290f18eb4b474693764f52fcb974cfcf7fb', '0', 1, '2013-07-16 10:41:30', '2013-07-16 10:41:30', '2013-07-16 10:41:30', 0, NULL),
(190, '379', '16071313739724781708966206.jpg', '0379', 'Muhammad', 'Khan', 'Muhammad Nasir Khan', 'no-photo.png', 'Murad Khan', 'H #458, St # 51, G-9/1,\r\nIslamabad', '', '', '', ' 0332-5949220 ', '', '', 'Pakistan', '0000-00-00', 'Non Available 379', 'no-cnic.png', '', '', '', '', 'no-cnic.png', '0000-00-00 00:00:00', '', '45a9a31a12615cb83b02425fa524b293', 'All the documents missing', '0.13138700 13739724784a903079d27d0f1ad530f2c1ac76f770', '0', 1, '2013-07-16 11:01:18', '2013-07-16 11:01:18', '2013-07-16 11:01:18', 0, NULL),
(191, '380', '1807131374134473278769099.jpg', '0380', 'Ghulam ', 'Haider', 'Ghulam Haider', 'no-photo.png', 'Ghulam Qadir', '"Dr. Ghulam Haider \r\nKarim Town, Zulfiqarabad  Jutial Gilgit.\r\n"\r\n', '"Dr. Ghulam Haider \r\nKarim Town, Zulfiqarabad  Jutial Gilgit.\r\n"\r\n', '', '', '', '', '', 'Pakistan', '0000-00-00', 'Non Available 380', 'no-cnic.png', '', '', '', '', 'no-cnic.png', '2010-10-01 00:00:00', '', '6a099d81dd07ce0a6ae8e4807b528cb9', 'Almost all the documents missing', '0.42521100 1374134473a44a586104baf66e59dc88199976426b', '0', 1, '2013-07-18 08:01:13', '2013-07-18 08:01:13', '2013-07-18 08:01:13', 0, NULL),
(192, '381', '1807131374135259190860104.jpg', '0381', 'Fazal', 'Hussain', 'Fazal Hussain', 'no-photo.png', 'Muhammad Shafi', 'Vill. Hassan Abad, P.O. Karimabad, Distt. Hunza-Nagir, Gilgit-Baltistan\r\n', 'Vill. Hassan Abad, P.O. Karimabad, Distt. Hunza-Nagir, Gilgit-Baltistan\r\n', '', '', ' 0331-8986989 ', '', '', 'Pakistan', '0000-00-00', '71501-0217238-9', '1807131374135259826479216.jpg', '', '', '', '', 'no-cnic.png', '2010-09-19 00:00:00', '', 'ab4c5a89abd40e4a4c21f4c92bdeab3e', 'Member photo and nominee CNIC missing', '0.15408800 137413525989732548eb1ea37911e224540b0eefcf', '0', 1, '2013-07-18 08:14:19', '2013-07-18 08:14:19', '2013-07-18 08:14:19', 0, NULL),
(193, '382', '1807131374135938240729433.jpg', '0382', 'Bibi', 'Nabat', 'Bibi Nabat', 'no-photo.png', 'Meherban Karim', 'C/O Explore Pakistan, 4 Kousar Market F6/3, Islamabad', 'Village Passu, Tehsil Gojal, District Hunza-Nagir, Gilgit-Baltistan', '', '', ' 0333-5131094 ', '', 'Private Service', 'Pakistan', '0000-00-00', '61101-599224-4', 'no-cnic.png', 'Natasha Karim', 'Daughter', 'Village Passu, Tehsil Gojal, District Hunza-Nagir, Gilgit-Baltistan', '', 'no-cnic.png', '2010-09-11 00:00:00', '', '96d293499ae6a2c3b39f74fa900657f4', 'CNIC and photograph of member is missing', '0.54514900 1374135938b60b8a280d70c808492122166e1c9a09', '0', 0, '2013-07-18 08:25:38', '2013-07-18 08:25:38', '2013-07-18 08:25:38', 0, NULL),
(194, '383', 'no-cnic.png', 'F-10', 'Ghulam ', 'Nabi', 'Ghulam Nabi', 'no-photo.png', 'Qalander Shah', 'Block-11, House FF-1, Hamza Camp Rawalpindi', '', '', '', '0344-3550182', 'afzalaman@hotmail.com', '', 'Pakistan', '0000-00-00', '42201-7157588-5', '1807131374136541689483512.jpg', '', '', '', '', 'no-cnic.png', '2010-01-01 00:00:00', '', '400b32a550de7c8464fa58583a8c978a', 'Membership form, CNIC Member & Nominee CNIC Missing', '0.55065700 1374136541109eb308f3894c9fe019e094c97c0ec4', '0', 1, '2013-07-18 08:35:41', '2013-07-18 08:35:41', '2013-07-18 08:35:41', 0, NULL),
(195, '384', '200713137429921128535456.jpg', '0384', 'Mehar ', 'Ali', 'Meher Ali', 'no-photo.png', 'Lagri Khan', 'c/o Afzal Aman\r\nBlock-11, House FF-1, Hamza Camp Rawalpindi', 'Gojal Garments, National Market Jamat Khana Bazar Gilgit', '', '05811-454421', '0346-9747711', '', '', 'Pakistan', '0000-00-00', 'Non Available 384', 'no-cnic.png', '', '', '', '', 'no-cnic.png', '2010-10-25 00:00:00', '', 'f6861dcc47965c77d73ea953db943159', 'Almost all the documents missing', '0.87842800 1374299211495d99cdb14285480b6578df0191904b', '0', 0, '2013-07-20 05:46:51', '2013-07-20 05:46:51', '2013-07-20 05:46:51', 0, NULL),
(196, '385', '2007131374300879749937788.jpg', '0385', 'Inayat', 'Ali', 'Inayat Ali', 'no-photo.png', 'Qurban Karim', 'Village & P.O. Shimshal,                   \r\nDistrict Hunza Nagar, Gilgit-Baltistan', 'Village & P.O. Shimshal,                   \r\nDistrict Hunza Nagar, Gilgit-Baltistan', '', '', '0346-8487520', '', 'Private Service', 'Pakistan', '0000-00-00', 'Non Available 385', 'no-cnic.png', '', '', '', '', 'no-cnic.png', '2010-10-01 00:00:00', '', '6f98c70fc9f57e8abbcd6751c35097aa', '', '0.20515700 1374300879eccd15ce0cca11df2df81007693a07d6', '0', 1, '2013-07-20 06:14:39', '2013-07-20 06:14:39', '2013-07-20 06:14:39', 0, NULL),
(197, '386', '20071313743017121732747410.jpg', '0386', 'Essar ', 'Karim', 'Essar Karim', 'no-photo.png', 'Jan Muhammad', 'H # 551, St # 53, G-9/1,\r\nIslamabad', 'Haiderabad, P.O Karimabad, District Hunza-Nagir, Giglgit-Baltistan', '051-2260820', '', '0333-5511992', 'ekhunzai@gmail.com', 'Business Man', 'Pakistan', '0000-00-00', '61101-6084844-3', 'no-cnic.png', 'Aliha Sultana', '', 'H # 551, St # 53, G-9/1,\r\nIslamabad', '', 'no-cnic.png', '2010-04-10 00:00:00', '', '23a63cfdb67fc717c4add7416247240f', 'Member photograph and Nominee CNIC Missing', '0.75115500 1374301712222bdb9597f85e1e19578e0759996969', '0', 1, '2013-07-20 06:28:32', '2013-07-20 06:28:32', '2013-07-20 06:28:32', 0, NULL),
(198, '387', 'no-cnic.png', '0387', 'Muhammad ', 'Khan', 'Muhammad Khan', 'no-photo.png', 'Afzal Khan', 'House # 13, Street  # 13, F-7/2\r\nIslamabad', 'Khalti, P.O Gupis, Tehsil Gupis-Yasin, District Ghizer', '', '', ' 0345-5165905 ', '', '', 'Pakistan', '0000-00-00', '37405-1609821-9', 'no-cnic.png', '', '', '', '', 'no-cnic.png', '0000-00-00 00:00:00', '', '122f4f6d49647769566aff4e12896e56', 'Application Form, Member Photograph 7 Nominee CNIC is Missing', '0.53457800 1374304024f904b4762bcb8bd40ff906b5501a8731', '0', 1, '2013-07-20 07:07:04', '2013-07-20 07:07:04', '2013-07-20 07:07:04', 0, NULL),
(199, '388', '2007131374305111299063758.jpg', '0388', 'Mir', '', '', 'no-photo.png', 'Alam', 'Mohalla Khomer, Near C.S.D. Shop, Jutail Gilgit,  Gilgit-Baltistan', 'Mohallah Center Haiderabad, P.O Karimabad, District Hunza-Nagir, Gilgit-Baltistan', '', '', ' 0346-500622      ', '', 'Private Service', 'Pakistan', '0000-00-00', '71502-3561996-3', '20071313743051111882851276.jpg', '', '', '', '', 'no-cnic.png', '2010-09-29 00:00:00', '', 'f11a9dfc764e097c6109d413b54d2191', ' Nominee CNIC is Missing', '0.75151200 1374305111d90813102aaf282c49a6ec23d3cb792e', '0', 1, '2013-07-20 07:25:11', '2013-07-20 07:25:11', '2013-07-20 07:25:11', 0, NULL),
(200, '389', '2007131374306432550351891.jpg', '0389', 'Sikandar ', 'Bahadur', 'Sikandar Bahadur', 'no-photo.png', 'Sorum Khan', 'C/O Muhammad Raheed             \r\nHouse # 141, Street # 36, G- 9/1, Islamabad', 'Jundrot, Tehsil Gupis, District Ghizer, Gilgit-Baltistan', '', '', '0321-5538381', '', 'Business Man', 'Pakistan', '0000-00-00', '71401-2303994-3', 'no-cnic.png', 'Aman Sikandar', 'Son', 'Jundrot, Tehsil Gupis, District Ghizer, Gilgit-Baltistan', '', 'no-cnic.png', '2010-10-05 00:00:00', '', '2b32a2ea06d69412d24e226c46ccc795', 'Member photo, CNI & Nominee CNIC is Missing ', '0.15275300 137430643242c5663a789b3ebf6eebcc8ae1e4d0c6', '0', 1, '2013-07-20 07:47:12', '2013-07-20 07:47:12', '2013-07-20 07:47:12', 0, NULL),
(201, '390', '20071313743078821758182612.jpg', '0390', 'Rahatullah ', 'Baig', 'Rahatullah Baig', 'no-photo.png', 'Hidayatullah Baig', 'H # 612,Khuram Road, G-9/1,\r\nIslamabad', 'Diramishal, P.O Karimabad, District Hunza-Nagir, Gilgit-Baltistan', '', '', '0346-2973477    0305-2223587 ', 'rahatullahbaig@gmail.com', 'Private Service', 'Pakistan', '0000-00-00', '71502-6456627-1', '20071313743078822138508917.jpg', 'Shama Lal', 'Wife', 'Diramishal, P.O Karimabad, District Hunza-Nagir, Gilgit-Baltistan', '71502-4119316-0', '20071313743078821318833323.jpg', '2010-10-04 00:00:00', '', '8588184fc4f6bdabdae5dc65d9f74cc9', '', '0.15518100 137430788298b97327949226d9f5e383ad05ac49dc', '0', 1, '2013-07-20 08:11:22', '2013-07-20 08:11:22', '2013-07-20 08:11:22', 0, NULL),
(202, '391', '2007131374308596114464933.jpg', '0391', 'Muhammad ', 'Younis', 'Muhammad Younis', 'no-photo.png', 'Dilyab Shah', 'H # 502, St # 52, G-9/1,\r\nIslamabad', 'Village Sost, Tehsil Gojal, Districe Hunza-Nagir, Gilgit-Baltistan', '', '', ' 0321-5104006 ', '', '', 'Pakistan', '0000-00-00', 'Non Available 391', 'no-cnic.png', '', '', '', '', 'no-cnic.png', '2010-08-14 00:00:00', '', 'c32beacd05907ceb9a88093893af8ded', 'All the documents missing', '0.11527100 13743085967e564505f2918c2aeeecccc5e9f6669b', '0', 1, '2013-07-20 08:23:16', '2013-07-20 08:23:16', '2013-07-20 08:23:16', 0, NULL),
(203, '39', '23071313745642961031943985.jpg', '039', 'Muhammad', 'Yar', 'Muhammad Yar Khan', 'no-photo.png', 'Bakhtyar Khan', 'H # 10, 1st Street,Wahdat colony, Public chowk, Jutial Gilgit', 'H # 10, 1st Street,Wahdat colony, Public chowk, Jutial Gilgit', '', '05811-55241', '', '', '', 'Pakistan', '0000-00-00', '71501-7560942-7', 'no-cnic.png', '', '', '', '', 'no-cnic.png', '1989-05-13 00:00:00', '', '00b4af26251fbca2c8f7a5711a1f3ed1', 'CNIC, Nominee CNIC & Member Photo Missing', '0.80055500 1374564296874c06c0354287924cfe949d79a56f4a', '0', 1, '2013-07-23 07:24:56', '2013-07-23 07:24:56', '2013-07-23 07:24:56', 0, NULL),
(204, '50', '2507131374737684764619939.jpg', '050', 'Mirbaz', 'Khan', 'Mirbaz Khan', 'no-photo.png', 'Bahar Shah', 'Village Oshikhandass, Tehsil and District Gilgit.', 'Village Oshikhandass, Tehsil and District Gilgit.', '', '05811-457924', '0345-5440669', '', '', 'Pakistan', '0000-00-00', '71501-0937944-9', '25071313747376842020719288.jpg', '', '', '', '', 'no-cnic.png', '1988-11-02 00:00:00', '', '3180f28581b1f8d669739ffd8c9abc31', 'Member photo & nominee CNIC is missing', '0.35201200 1374737684af7206ba8ae78fbcf690d0e3a42c89a7', '0', 1, '2013-07-25 07:34:44', '2013-07-25 07:34:44', '2013-07-25 07:34:44', 0, NULL),
(205, '86', '2507131374738285791893472.jpg', '086', 'Shukrullah', 'Baig', 'Shukrullah Baig', 'no-photo.png', 'Niat Khan', 'Mohalla Sakarkui,               \r\nCentral Jamat Khana No.1, Danyore, \r\nDistt. Gilgit', 'Mohalla Sakarkui,               \r\nCentral Jamat Khana No.1, Danyore, \r\nDistt. Gilgit', '', '05811-456892', '0346-9751755', '', '', 'Pakistan', '0000-00-00', '71501-5928327-3', '25071313747382851729028293.jpg', 'Arif Ullah Baig', 'Son', 'Mohalla Sakarkui,               \r\nCentral Jamat Khana No.1, Danyore, \r\nDistt. Gilgit', '71501-3006961-1', '25071313747382855276690.jpg', '1988-12-29 00:00:00', '', '14ce5afa0437fbfa9303715141e99936', '', '0.37981900 1374738285a33348a4ff3185559050b904bec5cce0', '0', 1, '2013-07-25 07:44:45', '2013-07-25 07:44:45', '2013-07-25 07:44:45', 0, NULL),
(206, '87', 'no-cnic.png', '087', 'Ali', 'Madad', 'Ali Madad', 'no-photo.png', 'Gohar Shah', 'New Jubilee Hunza Corakary Shop # 74, Shah Sultan Block, NLI Market Gilgit', 'New Jubilee Hunza Corakary Shop # 74, Shah Sultan Block, NLI Market Gilgit', '', '', '', '', '', 'Pakistan', '0000-00-00', 'Non Available 87', 'no-cnic.png', '', '', '', '', 'no-cnic.png', '1988-12-29 00:00:00', '', '00e431594ec9aba236b4ac414bd6c63d', 'All the documents missing', '0.88099100 13747395283585283fc09254a8668e60b3510260fe', '0', 1, '2013-07-25 08:05:28', '2013-07-25 08:05:28', '2013-07-25 08:05:28', 0, NULL),
(207, '88', '25071313747401831923761092.jpg', '088', 'Razia', 'Bano', 'Razia Bano', 'no-photo.png', 'Arif Hussain', 'Salar Road Jutial, P.O Jutial, Teh & District Gilgit, Gilgit-Baltistan', 'Salar Road Jutial, P.O Jutial, Teh & District Gilgit, Gilgit-Baltistan', '', '05811-450003', '0346-9237448', '', 'Lecturer', 'Pakistan', '0000-00-00', '71402-6067705-8', 'no-cnic.png', 'Arif Hussain', 'Husband', 'Salar Road Jutial, P.O Jutial, Teh & District Gilgit, Gilgit-Baltistan', '', 'no-cnic.png', '2013-01-26 00:00:00', '', '62a92953f771f45ba2e730c6c2da93df', 'Member photo, nominee CNIC & member CNIC is missing', '0.86843700 1374740183b4d8d47e77f2592f23dc6508c31b3417', '0', 1, '2013-07-25 08:16:23', '2013-07-25 08:16:23', '2013-07-25 08:16:23', 0, NULL),
(208, '89', '2507131374741520419923410.jpg', '089', 'Nazneen', '', 'Nazneen', 'no-photo.png', 'Iqbal Hussain', 'Flat#9-B, Mohallah Aga Khan Housing Society Lahore', 'Flat#9-B, Mohallah Aga Khan Housing Society Lahore', '', '', '', '', '', 'Pakistan', '0000-00-00', '31303-2443712-0', '25071313747415201917220131.jpg', 'Iqbal Hussain', 'Husband', 'Flat#9-B, Mohallah Aga Khan Housing Society Lahore', '31303-9109152-1', '2507131374741520252745615.jpg', '2013-02-23 00:00:00', '', '4bd61e71a6a29bf2a9d388faf2514b04', 'Member Photograph Missing', '0.07217000 1374741520a532c7e1c16f03087c11aee3fe9d18af', '0', 1, '2013-07-25 08:38:40', '2013-07-25 08:38:40', '2013-07-25 08:38:40', 0, NULL),
(209, '90', '2507131374742092702602263.jpg', '090', 'Hakim', 'Ali', 'Hakim Ali Khan', 'no-photo.png', 'Taighoon Khan', 'Hakim Ali Khan\r\nDirector Maintenance\r\nAgaKhan University,               \r\nStadium Road,\r\nKarachi.', 'Dorkhan, Tehsil Aliabad, District Hunza-Nagir, Gilgit-Baltistan', '', '', '', '', '', 'Pakistan', '0000-00-00', '51609-340191-3', 'no-cnic.png', '', '', '', '', 'no-cnic.png', '1988-12-29 00:00:00', '', '5895d92eae95ac6fd072a91bff1bd19c', 'CNIC & Photograph Member, CNIC Nominee Missing', '0.42657400 1374742092c605e946d8803ef7e0bbb27bc911afd8', '0', 1, '2013-07-25 08:48:12', '2013-07-25 08:48:12', '2013-07-25 08:48:12', 0, NULL),
(210, '91', '25071313747425881221560431.jpg', '091', 'Liaqat ', 'Ali', 'Liaqat Ali', 'no-photo.png', 'Rehmat Ali', 'Uch Sharif, Tehsil Ahmed Pur,\r\nSherkia, East  Distt. Bahawalpur', 'Uch Sharif, Tehsil Ahmed Pur,\r\nSherkia, East  Distt. Bahawalpur', '', '"  062-2551091"', '0300-8732515', '', '', 'Pakistan', '0000-00-00', '31201-9055524-5', 'no-cnic.png', '', '', '', '', 'no-cnic.png', '1988-12-29 00:00:00', '', 'c8c89ac632d532eb65f041def11b25d5', 'Almost all the documents missing in the file', '0.94025900 13747425888c46339644316d7ba588efbbd87f6070', '0', 1, '2013-07-25 08:56:28', '2013-07-25 08:56:28', '2013-07-25 08:56:28', 0, NULL),
(211, '92', '25071313747433241868887413.jpg', '092', 'Mariam', 'Rahim', 'Mariam Rahim', 'no-photo.png', 'Rahim', 'H # 499, St # 52, G-9/1 Islamabad', 'H # 499, St # 52, G-9/1 Islamabad', '', '', '', '', '', 'Pakistan', '0000-00-00', 'Non Available 92', 'no-cnic.png', '', '', '', '', 'no-cnic.png', '1988-12-29 00:00:00', '', '36f4cf48b97409ffe4858de75b7ddf32', 'CNIC member, CNIC Nominee & Photograph Missing', '0.00778500 137474332577f38fc01c8018cb1e1be893158b2c93', '0', 1, '2013-07-25 09:08:45', '2013-07-25 09:08:45', '2013-07-25 09:08:45', 0, NULL),
(212, '95', '2507131374744243404651470.jpg', '095', 'Najeebullah', 'Khan', 'Najeebullah Khan', 'no-photo.png', 'Amanullah Khan', 'H # 502, St # 52, G-9/1\r\nIslamabad', 'Salar Road Jutial, P.O Jutial, Gilgit', '', '', '0321-5104006', '', '', 'Pakistan', '0000-00-00', 'Non Available 95', 'no-cnic.png', '', '', '', '', 'no-cnic.png', '1988-12-29 00:00:00', '', 'b0601bed0d8db357c1e324c6ed17dfde', 'Almost all the documents missing', '0.68140100 1374744243ca562b83c4073eb1fa37229cff536ccb', '0', 1, '2013-07-25 09:24:03', '2013-07-25 09:24:03', '2013-07-25 09:24:03', 0, NULL),
(213, '97', 'no-cnic.png', '097', 'Shireen', 'Begum', 'Shireen Begum', 'no-photo.png', 'Ghulam Qadir', 'H # 682, St # 47,G-9/1, Islamabad', '', '', '', '', '', '', 'Pakistan', '0000-00-00', 'Non Available 97', 'no-cnic.png', '', '', '', '', 'no-cnic.png', '0000-00-00 00:00:00', '', '7ea76385d2e33ed5133648d2069d0cbb', 'All the documents missing', '0.03996800 13747446802352f17c108b12a00439fd8e79179c1b', '0', 1, '2013-07-25 09:31:20', '2013-07-25 09:31:20', '2013-07-25 09:31:20', 0, NULL);
INSERT INTO `members` (`id`, `membership_number`, `application_document`, `form_number`, `first_name`, `last_name`, `full_name`, `photo`, `father_husband_name`, `postal_address`, `residential_address`, `phone_office`, `phone_residential`, `mobile`, `email`, `occupation`, `nationality`, `dob`, `cnic`, `member_cnic`, `name_of_nominee`, `relation`, `address_of_nominee`, `nominee_cnic`, `nominee_cnic_scan`, `application_date`, `username`, `password`, `remarks`, `active_key`, `is_blocked`, `status`, `last_login`, `last_modified`, `timestamp`, `created_by`, `photo_path`) VALUES
(214, '98', '27071313749065411210392976.jpg', '098', 'Karim', 'Imdad', 'Karim Imdad', 'no-photo.png', '', 'Village Altit,Teh.Aliabad District Hunza-Nagir Gilgit - Batistan', 'Village Altit,Teh.Aliabad District Hunza-Nagir Gilgit - Batistan', '', '051-2281655', '0333-5276586', '', '', 'Pakistan', '0000-00-00', 'Non Available 98', 'no-cnic.png', '', '', '', '', 'no-cnic.png', '1988-12-30 00:00:00', '', '07061e8b27ce9f928736c31fb96688e9', 'All the documents missing', '0.58069800 1374906541eb2ffb74e35e00313b753afadb94ec73', '0', 1, '2013-07-27 06:29:01', '2013-07-27 06:29:01', '2013-07-27 06:29:01', 0, NULL),
(215, '99', 'no-cnic.png', '099', 'Najam', 'Iqbal', 'Najam Iqbal', 'no-photo.png', 'Nazar Ali Qasim', 'H # 56/57 Block # 31,\r\nSargodha', 'H # 56/57 Block # 31,\r\nSargodha', '', '', '0331-7446216         0334-6525436', '', '', 'Pakistan', '0000-00-00', 'Non Available 99', 'no-cnic.png', '', '', '', '', 'no-cnic.png', '0000-00-00 00:00:00', '', '6c44596563c677a508794071eec9ba25', 'All essential documents missing', '0.55475600 1374907284c614d03f065dd5013c544373a60cc572', '0', 1, '2013-07-27 06:41:24', '2013-07-27 06:41:24', '2013-07-27 06:41:24', 0, NULL),
(216, '100', '27071313749092531197031988.jpg', '0100', 'Shehnaz', 'Hunzai', 'Shehnaz Salim Hunzai', 'no-photo.png', 'Muhammad Saleem', '2-A/399, Inara Homes, Gold Street, Near Aga Khan Maternity Home, Gerden East Karachi.', 'C-23, Noor Villa, 269 Garden West Karachi', '', '021-32250911', '0321-3180249', 'shahnazhunzai@gmail.com', 'Private Service', 'Pakistan', '0000-00-00', '42201-7008078-6', '27071313749092532026509696.jpg', 'Misbah Salim Hunzai', 'Daughter', 'C-23, Noor Villa, 269 Garden West Karachi', '42201-7279566-8', '27071313749092531090267885.jpg', '0000-00-00 00:00:00', '', '6b9f8a7a80964c07999bc59547bfe6ba', '', '0.63454200 137490925397feba30a52d0fce8d763aef46333733', '0', 2, '2013-07-27 07:14:13', '2013-07-27 07:14:13', '2013-07-27 07:14:13', 0, NULL),
(217, '100-A 101 102', 'no-cnic.png', '0100A 101  102', 'Izhar', 'Hunzai', 'Izhar Ali Hunzai', 'no-photo.png', 'Naseeruddin Naseer', 'HOUSE # 284-A St. # 27\r\nF-11/2 Islamabad', 'Shaabad Haiderabad, Tehsil Aliabad, District Hunza-Nagir, Gilgit-Baltistan', '', '', '0334-6525436   0334-7646216   0331-7646216', 'ihunzai@gmail.com', 'Private Service', 'Pakistan', '0000-00-00', '71501-3833193-1', 'no-cnic.png', '', '', '', '', 'no-cnic.png', '0000-00-00 00:00:00', '', 'izharhunzai100a', 'Mmebership Form & Nominee CNIC is Missing', '0.54852200 1374910368986b2ad6ae6e84d6823ca98ee4cf98f0', '0', 1, '2013-07-27 07:32:48', '2013-07-27 07:43:30', '2013-07-27 07:32:48', 0, NULL),
(218, '103', '27071313749116461883719064.jpg', '0103', 'Amin', 'Uddin', 'Amin Uddin', 'no-photo.png', 'Naseeruddin Naseer', 'Khana-e-Hikmat 3-A Noor Villa Garden West Karachi', 'Khana-e-Hikmat 3-A Noor Villa Garden West Karachi', '', '', '0334-6525436    0334-7646216   0331-7646216', '', '', 'Pakistan', '0000-00-00', 'Non Available 103', 'no-cnic.png', '', '', '', '', 'no-cnic.png', '1988-12-31 00:00:00', '', '193c112194c118f47f2542519a67f333', 'All the documents missing', '0.33837600 13749116463cd998ddbe3c4cea041fe65d08f1f2ef', '0', 1, '2013-07-27 07:54:06', '2013-07-27 07:54:06', '2013-07-27 07:54:06', 0, NULL),
(219, '104', '2807131374990223899318701.jpg', '0104', 'Ayatullah', 'Baig', 'Ayatullah Baig', 'no-photo.png', 'Hameedullah Baig', 'H # 708, Strt # 47,Sector G-9/1\r\nIslamabad', 'Center Haiderabad, Tehsil Aliabad, District Hunza-Nagir, Gilgit-Baltistan', '', '', '0344-5748655      0313-5338839', '', 'Private Service', 'Pakistan', '0000-00-00', '17301-6577007-1', '2807131374990223921501903.jpg', 'Saedullah Baig', '', 'Center Haiderabad, Tehsil Aliabad, District Hunza-Nagir, Gilgit-Baltistan', '', 'no-cnic.png', '0000-00-00 00:00:00', '', '36c08076647e9c52c1dda8d421868741', 'Nominee CNIC is Missing', '0.26707800 1374990223ed2ef924d195efba764e90227d6ac767', '0', 1, '2013-07-28 05:43:43', '2013-07-28 05:43:43', '2013-07-28 05:43:43', 0, NULL),
(220, '105', '280713137499185916571321.jpg', '0105', 'Faquir ', 'Muhammad', 'Faquir Muhammmad', 'no-photo.png', 'Abdul Khaliq', '17 Oaklay Close, Middlesex, U.K TW7 4HY ', 'Village Nasirabad, Tehsil Aliabad, District Hunza-Nagir, Gilgit-', '', '0208568625457', '', 'frhunzai@systemz.net', 'Retired', 'Pakistan', '0000-00-00', '914000-103906-9', '2807131374991859518692402.jpg', 'Rashida Hunzai', '', '', '', 'no-cnic.png', '0000-00-00 00:00:00', '', 'fb09b09a4465951dc1026bb07d8ec256', 'Nominee CNIC is Missing', '0.71931700 13749918599c27c0e5236234a27c6f37807943bc6c', '0', 1, '2013-07-28 06:10:59', '2013-07-28 06:10:59', '2013-07-28 06:10:59', 0, NULL),
(221, '106', '28071313749933541792605291.jpg', '0106', 'Muhammad', 'Aziz', 'Muhammad Aziz', 'no-photo.png', 'Abdul Aziz Qasim', '103 Grand Residency 1, Street # 2, \r\nBath Island, Block 7,     \r\nClifton, Karachi', '1123 Park View Hoover, Albama 35244 USA', '', '', '(205)563-7225', 'kassam4@bellsouth.net', 'Retired', 'Pakistan', '0000-00-00', '915097-171862-1', '28071313749933541372751239.jpg', 'Shehzad Kassam', 'Son', '', '42301-7090159-1', 'no-cnic.png', '0000-00-00 00:00:00', '', '9d67248ad13b0c4bbadf92c5747a4990', 'Nominee CNIC is Missing', '0.74018900 13749933544d6c9077660393d847830adc35f29e45', '0', 1, '2013-07-28 06:35:54', '2013-07-28 06:35:54', '2013-07-28 06:35:54', 0, NULL),
(222, '107', '280713137499502371762270.jpg', '0107', 'Fateh', 'Merchant', 'Fateh Ali Merchant', 'no-photo.png', 'Habib Ali', '3-A, Noor Villa, 269 Garden\r\nwest Mill Street Karachi', '3-A, Noor Villa, 269 Garden\r\nwest Mill Street Karachi', '', '', '0333-3197120    0312-3642449', 'hikmat.nizar@gmail.com', 'Retired', 'Pakistan', '0000-00-00', '42201-6007612-1', '28071313749950231611227051.jpg', 'Nizar Merchant', 'Son', '3-A, Noor Villa, 269 Garden\r\nwest Mill Street Karachi', '42201-0366600-5', 'no-cnic.png', '2012-11-02 00:00:00', '', '1dfec8378092980118452ebf1eb044f1', '', '0.81392800 137499502332df61e3f0cee17ef4474f1c112d618d', '0', 2, '2013-07-28 07:03:43', '2013-07-28 07:03:43', '2013-07-28 07:03:43', 0, NULL),
(223, '107-A  107-B', '2807131374997303242369757.jpg', '0107A  0107B', 'Murtaza ', 'Ali', 'Murtaza Ali', 'no-photo.png', 'Husein Ali', 'C-2 Noorani View 103/3 Gold Street Garden East Karachi', 'G-3, plot # 287, prestige plaza  Mirza street Garden West Karachi', '', '', '0345-2393235    0346-2994621', 'qmalidossani@gmail.com', 'Doctor', 'Pakistan', '0000-00-00', '42301-0147858-5', '2807131374997303750680309.jpg', 'Amina Murtaza', '', '', '42201-0422040-2', 'no-cnic.png', '2012-11-02 00:00:00', '', 'MURTAZAALI107A', 'Nominee Cnic is Missing', '0.17394500 1374997303974843dbf28e1601f6dd8a51e4c4ff96', '0', 1, '2013-07-28 07:41:43', '2013-07-28 07:49:12', '2013-07-28 07:41:43', 0, NULL),
(224, '107-c', '28071313749990801722081630.jpg', '0107C', 'Mariyam', 'Muhammad', 'Mariyam Amin Muhammad', 'no-photo.png', 'Amin Muhammad Katodia', 'Barkat House, Surrey, 26 Wendleside Wallinton, SM6 7DW', 'Barkat House, Surrey, 26 Wendleside Wallinton, SM6 7DW', '', '00442086479752', '00447971785460', 'ittutor7@yahoo.co.uk', '', 'Pakistan', '0000-00-00', '914000-107386-0', '28071313749990801508696720.jpg', '', '', '', '', 'no-cnic.png', '0000-00-00 00:00:00', '', 'f806bcd1415567f9ea73bf6df05d17bf', 'Nominee CNIC Missing', '0.44044400 13749990809e13e06d2b21109739a88102690b4d6b', '0', 1, '2013-07-28 08:11:20', '2013-07-28 08:11:20', '2013-07-28 08:11:20', 0, NULL),
(225, '108', '30071313751640101858905520.jpg', '0108', 'Gulkshakar', 'Merchant', 'Gulshakar Merchant', 'no-photo.png', 'Fateh Ali Merchant', '3-A, Noor Villa, 269 Garden\r\nwest Karachi', '3-A, Noor Villa, 269 Garden\r\nwest Karachi', '', '', '', 'fatimah-fatehali@yahoo.com', 'House Wife', 'Pakistan', '0000-00-00', '42201-0405731-8', '3007131375164010370084880.jpg', 'Fatimah Fateh Ali,   Nizar Merchant', '', '3-A, Noor Villa, 269 Garden\r\nwest Karachi', '42201-0405710-4        42201-0366600-5', 'no-cnic.png', '2012-11-02 00:00:00', '', 'gulshakar108', 'Nominee CNIC is Missing', '0.04974300 1375164010dbd5eb9be3d47b9025c9782fd413c656', '0', 2, '2013-07-30 06:00:10', '2013-12-07 09:55:13', '2013-07-30 06:00:10', 0, NULL),
(226, '108-A    108-B  110-A', '3007131375165801661294000.jpg', '0108A   0108B   0110A', 'Ghulam ', 'Qadir', 'Ghulam Qadir', 'no-photo.png', 'Amanullah Baig', 'H # 682,St # 47, Sector-G-9/1, Islamabad', 'Village Aliabad, Tehsil Aliabad, District Hunza-Nagir, Gilgit-Baltistan', '', '', '0344-5878883   0344-5615158', '', '', 'Pakistan', '0000-00-00', '61101-7895147-3', 'no-cnic.png', '', '', '', '', 'no-cnic.png', '1988-12-31 00:00:00', '', 'QADIR108A', 'Member photograph and nominee cnic is missing ', '0.80193700 1375165801e4c0f40dc9157f871436df030166e414', '0', 1, '2013-07-30 06:30:01', '2013-08-01 05:30:49', '2013-07-30 06:30:01', 0, NULL),
(227, '108-C', '3107131375253234608760414.jpg', '0108C', 'Sultan', 'Ali', 'Sultan Ali', 'no-photo.png', 'Ladji', '3-A Noor Villa 269, Garden West,  Karachi', '3-A Noor Villa 269, Garden West,  Karachi', '', '', '', '', 'Self Employed', 'Pakistan', '0000-00-00', '915090-153721-6', 'no-cnic.png', 'Shoukat Bano,    Azim Ali', '', '3-A Noor Villa 269, Garden West,  Karachi', '44986396017   71501-175482-5', 'no-cnic.png', '2012-10-22 00:00:00', '', '21fc547a0f5c3c7b0430ba0b78c15074', 'Nominee & Members CNIC is Missing', '0.89825300 13752532342d0286f1ccfd749b10346813ef45a4d1', '0', 1, '2013-07-31 06:47:14', '2013-07-31 06:47:14', '2013-07-31 06:47:14', 0, NULL),
(228, '108-D', '31071313752553011705108935.jpg', '0108D', 'Mustafa', 'Momin', 'Mustafa Momin', 'no-photo.png', 'Qasam Ali', 'Khana-e- Hikmat, 3-A  Noor Villa , Garden West Karachi', 'Khana-e- Hikmat, 3-A  Noor Villa , Garden West Karachi', '', '678-849-3601', '', 'mmomin85@gmail.com', '', 'Pakistan', '0000-00-00', '449-57-115570', 'no-cnic.png', 'Mumtaz Momin', '', 'Khana-e- Hikmat, 3-A  Noor Villa , Garden West Karachi', '449-85-388920', 'no-cnic.png', '0000-00-00 00:00:00', '', '45c870fe36f39766e63ae679e74b8f24', 'CNICs Missing of Both Member and Nominee', '0.24892000 13752553018f4d3a8818869759283359332ed313cb', '0', 1, '2013-07-31 07:21:41', '2013-07-31 07:21:41', '2013-07-31 07:21:41', 0, NULL),
(229, '109', '31071313752568631930257004.jpg', '0109', 'Yasmin', '', 'Yasmin Ambar', 'no-photo.png', 'Muhammad Kassam', '103 Grand Residency 1,         \r\n Street # 2, Bath Island, Block 7,  \r\n Clifton, Karachi', '103 Grand Residency 1,         \r\n Street # 2, Bath Island, Block 7,  \r\n Clifton, Karachi', '', '3587-1804', '205-563-7225', 'kassam4@bellsouth.net', 'House Wife', 'Pakistan', '0000-00-00', '91509-0109696-0', 'no-cnic.png', 'Shehzad Kassam', '', '103 Grand Residency 1,         \r\n Street # 2, Bath Island, Block 7,  \r\n Clifton, Karachi', '42301-7090159-1', 'no-cnic.png', '0000-00-00 00:00:00', '', '160f0986c5fb19bc4e54448cba8ca10d', 'CNIC of both member and nominee is missing', '0.29525500 1375256863efd928b82cf315cafa889e9f2573250c', '0', 2, '2013-07-31 07:47:43', '2013-07-31 07:47:43', '2013-07-31 07:47:43', 0, NULL),
(230, '110', 'no-cnic.png', '0110', 'Shireen', 'Begum', 'Shireen Begum', 'no-photo.png', 'Ghulam Qadir', 'c/o Mr.Ghulam Qadir\r\nH# 682,St. # 47,G-9/1,\r\nIslamabad', '', '', '', '', '', '', 'Pakistan', '0000-00-00', 'Non Available 110', 'no-cnic.png', '', '', '', '', 'no-cnic.png', '0000-00-00 00:00:00', '', '27b132f2bc5f60fa74ad801d990e0eda', 'No membership Document availabloe', '0.83883600 1375333843c24b5a1068543a088dafc6942d050c74', '0', 1, '2013-08-01 05:10:43', '2013-08-01 05:10:43', '2013-08-01 05:10:43', 0, NULL),
(231, '111', '01081313753373561933685452.jpg', '0111', 'Shamsuddin', '', 'Shamsuddin', 'no-photo.png', 'Jan Muhammad Jumma', '1401 Meadow Vist Dr. Carrollton, Texas 75007', '1401 Meadow Vist Dr. Carrollton, Texas 75007', '(817)808-3783', '469-892-6152', '', 'shamskarima@gmail.com', 'Business Man', 'Pakistan', '0000-00-00', 'Non Available 111', 'no-cnic.png', '', '', '', '', 'no-cnic.png', '2012-10-21 00:00:00', '', 'e2d8b00ae030cde3db3ee3503e2c66d9', '', '0.50686600 137533735648bf8fbcf380d87b8fd478ab93afd685', '0', 1, '2013-08-01 06:09:16', '2013-08-01 06:09:16', '2013-08-01 06:09:16', 0, NULL),
(232, '112', '01081313753383681771619459.jpg', '0112', 'Khushan ', 'Begum', 'Khushan Begum', 'no-photo.png', 'Amanullah Khan', 'H # 502, St # 52, G-9/1 Islamabad', 'Salar Road Jutial, P.O Jutial, District Gilgit.', '', '051-2280634', '0321-5104006', '', '', 'Pakistan', '0000-00-00', 'Non Available 112', 'no-cnic.png', '', '', '', '', 'no-cnic.png', '1988-12-31 00:00:00', '', '1970436a7941937c26ea749d0d476199', 'Almost all the documents missing', '0.19256100 137533836810e199f978ad95efb964dadf8fc0fa54', '0', 1, '2013-08-01 06:26:08', '2013-08-01 06:26:08', '2013-08-01 06:26:08', 0, NULL),
(233, '113', '0108131375340523312435195.jpg', '0113', 'Ijlal ', 'Hussain', 'Ijlal Hussain', 'no-photo.png', 'Sana Khan', 'H #580,St # 69,I-8/3, Islamabad', '', '', '051-4431059 ', '0346-5175136', '', '', 'Pakistan', '0000-00-00', 'Non Available 113', 'no-cnic.png', '', '', '', '', 'no-cnic.png', '1988-12-31 00:00:00', '', '97403ca73790135fc04ac9422e394077', 'Almost all the documents missing', '0.31153100 13753405231bfd85f9d602c6b67830a6ade4764b14', '0', 1, '2013-08-01 07:02:03', '2013-08-01 07:02:03', '2013-08-01 07:02:03', 0, NULL),
(234, '114', '01081313753452251117461097.jpg', '0114', 'Mir', 'Aman', 'Alijah Mir Aman Ali Shah', 'no-photo.png', 'Sahib Khan', 'Murtaza Abad Garments, Raja Bazar Gilgit.', 'Murtaza Abad Garments, Raja Bazar Gilgit.', '', '', '0346-5067430', '', '', 'Pakistan', '0000-00-00', 'Non Available 114', 'no-cnic.png', '', '', '', '', 'no-cnic.png', '1989-12-31 00:00:00', '', 'fb14d98a3d4bb70830574f2effccc673', 'All the documents mising', '0.42422200 1375345225c3400501b149b7e347678ac84e3b7d1e', '0', 1, '2013-08-01 08:20:25', '2013-08-01 08:20:25', '2013-08-01 08:20:25', 0, NULL),
(235, '115', '0108131375346006105903134.jpg', '0115', 'Janan', 'Khan', 'Janan Khan', 'no-photo.png', 'Mulki Aman', 'J.J Color Lab, Alfalah Market\r\nzulfiqarabad colony jutial\r\n Gilgit', 'J.J Color Lab, Alfalah Market\r\nzulfiqarabad colony jutial\r\n Gilgit', '', '', '0345-5899711', '', '', 'Pakistan', '0000-00-00', 'Non Available 115', 'no-cnic.png', '', '', '', '', 'no-cnic.png', '1988-12-31 00:00:00', '', '66002d30722dd4896850b7705655d105', 'All the documents missing', '0.83486000 13753460061f33977eb9dc920a21dbd88dbce9202b', '0', 1, '2013-08-01 08:33:26', '2013-08-01 08:33:26', '2013-08-01 08:33:26', 0, NULL),
(236, '116', '0108131375346634574054373.jpg', '116', 'Ziaullah', 'Baig', 'Ziaullah Baig', 'no-photo.png', 'Dara Baig', 'Flat # 3, Street # 100, Block # 34-C,  \r\nG-11/3, Islamabad', '', '', '', '0345-5398898', '', '', 'Pakistan', '0000-00-00', 'Non Available 116', 'no-cnic.png', '', '', '', '', 'no-cnic.png', '2005-11-21 00:00:00', '', '00325e4ecfc931c13ad481b62dfc18f3', 'All the documents missing', '0.78756100 13753466341014561a5ac8e732dad045660039ac31', '0', 1, '2013-08-01 08:43:54', '2013-08-01 08:43:54', '2013-08-01 08:43:54', 0, NULL),
(237, '118', '01081313753489591147174498.jpg', '0118', 'Qudratullah', 'Baig', 'Qudratullah Baig', 'no-photo.png', 'Hidayatullah Baig', 'Shama Hardwear Store, Sir Aga Khan Road Gilgit', 'Shama Hardwear Store, Sir Aga Khan Road Gilgit', '', '', '0346-5489846', '', 'Business Man', 'Pakistan', '0000-00-00', '71501-0210445-1', '01081313753489591853179854.jpg', 'Saifullah Baig,  Samiullah Baig, Rahimullah Baig', 'Son', 'Shama Hardwear Store, Sir Aga Khan Road Gilgit', '', '0108131375348959569277330.jpg', '0000-00-00 00:00:00', '', 'qudratullahbaig118', '', '0.94226700 13753489596772a9061e6399405a49aa50e61be7c5', '0', 1, '2013-08-01 09:22:39', '2013-08-04 06:31:58', '2013-08-01 09:22:39', 0, NULL),
(238, '119', '0408131375597733915924299.jpg', '0119', 'Mutabiat ', 'Shah', 'Mutabiat Shah', 'no-photo.png', 'Yakshmal Khan', 'House # 6, Street #3, Wahdat Colony, Jutial Gilgit.', 'Village & P.O Gulmit, Tehsil Gojal, District Hunza-Nagir, Gilgit', '', '05811-455354', '0344-8822244', 'mutabiat@yahoo.com', 'Politician', 'Pakistan', '0000-00-00', '71501-8615656-9', '040813137559773311218512.jpg', 'Kiramat Ali Shah, Hidayat Ali Shah, Shujaat Rafi', 'Sons', 'House # 6, Street #3, Wahdat Colony, Jutial Gilgit.', '71501-0218284-7, 71501-3796913-3, 71502-0178173-9', 'no-cnic.png', '2012-07-29 00:00:00', '', '19ceb2dc4349c21dda240cca5d4bd8cb', '', '0.47728400 1375597733150cc4df7111a383dacb6a44cff52ffd', '0', 2, '2013-08-04 06:28:53', '2013-08-04 06:28:53', '2013-08-04 06:28:53', 0, NULL),
(239, '120', '04081313755982351856388368.jpg', '0120', 'Iqbal ', 'Shah', 'Iqbal Shah', 'no-photo.png', 'Qadeer Shah', 'Village Singal, Tehsil Punial, District Ghizer, Gilgit-Baltistan ', 'Village Singal, Tehsil Punial, District Ghizer, Gilgit-Baltistan ', '', '', '0332-3784270   0347-4148440', '', '', 'Pakistan', '0000-00-00', 'Non Available 120', 'no-cnic.png', '', '', '', '', 'no-cnic.png', '1988-12-31 00:00:00', '', 'bb94ff4d8cc3acfcb7d6319b682bd397', 'All the documents missing', '0.49632500 137559823511ea08dd4dcd76d7d70cc1ed2f9e9438', '0', 1, '2013-08-04 06:37:15', '2013-08-04 06:37:15', '2013-08-04 06:37:15', 0, NULL),
(240, '121', '0408131375598691350399962.jpg', '0121', 'Musa', 'Rahim', 'Musa Rahim', 'no-photo.png', 'Khan', 'H # 568, St # 53,G-9/1, Islamabad', 'Village Singal, Tehsil Punial, Distt. Ghizer, Gilgit-Baltistan', '', '051-2852297', '0300-5018515', '', 'Doctor', 'Pakistan', '0000-00-00', '42201-7707788-5', '04081313755986911971539302.jpg', 'Tariq Rahim Khan', 'Son', 'H # 568, St # 53,G-9/1, Islamabad', '42201-8680435-5', '04081313755986911412781050.jpg', '2013-05-19 00:00:00', '', '342123792af5403b399dbfa035dd805a', '', '0.43728100 13755986913b71642ebd6d593b7d6f49f235bb754a', '0', 1, '2013-08-04 06:44:51', '2013-08-04 06:44:51', '2013-08-04 06:44:51', 0, NULL),
(241, '122', '0408131375599101141883330.jpg', '0122', 'Muhammad ', 'Amin', 'Muhammad Amin', 'no-photo.png', 'Hakim Shah', 'Village Gich, Tehsil Punial, District Ghizer, Gilgit-Baltistan', 'Village Gich, Tehsil Punial, District Ghizer, Gilgit-Baltistan', '', '', '0333-5214652', '', '', 'Pakistan', '0000-00-00', 'Non Available 122', 'no-cnic.png', '', '', '', '', 'no-cnic.png', '1989-01-17 00:00:00', '', '82a4ba03aa1e0684c37f685ef2789a15', 'All the necessary documents missing', '0.09176000 13755991015ea9cdccb0756937f4c7c602b29c1bff', '0', 1, '2013-08-04 06:51:41', '2013-08-04 06:51:41', '2013-08-04 06:51:41', 0, NULL),
(242, '123', '04081313755995421577853028.jpg', '0123', 'Mirza', 'Yousuf', 'Mirza Yousuf', 'no-photo.png', 'Abdul Jabbar', 'Village Haiderabad, Tehsil Aliabad, District Hunza-Nagir, Gilgit-Baltistan', 'Village Haiderabad, Tehsil Aliabad, District Hunza-Nagir, Gilgit-Baltistan', '', '05811-454572', '0343-5128495', '', '', 'Pakistan', '0000-00-00', 'Non Available 123', '04081313755995421348836529.jpg', '', '', '', '', '04081313755995421942363970.jpg', '1989-01-17 00:00:00', '', 'mirzayousuf123', '', '0.63566100 13755995421872a7c2309529bb9f466546521a9670', '0', 1, '2013-08-04 06:59:02', '2013-08-04 07:02:47', '2013-08-04 06:59:02', 0, NULL),
(243, '125', '0408131375600878769327288.jpg', '0125', 'Aziz', 'Ullah', 'Azizullah', 'no-photo.png', 'Mirza', 'Aziz Cloth House, Airport Road, Gilgit.', 'Village Hussaini, Tehsil Gojal, District Hunza-Nagir, Gilgit-Baltistan', '', '', '0346-9548334    0346-2978415  0323-9901536', '', 'Business Man', 'Pakistan', '0000-00-00', '71501-0220149-7', '04081313756008782014565058.jpg', 'Saleem Ullah', 'Son', 'Village Hussaini, Tehsil Gojal, District Hunza-Nagir, Gilgit-Baltistan', '71501-0543959-9', '0408131375600878174786212.jpg', '0000-00-00 00:00:00', '', '6825375f32eda1aa125ad4f08500a625', '', '0.68660700 13756008789854ae20224eb67f1ebbf995ca9980d3', '0', 1, '2013-08-04 07:21:18', '2013-08-04 07:21:18', '2013-08-04 07:21:18', 0, NULL),
(244, '202', 'no-cnic.png', '0202', 'Ali', 'Sher', 'Ali Sher', 'no-photo.png', 'Juma Baig', 'Zulfiqarabad, P.O Jutial, District Gilgit', 'Zulfiqarabad, P.O Jutial, District Gilgit', '', '', '0346-9547779', '', '', 'Pakistan', '0000-00-00', 'Non Available 202', 'no-cnic.png', '', '', '', '', 'no-cnic.png', '0000-00-00 00:00:00', '', '16936eead7f4400aae1e5b80dcaf3642', 'All the documents missing', '0.09827400 1375601796fc76067c96d3b343d68e103cefbbed31', '0', 1, '2013-08-04 07:36:36', '2013-08-04 07:36:36', '2013-08-04 07:36:36', 0, NULL),
(245, '203', '0408131375602458541186582.jpg', '0203', 'Nek', 'Alam', 'Nek Alam', 'no-photo.png', 'Lal Khan', 'House # 342,Block-D Sattelite Town\r\nRawalpindi\r\n', 'House # 342,Block-D Sattelite Town\r\nRawalpindi', '', '', '0344-2198140    0343-5479115   0308-5557410', 'naikalam2004@yahoo.com', 'Engineer', 'Pakistan', '0000-00-00', '71501-0219826-1', '04081313756024582027820991.jpg', 'Noor Bano', 'Wife', 'House # 342,Block-D Sattelite Town\r\nRawalpindi', '71501-0214623-4', '04081313756024581391669370.jpg', '2012-10-14 00:00:00', '', 'db45e763e3b2011f4014b6990e368639', '', NULL, '0', 2, '2016-01-20 08:41:53', '2016-01-20 08:41:53', '2013-08-04 07:47:38', 0, NULL),
(246, '204', '0408131375606236741639326.jpg', '0204', 'Ali ', 'Madad', 'Ali Madad', 'no-photo.png', 'Aman Ali Shah', 'House # 574, Street # 53, G-9/1 Islamabad', 'Ali Madad House, Mahallah Khandas,                            \r\nNew GPO University Road,            \r\nGilgit', '', '', '0333-5596506', '', 'Engineer', 'Pakistan', '0000-00-00', '71501-6576005-3', '0408131375606236347418098.jpg', 'Sultan Ahmad', 'Son', 'Ali Madad House, Mahallah Khandas,                            \r\nNew GPO University Road,            \r\nGilgit', '71501-6298561-5', '0408131375606236275723577.jpg', '2011-11-19 00:00:00', '', 'alimadad204', '', '0.73937000 13756062362990d205647d4412ea6bcce539a4a21c', '0', 1, '2013-08-04 08:50:36', '2013-08-04 08:53:28', '2013-08-04 08:50:36', 0, NULL),
(247, '206', '04081313756098671990970482.jpg', '0206', 'Muhammad ', 'Qadir', 'Muhammad Qadir', 'no-photo.png', 'Wazir Baig', 'Zulfiqarabad, Near Officer Mess, FCNA Gilgit.', 'Village Singal, Tehsil Punial, District Ghizer, Gilgit-Baltistan', '', '', '0346-8480920    0300-9118229', '', '', 'Pakistan', '0000-00-00', '71501-8635966-9', '0408131375609867102865594.jpg', 'Taj Bibi', 'Wife', 'Zulfiqarabad, Near Officer Mess, FCNA Gilgit.', '', 'no-cnic.png', '0000-00-00 00:00:00', '', '3c71d35e9fc19c41c8b36964695107b3', 'Nominee CNIC & Member Photograph are missing', '0.49209900 1375609867dfaf9861ef22ff0c4dfe1f85747602b7', '0', 1, '2013-08-04 09:51:07', '2013-08-04 09:51:07', '2013-08-04 09:51:07', 0, NULL),
(248, '210', '05081313756788751786443705.jpg', '0210', 'Mir', 'Khan', 'Mir Ahmad Khan', 'no-photo.png', 'Dada Khan', 'Vill. Sultanabad Altit, Teh.\r\nAliabad, Hunza,Distt. Gilgit', 'Vill. Sultanabad Altit, Teh.\r\nAliabad, Hunza,Distt. Gilgit', '', '', '', '', '', 'Pakistan', '0000-00-00', '71502-3173409-5', '0508131375678875238349592.jpg', '', '', '', '', 'no-cnic.png', '1989-01-19 00:00:00', '', '8c359e11c728bcfd11da1007a04459f0', 'Nominee CNIC is Missing', '0.93063100 1375678875ba9767aae44c4c3a8c83d0bcd037b9ab', '0', 1, '2013-08-05 05:01:15', '2013-08-05 05:01:15', '2013-08-05 05:01:15', 0, NULL),
(249, '211', '05081313756805431357846141.jpg', '0211', 'Haji Jan', 'Brothers', 'Haji Jan Brothers', 'no-photo.png', 'Amiro', 'Awami Carpet House Jamat Khana Bazar Gilgit.', 'Vill. & P.O.Danyore,                           \r\nDistt. Gilgit-Baltistan', '', '', ' 0344-9482811 ', '', '', 'Pakistan', '0000-00-00', '71501-0218419-9', '0508131375680543901183404.jpg', '', '', '', '', 'no-cnic.png', '2009-01-19 00:00:00', '', 'f6fa593e9db7a561a2d0c47d79fdfd8e', 'Details of other brothers missing', '0.69250800 1375680543bd72b045d4a580d92dc265ad55474987', '0', 1, '2013-08-05 05:29:03', '2013-08-05 05:29:03', '2013-08-05 05:29:03', 0, NULL),
(250, '212', 'no-cnic.png', '0212', 'Khush', 'Jan', 'Khush Jan', 'no-photo.png', '', 'Vill.Door Khan, Tehsil Aliabad District Hunza,Gilgit-Baltistan Pakistan', 'Vill.Door Khan, Tehsil Aliabad District Hunza,Gilgit-Baltistan Pakistan', '', '', '', '', '', 'Pakistan', '0000-00-00', 'Non Available 212', 'no-cnic.png', '', '', '', '', 'no-cnic.png', '0000-00-00 00:00:00', '', 'baa7e5c7831009c81f7ab02985ccc788', 'No personal record available', '0.53681900 13756809806bf2293699d0ca9991206d6129535f47', '0', 1, '2013-08-05 05:36:20', '2013-08-05 05:36:20', '2013-08-05 05:36:20', 0, NULL),
(251, '213', '0508131375681633420765484.jpg', '0213', 'Naseem ', 'Bano', 'Naseem Bano', 'no-photo.png', 'Ghulam Baig', 'Mohallah Zulfiqarabad, P.O Jutial, District Gilgit.', 'Mohallah Zulfiqarabad, P.O Jutial, District Gilgit.', '', '05811-455218', '0355-5550007', '', '', 'Pakistan', '0000-00-00', '71501-4608329-4', '0508131375681633704933460.jpg', '', '', '', '', '0508131375681633966229693.jpg', '1989-01-19 00:00:00', '', 'f1575e227adab2509ea472243c34ebd0', 'Nominee CNIC Missing', '0.90338400 13756816335fc84e65df6f49474839fada48456cc2', '0', 1, '2013-08-05 05:47:13', '2013-08-05 05:47:13', '2013-08-05 05:47:13', 0, NULL),
(252, '214', '050813137568303037239230.jpg', '0214', 'Wilayat', 'Shah', 'Wilayat Shah', 'no-photo.png', 'Akbar Shah', 'Mohallah Konoda, Chashma Chowk Danyor, Tehsil & District Gilgit', 'Mohallah Konoda, Chashma Chowk Danyor, Tehsil & District Gilgit', '', '', '0331-8550128    0345-5061703', '', '', 'Pakistan', '0000-00-00', '71501-9553700-9', '0508131375683030515280642.jpg', '', '', '', '', 'no-cnic.png', '1989-01-19 00:00:00', '', '281e86a823b70d8133e49ed1adc0a773', 'Nominee CNIC is missing, member CNIC is expired, member photograph is missing', '0.27040900 137568303043c707e29030e4e426181118ba325be9', '0', 1, '2013-08-05 06:10:30', '2013-08-05 06:10:30', '2013-08-05 06:10:30', 0, NULL),
(253, '216   217', '05081313756837231940872809.jpg', '0216  0217', 'Mirbaz', 'Khan', 'Mirbaz Khan', 'no-photo.png', 'Rubi Ali', 'Zulfiqarabad, Naveed Shaheed\r\nRoad Jutial , Gilgit\r\n', 'Zulfiqarabad, Naveed Shaheed\r\nRoad Jutial , Gilgit\r\n', '', '', '', '', '', 'Pakistan', '0000-00-00', 'Non Available 216', 'no-cnic.png', '', '', '', '', 'no-cnic.png', '1989-01-19 00:00:00', '', 'mirbazkhan216', 'Almost all necessary documents missing', '0.11546500 13756837239f6f466e26c8728294c6b247baaa72c9', '0', 1, '2013-08-05 06:22:03', '2013-08-05 06:26:27', '2013-08-05 06:22:03', 0, NULL),
(254, '218', '0508131375684628762739991.jpg', '0218', 'Hafizullah ', 'Baig', 'Hafizullah Baig', 'no-photo.png', '', 'Baig Hotel, Airport Road Gilgit.', '', '', '', '0321-9730700', '', '', 'Pakistan', '0000-00-00', 'Non Available 218', 'no-cnic.png', '', '', '', '', 'no-cnic.png', '1989-01-19 00:00:00', '', '04b9277ae0d8e94daf865148d8c6d89e', '', '0.67311400 13756846284bd7cba5b7c3f70a7646a645f38aded0', '0', 1, '2013-08-05 06:37:08', '2013-08-05 06:37:08', '2013-08-05 06:37:08', 0, NULL),
(255, '219', 'no-cnic.png', '0219', 'Aziz ', 'Jan', 'Aziz Ahamad Jan', 'no-photo.png', 'Mir Ahmad Jan', 'H # 45-G, St # 39, Sec. I-8/2,\r\nIsalamabad', 'Village & P.O Aliabad, Tehsil Aliababad, District Hunza-Nagir, Gilgit-Baltistan', '', '051-4444149', '0343-5603597', '', '', 'Pakistan', '0000-00-00', '42201-8275859-3', 'no-cnic.png', '', '', '', '', 'no-cnic.png', '0000-00-00 00:00:00', '', 'dac8e3d510f627bc9d80fd1c8d7f415c', 'CNIC and Membership Form Missing', '0.29303100 13756851715a155ed62d3cfdccf9374b3460ff8750', '0', 1, '2013-08-05 06:46:11', '2013-08-05 06:46:11', '2013-08-05 06:46:11', 0, NULL),
(256, '221', '05081313756859801013170853.jpg', '0221', 'Amir', ' Ali', 'Amir Ali', 'no-photo.png', 'Ehsan Ali', 'Mohallah Shareen abad\r\nVill.Amphari,  Danyore Gilgit  ', 'Mohallah Shareen abad\r\nVill.Amphari,  Danyore Gilgit  ', '', '', '0344-5420003', '', 'Contractor', 'Pakistan', '0000-00-00', '71501-5219137-9', '05081313756859801026800451.jpg', '', '', '', '', 'no-cnic.png', '2012-12-01 00:00:00', '', 'c481d1f9585c19be859980ba92f08f34', 'Nominee CNIC is Missing', '0.02436200 13756859815257c32d6246cdc310ccab6026675d7c', '0', 1, '2013-08-05 06:59:41', '2013-08-05 06:59:41', '2013-08-05 06:59:41', 0, NULL),
(257, '222', '1708131376736573553260123.jpg', '0222', 'Mir', 'Alam', 'Mir Alam', 'no-photo.png', 'Zaidullah Khan', '', '', '', '', '', '', '', 'Pakistan', '0000-00-00', 'Non Available 222', 'no-cnic.png', '', '', '', '', 'no-cnic.png', '0000-00-00 00:00:00', '', 'f8da83288f0322d0e15c4df07679563f', 'FORM, CNIC, NOMINEE CNIC IS MISSING', '0.09839400 137673657337e0e3b5af016348426416fbbdf01262', '0', 1, '2013-08-17 10:49:33', '2013-08-17 10:49:33', '2013-08-17 10:49:33', 0, NULL),
(258, '223', 'no-cnic.png', '0223', 'Afsana ', 'Shakeel', 'Afsana Shakeel', 'no-photo.png', 'Shakeel Alam', 'House # 630, Street # 44\r\nG-9/1, Islamabad\r\n', 'Diramishal Karimabad, Tehsil Aliabad, District Hunza-Nagir, Gilgit-Baltistan', '', '', '', '', '', 'Pakistan', '0000-00-00', '61101-1929477-7', 'no-cnic.png', '', '', '', '', 'no-cnic.png', '0000-00-00 00:00:00', '', '845895d96ba7f7daecf24b9ecd258fe3', 'Almost All the documents missing', '0.25813900 1376737293648d601272d6dd699fb9004dee09ecec', '0', 1, '2013-08-17 11:01:33', '2013-08-17 11:01:33', '2013-08-17 11:01:33', 0, NULL),
(259, '224', '19081313769065591513855266.jpg', '0224', 'Mashgool', 'Alam', 'Mashgool Alam', 'no-photo.png', 'Amir Hayat', 'Murtaza Abad Hunza, Distt.Hunza, Negar Gilgit N.A. Pakistan', 'Murtaza Abad Hunza, Distt.Hunza, Negar Gilgit N.A. Pakistan', '', '', '0346-9548692', '', '', 'Pakistan', '0000-00-00', '71501-4300988-3', '1908131376906559977909638.jpg', 'Javed Alam', 'Son', '', '', 'no-cnic.png', '1989-01-19 00:00:00', '', 'eba55e41cbb8269e523ebc534d9467ec', 'Member photo and Nominee CNIC is missing', '0.55147300 1376906559c9b5b83012d5c8998bbe72e2ac991551', '0', 1, '2013-08-19 10:02:39', '2013-08-19 10:02:39', '2013-08-19 10:02:39', 0, NULL),
(260, '225', '1908131376907398968891207.jpg', '0225', 'Tullah', 'Khan', 'Tullah Khan', 'no-photo.png', 'Sadat Khan', 'H # 507, St # 52, G-9/1 Islamabad', 'H # 507, St # 52, G-9/1 Islamabad', '', '051-2855245', '0300-9191959      0313-9191959', '', '', 'Pakistan', '0000-00-00', '71501-5033047-5', '19081313769073971176598198.jpg', 'Rahmat Ali Khan', '', '', '71501-32300972-3', 'no-cnic.png', '1989-01-19 00:00:00', '', 'f05f457328b5c7249746c8902c54ab28', 'Member photo & nominee CNIC is Missing', '0.03926200 13769073988c2b7f02fce7f30ff15eae08821929e4', '0', 1, '2013-08-19 10:16:38', '2013-08-19 10:16:38', '2013-08-19 10:16:38', 0, NULL),
(261, '226', '1908131376907706883750618.jpg', '0226', 'Rehmat ', 'Ali', 'Rehmat Ali', 'no-photo.png', 'Sihat Ali', 'H # 556 St # 53 G-9/1\r\nIslamabad', 'Jutial Gilgit', '', '', '', '', '', 'Pakistan', '0000-00-00', 'Non Available 226', 'no-cnic.png', '', '', '', '', 'no-cnic.png', '1989-01-09 00:00:00', '', '6707688f30515829f5b5cbd808022e29', 'Almost All the necessary documents missing', '0.41100300 137690770616101be0b75135910354a880c78044fd', '0', 1, '2013-08-19 10:21:46', '2013-08-19 10:21:46', '2013-08-19 10:21:46', 0, NULL),
(262, '227', '1908131376908557646699770.jpg', '0227', 'Muhammad', 'Shafi', 'Muhammad Shafi', 'no-photo.png', 'Inayat Khan', 'Block # F,Zulfiqar Abad Colony Jutial, Gilgit', 'Block # F,Zulfiqar Abad Colony Jutial, Gilgit', '', '05811-455653', '', '', '', 'Pakistan', '0000-00-00', '71501-0217236-3', '19081313769085571321127649.jpg', 'Miree Shafi', 'Wife', 'Block # F,Zulfiqar Abad Colony Jutial, Gilgit', '71501-0212399-2', '19081313769085571313414214.jpg', '1989-01-19 00:00:00', '', '1a15b1f6d87805c9dbaf1a8962f7ea18', 'Member photo missing', '0.74295100 1376908557701b48f08ce60858ec2a461d67938a7a', '0', 1, '2013-08-19 10:35:57', '2013-08-19 10:35:57', '2013-08-19 10:35:57', 0, NULL),
(263, '228', 'no-cnic.png', '0228', 'Karim', 'Alam', 'Karim Alam', 'no-photo.png', 'Mehboob Alam', 'Village & Tehsil Ali Abad, District  Hunz-Nagir, Gilgit Baltistan ', 'Village & Tehsil Ali Abad, District  Hunz-Nagir, Gilgit Baltistan ', '', '', '0344-5299209', '', '', 'Pakistan', '0000-00-00', '71502-9016115-1', '1908131376910554772616794.jpg', '', '', '', '', 'no-cnic.png', '0000-00-00 00:00:00', '', '75e94cd96ac829eb35d990e8ddce4a3b', 'Membership form & Nominee CNCI is Missing', '0.91541500 1376910554db9b375baa24e1f423987ffe7716f8fc', '0', 1, '2013-08-19 11:09:14', '2013-08-19 11:09:14', '2013-08-19 11:09:14', 0, NULL),
(264, '232', '19081313769117071749365473.jpg', '0232', 'Saeed', 'Alam', 'Saeed Alam', 'no-photo.png', 'Afsar Jan', 'H# 196, 1st Floor, Street # 07, Main Road Side, Rawal Town Islamabad.', 'Ghaimash Karimabad, Tehsil Aliabad, District Hunza-Nagir, Gilgit-Baltistan ', '051-2110456', '', '0300-9503157', 'alamhunzai786@yahoo.com', '', 'Pakistan', '0000-00-00', '71502-8703577-7', '1908131376911707653359758.jpg', 'Munawar Alam', 'Son', 'Ghaimash Karimabad, Tehsil Aliabad, District Hunza-Nagir, Gilgit-Baltistan ', '', 'no-cnic.png', '2013-05-02 00:00:00', '', '4f14bef1480d6ec5afaa1bf02341497e', '', '0.55549000 13769117071f0df5c98e5f1103514616365c083639', '0', 1, '2013-08-19 11:28:27', '2013-08-19 11:28:27', '2013-08-19 11:28:27', 0, NULL),
(265, '234', '2008131376981779506382273.jpg', '0234', 'Hamida', 'Bano', 'Hamida Bano', 'no-photo.png', '', 'H # 534, St # 53, G-9/1,\r\nIslamabad', 'H # 534, St # 53, G-9/1,\r\nIslamabad', '', '', '', '', '', 'Pakistan', '0000-00-00', 'Non Available 234', 'no-cnic.png', '', '', '', '', 'no-cnic.png', '1989-01-19 00:00:00', '', '41a4a385026777ae459b699dd2d6698f', 'Almost all necessary documents missing', '0.06623800 1376981779e1f30208eb07c81b0ded21ae4478f971', '0', 1, '2013-08-20 06:56:19', '2013-08-20 06:56:19', '2013-08-20 06:56:19', 0, NULL),
(266, '235', '20081313769830291254255482.jpg', '0235', 'Amina', 'Lakhani', 'Amina Lakhani', 'no-photo.png', 'Ahmed Hassan Ali', 'c/o Akbar Peer Ismail\r\nH # 592,  Main Double Road,       \r\nG-9/1, Islamabad', 'Plot # 155, Floor-2, Alrahim Garden East Flat # 17, Karachi', '', '', '', '', '', 'Pakistan', '0000-00-00', '42301-4739462-0', '20081313769830297998602.jpg', 'Ahmed Lakhani', 'Husband', 'c/o Akbar Peer Ismail\r\nH # 592,  Main Double Road,       \r\nG-9/1, Islamabad', '42301-9689439-1', 'no-cnic.png', '0000-00-00 00:00:00', '', '98e066234b116b5f59914963b501635a', 'Member photo and nominee CNIC is missing', '0.89368700 1376983029303fcde23f29161501ddeb32a2dc86c6', '0', 1, '2013-08-20 07:17:09', '2013-08-20 07:17:09', '2013-08-20 07:17:09', 0, NULL),
(267, '236', 'no-cnic.png', '0236', 'Muhammad ', 'Jumma', 'Muhammad Ali Jumma', 'no-photo.png', 'Noor Muhammad Jumma', 'H # 592,Main Double Road\r\nG-9/1, Islamabad', 'H # 592,Main Double Road\r\nG-9/1, Islamabad', '', '051-5222348', '0300-5073127', '', '', 'Pakistan', '0000-00-00', '61101-8401291-1', 'no-cnic.png', '', '', '', '', 'no-cnic.png', '1989-01-19 00:00:00', '', '92b18e128cdde34685301e84becfcdcf', '', '0.76883800 1376983968674c0b5703c32f6f35412e84f2812e7c', '0', 1, '2013-08-20 07:32:48', '2013-08-20 07:32:48', '2013-08-20 07:32:48', 0, NULL),
(268, '237', '2008131376984486290493895.jpg', '0237', 'Sultan ', 'Ali', 'Sultan Ali', 'no-photo.png', 'Noor Muhammad', 'H # 537, St # 53, G-9/1,\r\nIslamabad.', 'H # 537, St # 53, G-9/1,\r\nIslamabad.', '', '', '0333-5287895', '', '', 'Pakistan', '0000-00-00', '61101-1948771-7', '2008131376984486750312693.jpg', 'Gulshan', 'Wife', 'H # 537, St # 53, G-9/1,\r\nIslamabad.', '61101-1868315-8', '20081313769844861793821112.jpg', '1989-01-19 00:00:00', '', 'e2331d71d0452dcbea4195b308714901', '', '0.29180000 13769844861c111ec867005c7c77e8df27fca70447', '0', 1, '2013-08-20 07:41:26', '2013-08-20 07:41:26', '2013-08-20 07:41:26', 0, NULL),
(269, '238', 'no-cnic.png', '0238', 'Muhammad', 'Noorani', 'Muhammad Akbar Noorani', 'no-photo.png', 'Ahmed Ali Noorani', 'H # 64-A/2, Gulshan-e-Faisal\r\n9-Street Bath island Karachi  ', 'H # 64-A/2, Gulshan-e-Faisal\r\n9-Street Bath island Karachi  ', '', '', '0333-2242656', '', '', 'Pakistan', '0000-00-00', '42101-1730156-5', 'no-cnic.png', '', '', '', '', 'no-cnic.png', '1989-01-19 00:00:00', '', '83abe586cfa3a477153224b441229cfa', '', '0.84975600 1376985336faa1edaf4234e7031176784e993db416', '0', 1, '2013-08-20 07:55:36', '2013-08-20 07:55:36', '2013-08-20 07:55:36', 0, NULL),
(270, '240', '20081313769860321042086251.jpg', '0240', 'Surraya', 'Bano', 'Surraya Bano', 'no-photo.png', 'Shaheen Khan', 'c/o S.M. Shaheen\r\nC-10, Pak Tameeer Plaza, Block  #14, Gulshan-e-Iqbal Karachi', 'Zulfiqarabad, P.O Jutial, District Gilgit', '', '', '0344-2783233', '', '', 'Pakistan', '0000-00-00', '31302-2083537-8', '20081313769860321041915601.jpg', 'Riaz Shaheen', 'Son', 'c/o S.M. Shaheen\r\nC-10, Pak Tameeer Plaza, Block  #14, Gulshan-e-Iqbal Karachi', '42301-2369996-9', 'no-cnic.png', '0000-00-00 00:00:00', '', 'acc6ec9e9342816b6073c3f6a63a1ab1', 'Nominee CNIC is missing', '0.33069400 137698603200b9a29c960a19f477d7279da1c36cda', '0', 1, '2013-08-20 08:07:12', '2013-08-20 08:07:12', '2013-08-20 08:07:12', 0, NULL),
(271, '241', '2108131377069844449440342.jpg', '0241', 'Niamat', 'Karim', 'Niamat A Karim', 'no-photo.png', 'Karim', 'H # 565,St # 53,G-9/1\r\n Islamabad', 'H # 565,St # 53,G-9/1\r\n Islamabad', '', '', '', '', '', 'Pakistan', '0000-00-00', 'Non Available 241', 'no-cnic.png', '', '', '', '', 'no-cnic.png', '1989-01-19 00:00:00', '', '76f3a9bc422befa25c6e002b3273f289', 'Almost all necessary documents missing', '0.21108100 13770698447f211a5de9fdc81cebecbf6d1355049f', '0', 1, '2013-08-21 07:24:04', '2013-08-21 07:24:04', '2013-08-21 07:24:04', 0, NULL),
(272, '242', '2108131377070522252402795.jpg', '0242', 'Sadruddin', 'Malik', 'Sadruddin A Malik', 'no-photo.png', 'Abdul Malik', 'H # 565,St # 53,G-9/1\r\n Islamabad', 'H # 565,St # 53,G-9/1\r\n Islamabad', '', '', '0333-5221023', '', '', 'Pakistan', '0000-00-00', 'Non Available 242', 'no-cnic.png', '', '', '', '', 'no-cnic.png', '1989-01-19 00:00:00', '', 'dc1fe9a7cee8dec05f662882a6e4c8cd', 'Almost all the documents missing', '0.25629600 13770705229eb9e7533a2f9fba87f84539ca64c048', '0', 1, '2013-08-21 07:35:22', '2013-08-21 07:35:22', '2013-08-21 07:35:22', 0, NULL),
(273, '243', 'no-cnic.png', '0243', 'Sadiq', 'Ali', 'Sadiq Shoukat Ali', 'no-photo.png', 'Shoukat Ali', 'G-1, Adenwala Apt, Britto Road, Garden East Karachi', 'G-1, Adenwala Apt, Britto Road, Garden East Karachi', '', '', '0333-2259465', 'dr_ss12@hotmail.com', '', 'Pakistan', '0000-00-00', '42201-7441942-9     42201-1869335-1', 'no-cnic.png', '', '', '', '', 'no-cnic.png', '0000-00-00 00:00:00', '', '425f772b51970902f9a2de4d910f6167', 'Nominee CNIC is missing', '4b738ff2d5c33ca05a40d7f72dc426a0', '0', 1, '2013-11-10 17:18:08', '2013-11-11 14:47:17', '2013-08-21 08:09:07', 0, NULL),
(274, '245', '21081313770739482109805944.jpg', '0245', 'Pukhraj', 'Karam Ali', 'Pukhraj Karam Ali', 'no-photo.png', '', 'H # 489, St # 52,G-9/1\r\nIslamabad', 'H # 489, St # 52,G-9/1\r\nIslamabad', '', '', '', '', '', 'Pakistan', '0000-00-00', 'Non Available 245', 'no-cnic.png', '', '', '', '', 'no-cnic.png', '1989-01-19 00:00:00', '', '5bec431d8cd3e25cec04b8334defc680', 'Almost all the documents missing', '0.42040800 1377073948010481ce4ad0b807a622b20ba917bb98', '0', 0, '2013-08-21 08:32:28', '2013-08-21 08:32:28', '2013-08-21 08:32:28', 0, NULL),
(275, '246', '22081313771594871063691318.jpg', '0246', 'Israr', 'Hussain', 'Israr Hussain', 'no-photo.png', 'Karam Hussain', 'H # 489, St # 52,G-9/1\r\nIslamabad', 'H # 489, St # 52,G-9/1\r\nIslamabad', '', '', '', '', '', 'Pakistan', '0000-00-00', 'Non Available 246', 'no-cnic.png', '', '', '', '', 'no-cnic.png', '1989-01-19 00:00:00', '', 'israrhussain246', 'Almost all the documents missing', '0.60212000 1377159487a46b4b99da7886d8dcbe0bd69dfdd533', '0', 1, '2013-08-22 08:18:07', '2013-08-28 08:14:43', '2013-08-22 08:18:07', 0, NULL),
(276, '247', '28081313776772461511340554.jpg', '0247', 'Nasruddin', '', 'Nasruddin Noorali', 'no-photo.png', 'Noorali', 'H# 03, Gulnoor Banglows, 178 Britto Road, Garden East Karachi', 'H# 03, Gulnoor Banglows, 178 Britto Road, Garden East Karachi', '', '021-32230910', '0300-9216531', 'salinakhalfan@hotmail.com', 'Business', 'Pakistan', '0000-00-00', '42201-0710802-9', '28081313776772461435598644.jpg', 'Salina Nasruddin', 'Wife', 'H# 03, Gulnoor Banglows, 178 Britto Road, Garden East Karachi', '42201-0604329-4', 'no-cnic.png', '2013-06-06 00:00:00', '', '26c7222c5792788ceb64583b36f5251c', 'Nominee CNIC is missing', NULL, '0', 2, '2013-12-07 11:17:21', '2013-12-07 11:17:22', '2013-08-28 08:07:26', 0, NULL),
(277, '248', '28081313776783042108548833.jpg', '0248', 'Zinnat', 'Anawar', 'Zinnat Muhammad Anwar', 'no-photo.png', '', 'Pearl Jeweler,2-Soug-e-Iddrees,Main Jewelry Market.Muree Road\r\nRawalpindi', '672-oE/4 , Muhallah Kartanpura, District Rawalpindi.', '', '051-5772087', '0321-5304463', 'nasir@gmail.com', '', 'Pakistan', '0000-00-00', 'Non Available 248', 'no-cnic.png', '', '', '', '', 'no-cnic.png', '1989-05-02 00:00:00', '', '11332a25e1363b5a8405dec538f9e8b6', 'Almost all the documents missing', '0.67965600 137767830442c4ea3205fb3757c824ac5ecbcff4be', '0', 1, '2013-08-28 08:25:04', '2013-08-28 08:25:04', '2013-08-28 08:25:04', 0, NULL),
(278, '249', '28081313776797931910470303.jpg', '0249', 'Farida', 'Begum', 'Farida Begum', 'no-photo.png', 'Sher Ali', 'H # A-75 Block-A, Satellite Town, Rawalpindi', 'H # A-75 Block-A, Satellite Town, Rawalpindi', '', '051-4451355', '0333-5103410', 'daniyalahmed01@hotmail.com', 'House Wife', 'Pakistan', '0000-00-00', '37405-0429793-4', '2808131377679793981938272.jpg', 'Saeed Alam', 'Son', 'H # A-75 Block-A, Satellite Town, Rawalpindi', '37405-0475479-3', 'no-cnic.png', '0000-00-00 00:00:00', '', 'e6cb954d77e72a26a5eb821c494a948f', 'Nominee CNIC Missing', '0.03230800 137767979316937164154902eb5c08c237dc7f7d70', '0', 2, '2013-08-28 08:49:53', '2013-08-28 08:49:53', '2013-08-28 08:49:53', 0, NULL),
(280, '250', '28081313776814821669053061.jpg', '0250', 'Mohammad ', 'Khalid', 'Mohammad Khalid', 'no-photo.png', 'Barkat Ali', 'H # 9, St # 24-C, Satellite Town\r\nRawalpindi', 'H # 9, St # 24-C, Satellite Town\r\nRawalpindi', '', '051-4421406', '0333-5126816', 'daniyalahmed01@hotmail.com', 'Business Man', 'Pakistan', '0000-00-00', '37405-0317927-1', '2808131377681482401013385.jpg', 'Muhammad Faizan', 'Son', 'H # 9, St # 24-C, Satellite Town\r\nRawalpindi', '37405-5988087-1', 'no-cnic.png', '0000-00-00 00:00:00', '', '8c40dcfdc2cc65d2081292a86c422415', 'Nominee CNIC is Missing', '0.40399000 13776814820b64c35447362cdaa846e3c323f61a90', '0', 1, '2013-08-28 09:18:02', '2013-08-28 09:18:02', '2013-08-28 09:18:02', 0, NULL),
(281, '252', '29081313777588051663701893.jpg', '0252', 'Amir', 'Hayat', 'Amir Hayat', 'no-photo.png', 'Rehmat Baig', 'Village Aliabad, P.O & Tehsil Aliababd, District Hunza-Nagir, Gilgit-Baltistan', 'Village Aliabad, P.O & Tehsil Aliababd, District Hunza-Nagir, Gilgit-Baltistan', '', '', '0345-5927257     0345-5042326', '', '', 'Pakistan', '0000-00-00', 'Non Available 252', 'no-cnic.png', '', '', '', '', 'no-cnic.png', '1989-05-02 00:00:00', '', '02bd47cade3827a7987c269ee9a6dad2', 'Almost all the documents missing', '0.71175100 1377758805deeba85dde81074a6f41d57a2c1562ac', '0', 1, '2013-08-29 06:46:45', '2013-08-29 06:46:45', '2013-08-29 06:46:45', 0, NULL),
(282, '254    254-A', '01091313780170871610949604.jpg', '0254   0254-A', 'Sheraz ', 'Poonja', 'Sheraz Poonja', 'no-photo.png', '', 'C/O Al-huda travels office# 07,18-D Mushtaq mansion Fazal-e-Haq road Blue area Islamabad', 'C/O Al-huda travels office# 07,18-D Mushtaq mansion Fazal-e-Haq road Blue area Islamabad', '', '', '0301-5403270', 'shirazpoonja@yahoo.com', '', 'Pakistan', '0000-00-00', 'Non Available 254', 'no-cnic.png', '', '', '', '', 'no-cnic.png', '1989-07-25 00:00:00', '', '6d3be086a7c4af5d507b4078edf8e6ff', 'Almost all the documents missing', '0.66201300 1378017087a7f702b2b2f07ff3663c8977a0ab0939', '0', 1, '2013-09-01 06:31:27', '2013-09-01 06:31:27', '2013-09-01 06:31:27', 0, NULL),
(283, '256', 'no-cnic.png', '0256', 'Mehrunissa', 'Premjee', 'Mehrunissa H Premjee', 'no-photo.png', '', 'H # 563,St #53, G-9/1, Islamabad"\r\n', 'H # 563,St #53, G-9/1, Islamabad"', '', '', '0321-5050063', '', '', 'Pakistan', '0000-00-00', 'Non Available 256', 'no-cnic.png', '', '', '', '', 'no-cnic.png', '0000-00-00 00:00:00', '', '42a74f98949b1cdb39d9c82e817da4a7', 'Non of documents attached', '0.37049100 13780218202375d9ee0670ce767d16e7a06e9a6881', '0', 1, '2013-09-01 07:50:20', '2013-09-01 07:50:20', '2013-09-01 07:50:20', 0, NULL),
(284, '257', '01091313780222661405611931.jpg', '0257', 'Karim', 'Malik', 'Karim Abdul Malik', 'no-photo.png', 'Abdul Malik', 'H # 565, St # 53, G-9/1, Islamabad\r\n', 'H # 565, St # 53, G-9/1, Islamabad', '', '', '', '', '', 'Pakistan', '0000-00-00', 'Non Available 257', 'no-cnic.png', '', '', '', '', 'no-cnic.png', '1989-07-27 00:00:00', '', '57fbe12590e6c8f5ff3b319ba884496a', 'Almost all the documents missing', '0.87321500 1378022266480650c2e87ae3448c70e3dd1426c249', '0', 1, '2013-09-01 07:57:46', '2013-09-01 07:57:46', '2013-09-01 07:57:46', 0, NULL),
(285, '263', 'no-cnic.png', '0263', 'Rosmeen', 'Premjee', 'Rosmeen Premjee', 'no-photo.png', 'Hussain Ali', 'H # 563, St # 53,Sector G-9/1 Islamabad', 'H # 563, St # 53,Sector G-9/1 Islamabad', '', '', '', '', '', 'Pakistan', '0000-00-00', 'Non Available 263', 'no-cnic.png', '', '', '', '', 'no-cnic.png', '0000-00-00 00:00:00', '', '3f9dd039ac1575d6c345df888d61d46a', 'Non of documents available', '0.98564500 1378022956fca53233f6ff95af75cfda0b4badb7df', '0', 1, '2013-09-01 08:09:16', '2013-09-01 08:09:16', '2013-09-01 08:09:16', 0, NULL),
(286, '264', '01091313780238531761412388.jpg', '0264', 'Kamal', 'Uddin', 'Kamal Uddin', 'no-photo.png', 'Shaban Nagji', '976/G, Asghar Mall Scheme\r\nSatellite Town Rawalpindi.', '976/G, Asghar Mall Scheme\r\nSatellite Town Rawalpindi.', '', '', '0333-5106175', '', '', 'Pakistan', '0000-00-00', '37405-7194505-9', 'no-cnic.png', '', '', '', '', 'no-cnic.png', '1989-07-27 00:00:00', '', 'f06c49ecda9ca9e613332325dee65a59', 'Almost all the documents missing', '0.98368400 137802385394e88429012aac1ddb002386624674fc', '0', 1, '2013-09-01 08:24:13', '2013-09-01 08:24:13', '2013-09-01 08:24:13', 0, NULL),
(287, '265', '0309131378202245914335199.jpg', '0265', 'Rashida', 'Tajani', 'Rashida Tajani', 'no-photo.png', 'Haider Ai Tajani', 'H # 63/2, St # 20, Khiaban-e-Badban, DHA, Phase V, Karachi.', 'H # 63/2, St # 20, Khiaban-e-Badban, DHA, Phase V, Karachi.', '', '021-34301971    021-35341141 ', '0300-8247267', '', '', 'Pakistan', '0000-00-00', '42201-7593525-2', '03091313782022451352349074.jpg', 'Haider Ai Tajani', 'Husband', 'H # 63/2, St # 20, Khiaban-e-Badban, DHA, Phase V, Karachi.', '42201-7834830-70', '03091313782022451566320240.jpg', '0000-00-00 00:00:00', '', '46707e1c93297b5d7e8dbaefd26e31bd', '', '0.18328200 1378202245ed1d2e90fd932d5694c8c61b68439641', '0', 1, '2013-09-03 09:57:25', '2013-09-03 09:57:25', '2013-09-03 09:57:25', 0, NULL),
(288, '266', '0509131378363237237023758.jpg', '0266', 'Sikandar ', 'Raza', 'Sikandar Ali Raza', 'no-photo.png', 'Maula Bakhsh', 'Prince Jewelry Mart, Sarafa Bazar Bhalwal, Distt Sargodha', 'Prince Jewelry Mart, Sarafa Bazar Bhalwal, Distt Sargodha', '', '', '0345-8620050', '', '', 'Pakistan', '0000-00-00', '38401-0255241-5', '05091313783632371938219593.jpg', 'Najma Anjum', 'Wife', 'House# 421, Block #04, Bhalawal Distt Sargodha', '38401-0222537-2', '050913137836323721268264.jpg', '1989-07-27 00:00:00', '', 'a2c04cbe905613aa9d74cc4713fa7cf1', 'Member Photo is Missing', '0.75638400 1378363237fde85a0d50119345f3e84b552ef6bae2', '0', 1, '2013-09-05 06:40:37', '2013-09-05 06:40:37', '2013-09-05 06:40:37', 0, NULL),
(289, '267', 'no-cnic.png', '0267', 'Muhammad ', 'Arshad', 'Muhammad Arshad', 'no-photo.png', '', 'Block-C, NBP Building, Nia Bazar Bhalwal, Distt. Sargodha.', 'Block-C, NBP Building, Nia Bazar Bhalwal, Distt. Sargodha.', '', '', '0300-6008704', '', '', 'Pakistan', '0000-00-00', '38401-0258868-1', '0509131378366434536494463.jpg', '', '', '', '', 'no-cnic.png', '0000-00-00 00:00:00', '', '1db491440159b91fad2563c48207b1e1', 'Membership form and nominee CNIC is misssing', '0.56491300 13783664347579d31b18127f56abc723c321acfc23', '0', 1, '2013-09-05 07:33:54', '2013-09-05 07:33:54', '2013-09-05 07:33:54', 0, NULL),
(290, '272', '05091313783676231581654720.jpg', '0272', 'Shamsuddin', 'Ali', 'Shamsuddin Sultan Ali', 'no-photo.png', 'Sultan Ali', 'H # 572, St # 53,G-9/1,Islamabad"\r\n', 'H # 572, St # 53,G-9/1,Islamabad"\r\n', '', '0300-8509999 ', '051-2280716', 'sinan_int@yahoo.com', 'Business', 'Pakistan', '0000-00-00', '61101-2427775-5', '0509131378367623241804288.jpg', 'Samina Sultan Ali', 'Wife', 'H # 572, St # 53,G-9/1,Islamabad"\r\n', '61101-8836016-6', 'no-cnic.png', '2013-07-31 00:00:00', '', '780290eba49bc5753dff5ff74962cd69', 'Nominee CNIC is Missing', '0.27968800 137836762376fedb52e2006b57d2fb30e68e0b5747', '0', 2, '2013-09-05 07:53:43', '2013-09-05 07:53:43', '2013-09-05 07:53:43', 0, NULL),
(291, '273', 'no-cnic.png', '0273', 'Muhammad ', 'Amin', 'Muhammad AMin', 'no-photo.png', 'Badar Ali', 'H # 58, Gulshan Iqbal Town, Arbab Road, University Town Peshawar', 'H # 58, Gulshan Iqbal Town, Arbab Road, University Town Peshawar', '091-2553391', '', '0300-5871215', 'mohammad_amin@yahoo.com', 'Business', 'Pakistan', '0000-00-00', '17301-2991541-7', '0509131378368346215312584.jpg', 'Nelofar Amin', 'Wife', '', '', 'no-cnic.png', '0000-00-00 00:00:00', '', '5b184cbe96c909f56abb2a746896d82c', 'Membership Form & Nominee CNIC is missing', '0.14367500 137836834662e5ea86f51e9c916d66342b3b7383c0', '0', 1, '2013-09-05 08:05:46', '2013-09-05 08:05:46', '2013-09-05 08:05:46', 0, NULL);
INSERT INTO `members` (`id`, `membership_number`, `application_document`, `form_number`, `first_name`, `last_name`, `full_name`, `photo`, `father_husband_name`, `postal_address`, `residential_address`, `phone_office`, `phone_residential`, `mobile`, `email`, `occupation`, `nationality`, `dob`, `cnic`, `member_cnic`, `name_of_nominee`, `relation`, `address_of_nominee`, `nominee_cnic`, `nominee_cnic_scan`, `application_date`, `username`, `password`, `remarks`, `active_key`, `is_blocked`, `status`, `last_login`, `last_modified`, `timestamp`, `created_by`, `photo_path`) VALUES
(292, '274', 'no-cnic.png', '0274', 'Muhammad', 'Iqbal', 'Muhammad Iqbal', 'no-photo.png', '', 'H # 504, St # 52, G-9/1, Islamabad\r\n', 'H # 504, St # 52, G-9/1, Islamabad', '', '', '0333-5233950', '', '', 'Pakistan', '0000-00-00', 'Non Available 274', 'no-cnic.png', '', '', '', '', 'no-cnic.png', '1991-10-06 00:00:00', '', 'e45c2b80ae2fef08338de787c2667de0', 'Non of the document provided', '0.25704700 13783689177ef5d602fa31e827379ca491541b46ac', '0', 1, '2013-09-05 08:15:17', '2013-09-05 08:15:17', '2013-09-05 08:15:17', 0, NULL),
(293, '275', 'no-cnic.png', '0275', 'Mamayun', 'Sheikh', 'Hamayun Naseer Sheikh', 'no-photo.png', '', 'C/O Dr.Muhammad Iqbal\r\nH # 504, St # 52, G-9/1, Islamabad"\r\n', '', '', '', '', '', '', 'Pakistan', '0000-00-00', 'Non Available 275', 'no-cnic.png', '', '', '', '', 'no-cnic.png', '1991-10-06 00:00:00', '', 'a82432efb75f699f27d38566427535f2', 'All the documents missing', '0.03546900 13783696598ac8dfeeaa7a03b3abc3154baec3bce9', '0', 1, '2013-09-05 08:27:39', '2013-09-05 08:27:39', '2013-09-05 08:27:39', 0, NULL),
(294, '276', '0509131378370025319113640.jpg', '0276', 'Alamzaib', 'Khan', 'Alamzaib Khan', 'no-photo.png', 'Sardar Ali', '"C/O Dr.Muhammad Iqbal\r\nH # 504, St # 52, G-9/1, Islamabad"\r\n', '', '', '', '', '', '', 'Pakistan', '0000-00-00', 'Non Available 276', 'no-cnic.png', '', '', '', '', 'no-cnic.png', '1991-10-06 00:00:00', '', '81569d0f59f17e27541f10e02a1e2b43', 'Almost all documents missing', '0.13111900 1378370026fffff2339fc30c362c8f48e1bc0f0ded', '0', 1, '2013-09-05 08:33:46', '2013-09-05 08:33:46', '2013-09-05 08:33:46', 0, NULL),
(295, '277', '05091313783704022104505093.jpg', '0277', 'Amir ', 'Nadeem', 'Amir Nadeem', 'no-photo.png', '', '"C/O Dr.Muhammad Iqbal\r\nH # 504, St # 52, G-9/1, Islamabad"\r\n', '', '', '', '', '', '', 'Pakistan', '0000-00-00', 'Non Available 277', 'no-cnic.png', '', '', '', '', 'no-cnic.png', '1991-10-06 00:00:00', '', 'fcff274f7d02b1e84b643a9b0db046f2', 'Non of the document available', '0.32012200 1378370402c3001abacd915ae2a4d6803a426cd32d', '0', 1, '2013-09-05 08:40:02', '2013-09-05 08:40:02', '2013-09-05 08:40:02', 0, NULL),
(296, '281', 'no-cnic.png', '0281', 'Dilshad', 'Begum', 'Dilshad Begum', 'no-photo.png', 'Saeedullah Baig', 'House # 78-A, Block A, Satellite Town, Rawalpindi', 'Mohallah Rehman Abad, Zulfiqarabad, Gilgit', '', '', '0313-5283811', '', '', 'Pakistan', '0000-00-00', '71502-1384035-4', '2409131380002079265522089.jpg', '', '', '', '', 'no-cnic.png', '0000-00-00 00:00:00', '', 'b191362f5c5563f54b2aba334c2e80ae', 'Membership form, Nominee CNIC, Mrmber photo is misssing', '0.59791500 1380002079185b9377ccdb913e4335342deffae339', '0', 1, '2013-09-24 05:54:39', '2013-09-24 05:54:39', '2013-09-24 05:54:39', 0, NULL),
(297, '282', 'no-cnic.png', '0282', 'Mulla', 'Wali', 'Mulla Wali', 'no-photo.png', 'Guda Ali', 'H # 881, St # 71, G-10/4\r\nIslamabad', 'Passu , P.O Gulmit, Tehsil Gojal, District Hunza-Nagir  ', '', '', '0333-5191055', '', '', 'Pakistan', '0000-00-00', '61101-7182612-1', '2409131380003171648206146.jpg', '', '', '', '', 'no-cnic.png', '0000-00-00 00:00:00', '', '2373faea507e1ae510c5db87b9c8aaed', 'Form and nominee cnic is missing', '0.06032700 13800031714958bf715c49f8a345443f15d83c6f0b', '0', 1, '2013-09-24 06:12:51', '2013-09-24 06:12:51', '2013-09-24 06:12:51', 0, NULL),
(298, '284', '2409131380010089571291185.jpg', '0284', 'Mehtab', 'Anwar', 'Mehtab Anwar Badealy', 'no-photo.png', 'Anwar Badealy', 'H # 525, St # 52, G-9/1, I slamabad', 'H # 525, St # 52, G-9/1, I slamabad', '', '', '0333-5317678', '', 'House Wife', 'Pakistan', '0000-00-00', '61101-1720483-8', '2409131380010089490193580.jpg', 'Naseem Nadir Bandealy', 'Daughter', 'H # 525, St # 52, G-9/1, I slamabad', '61101-1720486-6', 'no-cnic.png', '1991-10-30 00:00:00', '', 'b4a6da5ad763110e8af2088531323071', 'Nominee CNIC is Missing', '0.42323200 1380010089b0043dc7737c11eef801685333f316cf', '0', 1, '2013-09-24 08:08:09', '2013-09-24 08:08:09', '2013-09-24 08:08:09', 0, NULL),
(299, '287', '2409131380016424608451482.jpg', '0287', 'Noorjahan', '', 'Noorjahan', 'no-photo.png', 'Mohammad Ali', 'O/976-G, Raja Kaliqdad Road, Asghar Mail Scheme,Rawalpindi\r\n', 'O/976-G, Raja Kaliqdad Road, Asghar Mail Scheme,Rawalpindi', '', '', '0300-9546499', '', '', 'Pakistan', '0000-00-00', '37405-0315752-0', 'no-cnic.png', '', '', '', '', 'no-cnic.png', '1991-10-28 00:00:00', '', '9581c92727dd2e5efb3cc7cdc0b9306c', 'Almost all the documents missing', '0.39066100 1380016424b38ae2b31c1c3a6ebe64822d57c68ac5', '0', 0, '2013-09-24 09:53:44', '2013-09-24 09:53:44', '2013-09-24 09:53:44', 0, NULL),
(300, '288', '24091313800178381472716050.jpg', '0288', 'Nooruddin', 'Juma', 'Noooruddin Juma', 'no-photo.png', 'Sadruddin', 'H # 592,Main Double (Khurram) \r\nRoad,G-9/1, Islamabad', 'H # 592,Main Double (Khurram) \r\nRoad,G-9/1, Islamabad', '', '', '', '', '', 'Pakistan', '0000-00-00', 'Non Available 288', 'no-cnic.png', '', '', '', '', 'no-cnic.png', '1991-10-28 00:00:00', '', '83e52272ed123e85a13249e568ae8f26', 'almost all documents missing', '0.57529800 13800178388da9f65064086f65b44ccce365e79574', '0', 1, '2013-09-24 10:17:18', '2013-09-24 10:17:18', '2013-09-24 10:17:18', 0, NULL),
(301, '291', '24091313800191011216741534.jpg', '0291', 'Dinar', 'Valji', 'Dinar Habib Valji', 'no-photo.png', '', 'H # 565, St # 53, G-9/1, Islamabad\r\n', 'H # 565, St # 53, G-9/1, Islamabad', '', '', '', '', '', 'Pakistan', '0000-00-00', 'Non Available 291', 'no-cnic.png', '', '', '', '', 'no-cnic.png', '1991-12-08 00:00:00', '', 'e850bae2f94c1e4c3140a25cabb00693', 'Most of the documents missing', '0.20814700 1380019101fe7f98ba7df48bf5e165235181e3f1d8', '0', 1, '2013-09-24 10:38:21', '2013-09-24 10:38:21', '2013-09-24 10:38:21', 0, NULL),
(302, '292', '25091313801001011856107130.jpg', '0292', 'Khuda', 'Bano', 'Khuda Bano', 'no-photo.png', 'Mohammad Ali', 'House # 487, St # 53 G-9/1\r\nIslamabad', 'House # 487, St # 53 G-9/1\r\nIslamabad', '', '', '0321-9595471', 'a6ass@hotmail.com', 'House Wife', 'Pakistan', '0000-00-00', '42201-1806902-8', '2509131380100101194046217.jpg', '', '', '', '', 'no-cnic.png', '1991-12-08 00:00:00', '', 'f878db326f7abeda3a8304b3316c0d18', 'Nominee CNIC is Missing', '0.30153200 1380100101a19e21db8ddf88d5291e69b0f073689e', '0', 1, '2013-09-25 09:08:21', '2013-09-25 09:08:21', '2013-09-25 09:08:21', 0, NULL),
(303, '294', 'no-cnic.png', '0294', 'Zainab', 'Motani', 'Zainab Abdullah Motani', 'no-photo.png', '', 'H # 498, St # 52,G-9/1, Islamabad', 'H # 498, St # 52,G-9/1, Islamabad', '', '', '', '', '', 'Pakistan', '0000-00-00', 'Non Available 294', 'no-cnic.png', '', '', '', '', 'no-cnic.png', '0000-00-00 00:00:00', '', '80481faa0f30dfd60cc40b48d6065279', 'Almost all documents missing', '0.53530200 13801005927ed3aac1415c0e09059a657b429b8291', '0', 1, '2013-09-25 09:16:32', '2013-09-25 09:16:32', '2013-09-25 09:16:32', 0, NULL),
(304, '296', '2509131380101088898316204.jpg', '0296', 'Mohammad', 'Aslam', 'Mohammad Aslam', 'no-photo.png', 'Ali Mohammad', 'H #  327, Block # 3, Bahalwal, Distt. Sargodha', 'H #  327, Block # 3, Bahalwal, Distt. Sargodha', '', '', '', '', '', 'Pakistan', '0000-00-00', 'Non Available 296', 'no-cnic.png', '', '', '', '', 'no-cnic.png', '1991-12-17 00:00:00', '', '4c066ea5969f4a343d5dadfef46c1e52', 'Almost all documents missing', '0.09033800 1380101088ba847740bc141d95975362d3a707bec6', '0', 1, '2013-09-25 09:24:48', '2013-09-25 09:24:48', '2013-09-25 09:24:48', 0, NULL),
(305, '300', '25091313801019642018512818.jpg', '0300', 'Ali', 'Rattansey', 'Ali Nooe Muhammad Rattansey', 'no-photo.png', 'Noor Muhammad Jaffar', 'House # 19-A, St# 2, F-8/3 Islamabad\r\n', 'House # 19-A, St# 2, F-8/3 Islamabad\r\n', '', '', '0300-5268374', '', '', 'Pakistan', '0000-00-00', '61101-9697538-3', '2509131380101964829152087.jpg', '', '', '', '', '25091313801019641359519834.jpg', '1992-01-09 00:00:00', '', 'dd2c65675c162b35010d54046d5464d0', '', '0.27825500 1380101964a4c69c6a05fa55a3b3aee93faf53a5ad', '0', 1, '2013-09-25 09:39:24', '2013-09-25 09:39:24', '2013-09-25 09:39:24', 0, NULL),
(306, '300-A                                    ', '25091313801034171142955979.jpg', '0300A', 'Rukhsana', 'Rattansey', 'Rukhsana Ali Rattansey', 'no-photo.png', 'Ali Noor Muhammad Rattansey', 'H# 19-A, ST# 02, F-8/3, Islamabad ', 'H# 19-A, ST# 02, F-8/3, Islamabad ', '051-2262499', '051-2261128', '0300-8504604', '', 'House Wife', 'Pakistan', '0000-00-00', '61101-8833694-6', '25091313801034171772427364.jpg', 'Karim Ali Rattansey', 'Son', 'H# 19-A, ST# 02, F-8/3, Islamabad ', '61101-1768468-1', 'no-cnic.png', '2013-04-18 00:00:00', '', 'c4101dad0301f8ee44b41369a3519aed', 'Nominee CNIC is Missing', '0.22798800 13801034171b885725bc1c13e03f813ce859a820f6', '0', 1, '2013-09-25 10:03:37', '2013-09-25 10:03:37', '2013-09-25 10:03:37', 0, NULL),
(307, '304', 'no-cnic.png', '0304', 'Muneera', 'Sajwani', 'Muneera Sajwani', 'no-photo.png', 'Muhammad Sadruddin Sajwani', 'H # 459, St # 51, G-9/1, Islamabad', 'H # 459, St # 51, G-9/1, Islamabad', '', '', '', '', '', 'Pakistan', '0000-00-00', '61101-7104571-6', 'no-cnic.png', '', '', '', '', 'no-cnic.png', '2007-10-08 00:00:00', '', '29748349bb89340ec6d77c02f88fc1ea', 'Non of the document available', '0.63596800 13801753254157fd0f35527be65941f6185d2f6ecd', '0', 1, '2013-09-26 06:02:05', '2013-09-26 06:02:05', '2013-09-26 06:02:05', 0, NULL),
(308, '305', '26091313801776121165146176.jpg', '0305', 'Aslam ', 'Mominani', 'Aslam', 'no-photo.png', 'Mominani', 'Flat # 507, Marine Height-III, \r\nBlock-2, Clifton Karachi\r\n', 'Ismaili Colony, Gawadar Balochistan\r\n', '', '021-35822195', '0333-2299390', '', '', 'Pakistan', '0000-00-00', '42201-0627328-1', '26091313801776121258015981.jpg', 'Salma Mominani', 'Wife', 'Flat # 507, Marine Height-III, \r\nBlock-2, Clifton Karachi', '42201-0538838-8', '2609131380177612683067873.jpg', '2012-04-07 00:00:00', '', '995f1091cfa7c17de22ad487c5b12a6f', '', '0.57017700 13801776124e9abfdc1e50ee01b17486e2e5756106', '0', 1, '2013-09-26 06:40:12', '2013-09-26 06:40:12', '2013-09-26 06:40:12', 0, NULL),
(309, '306', '26091313801808361469073960.jpg', '0306', 'Abdur Rehman', 'Alibhoy', 'Abdur Rahman Alibhoy', 'no-photo.png', '', '3-12 Arkey Square(Ext)\r\n Shahrah-E-Liaqat New Challi Karach', '3-12 Arkey Square(Ext)\r\n Shahrah-E-Liaqat New Challi Karach', '', '051-4429145', '', '', '', 'Pakistan', '0000-00-00', '42201-7999060-3', '26091313801808361428665349.jpg', '', '', '', '', 'no-cnic.png', '1991-09-19 00:00:00', '', '56f28e593e20e0cddc44bbe8a5b68154', 'Member photo and nominee CNIC is missing', '0.24769200 1380180836412dfb5d0467026a9b2168eb2810ab13', '0', 1, '2013-09-26 07:33:56', '2013-09-26 07:33:56', '2013-09-26 07:33:56', 0, NULL),
(310, '322', '26091313801827951063523858.jpg', '0322', 'Pervaiz', 'Baloch', 'Pervaiz Baloch', 'no-photo.png', 'Abdul Sultan Mominani Baloch', '169,Asghar Mall Scheme Rawalpindi', '169,Asghar Mall Scheme Rawalpindi', '', '051-4429145', '0300-8501332', 'pervaizbaloch7800@hotmail.com', 'Business', 'Pakistan', '0000-00-00', '37405-0229086-1', 'no-cnic.png', 'Nadia Pervaiz Baloch', '', '169,Asghar Mall Scheme Rawalpindi', '37405-4884723-0', 'no-cnic.png', '1993-01-04 00:00:00', '', '6b59c1e04faecf26ea31f93032076555', 'Nominee and Member CNIC is Missing', '0.08300200 1380182795441f44b8b338b8f942e661a51ab808ac', '0', 0, '2013-09-26 08:06:35', '2013-09-26 08:06:35', '2013-09-26 08:06:35', 0, NULL),
(311, '323', '2609131380183700400602672.jpg', '0323', 'Shazia', 'Baloch', 'Shazia Mohsin Baloch', 'no-photo.png', 'Mohsin Mominani Baloch', '169,Asghar Mall Scheme, \r\nRawalpindi', '169,Asghar Mall Scheme, \r\nRawalpindi', '', '', '', '', '', 'Pakistan', '0000-00-00', '37405-0311442-0', '2609131380183700765226587.jpg', 'Mohsin Mominani Baloch', 'Husband', '169,Asghar Mall Scheme, \r\nRawalpindi', '37405-0337410-3', 'no-cnic.png', '2010-08-17 00:00:00', '', '76a8ca7a19964c9f13f16cd470eaf653', 'Member photo and nominee CNIC is missing', '0.87859300 13801837004ccec2696f41d58a96ab919c1b098929', '0', 1, '2013-09-26 08:21:40', '2013-09-26 08:21:40', '2013-09-26 08:21:40', 0, NULL),
(312, '325', '2609131380193790843277451.jpg', '0325', 'Muhammad', 'Arif', 'Muhammad Arif', 'no-photo.png', 'Muhammad Tariq', 'c/o Muhammad Tariq\r\n19-B Amin Colony, Haji Camp, G.T., Road,  Peshawar', '', '', '091-2263654', '', 'muhammad_arif44@yahoo.com', '', 'Pakistan', '0000-00-00', 'Non Available 325', 'no-cnic.png', '', '', '', '', 'no-cnic.png', '1991-09-22 00:00:00', '', '43bb53bfaafb05217c97bf409a4d7bdc', 'Almost all documents missing', '0.00645000 1380193791b4a7e9b0a123ee693fd1fda432a51e77', '0', 0, '2013-09-26 11:09:51', '2013-09-26 11:09:51', '2013-09-26 11:09:51', 0, NULL),
(313, '341', 'no-cnic.png', '0341', 'Nargis', 'Shafqat', 'Nargis Shafqat', 'no-photo.png', 'Shafqat Ali', 'H # 566, St # 53, G-9/1, Isalamabad', 'H # 566, St # 53, G-9/1, Isalamabad', '', '051-2526959', '0345-5068377', '', '', 'Pakistan', '0000-00-00', '61101-6342535-4', '28091313803538521458505368.jpg', '', '', '', '', 'no-cnic.png', '0000-00-00 00:00:00', '', 'f813baeadec966b4d0551c4c6abf6d72', 'Form and Nominee CNIC is missing', '0.18144100 1380353852fead1f1c96f085ff7ffb160fe6fdd720', '0', 1, '2013-09-28 07:37:32', '2013-09-28 07:37:32', '2013-09-28 07:37:32', 0, NULL),
(314, '342', '2809131380354603312782032.jpg', '0342', 'Ghulam', 'Qadir', 'Ghulam Qadir', 'no-photo.png', 'Nazar Shah', '54-B Askari-11 Chaklala \r\nScheme Rawalpindi.', '', '', ' 051-5593461 ', '', '', '', 'Pakistan', '0000-00-00', 'Non Available 342', 'no-cnic.png', '', '', '', '', 'no-cnic.png', '1998-05-20 00:00:00', '', 'e6c1190301786e9bfacb70dfebd4ecaf', 'CNIC meber and Nominee, Member Photo Missing', '0.61619800 1380354603fcd5ede127698b8029104a010dd33da5', '0', 1, '2013-09-28 07:50:03', '2013-09-28 07:50:03', '2013-09-28 07:50:03', 0, NULL),
(315, '354', 'no-cnic.png', '0354', 'Farhana', 'Parveen', 'Farhana Parveen', 'no-photo.png', 'Shaha Jahan', 'Village Garelt, P.O Karim Abad, Tehsil Aliabad, Distt. Hunza-Nagor, Gilgit-Baltistan', 'Village Garelt, P.O Karim Abad, Tehsil Aliabad, Distt. Hunza-Nagor, Gilgit-Baltistan', '', '', '', '', '', 'Pakistan', '0000-00-00', '71504-0379175-2', 'no-cnic.png', '', '', '', '', 'no-cnic.png', '2010-03-02 00:00:00', '', '4a43faa01517a00e8e89d2230003e1ae', '', '0.09288200 13803566740bc95798f872738d717148fbf410f522', '0', 1, '2013-09-28 08:24:34', '2013-09-28 08:24:34', '2013-09-28 08:24:34', 0, NULL),
(316, '355', '28091313803580941572537172.jpg', '0355', 'Shah Jahan', 'Jahan', 'Shah Jahan', 'no-photo.png', 'Muhammad Yousuf', 'Village Garelt, P.O Karim Abad, Tehsil Aliabad, Distt. Hunza-Nagor, Gilgit-Baltistan', 'Village Garelt, P.O Karim Abad, Tehsil Aliabad, Distt. Hunza-Nagor, Gilgit-Baltistan', '', '', '"03555162111   0312-2925827"', '', '', 'Pakistan', '0000-00-00', '71504-0386780-3', 'no-cnic.png', '', '', '', '', 'no-cnic.png', '0000-00-00 00:00:00', '', '45ac8a6d6d0a5e6bd8cb4c9615891afb', 'Form and Nominee CNIC is Missing', '0.99409900 1380358094316449ea3330e48aa09871c66ca8ad36', '0', 1, '2013-09-28 08:48:14', '2013-09-28 08:48:14', '2013-09-28 08:48:14', 0, NULL),
(317, '358', '28091313803637791472389950.jpg', '0358', 'Rahmat', 'Ullah', 'Rahmat Ullah', 'no-photo.png', 'Ramazan Ali', 'H # 451, St # 51, G-9/1, Islamabad', 'H # 451, St # 51, G-9/1, Islamabad', '', '051-2261696', '0300-8500471', 'bardaie2003@hotmail.com', 'Business Executive', 'Pakistan', '0000-00-00', '61101-1920219-3', '2809131380363779136294540.jpg', 'Izat KHatoon, Dr Nasreen', '', 'H # 451, St # 51, G-9/1, Islamabad', '', 'no-cnic.png', '2007-03-13 00:00:00', '', '4cde64281869dae440e570a927a26bd2', 'Nominee CNIC is Missing', '0.93155100 1380363779094e13055c3aa582587a408ac99472e1', '0', 1, '2013-09-28 10:22:59', '2013-09-28 10:22:59', '2013-09-28 10:22:59', 0, NULL),
(318, '360', 'no-cnic.png', '0360', 'Abdul ', 'Jahan', 'Abdul Jahan', 'no-photo.png', 'Sher Jawan Khan', 'Dahimal P.O Phandar, The. Gupis-Yasin, Distt. Ghizar Gilgit', 'Dahimal P.O Phandar, The. Gupis-Yasin, Distt. Ghizar Gilgit', '', '', '', '', '', 'Pakistan', '0000-00-00', '71501-0217659-9', '28091313803658061751220694.jpg', '', '', '', '', 'no-cnic.png', '0000-00-00 00:00:00', '', '54bed21b5bd186d51105755bf814383a', 'Form, Nominee CNIC and Member Photo is Missing', '0.33327100 138036580632aa53f36c31497dca7160be069f8f9a', '0', 1, '2013-09-28 10:56:46', '2013-09-28 10:56:46', '2013-09-28 10:56:46', 0, NULL),
(319, '364', 'no-cnic.png', '0364', 'Chambeli', '', 'Chambeli', 'no-photo.png', 'Ali Khan', 'C/O Pasban General Sotre, Heli Chowk Jutial Gilgit', 'Dahimal, P.O Gupis, Tehsil Gupis Yasin, District Ghizer, Gilgit-Baltistan', '0355-5130095', '05811-45553', '0346-5216195', '', 'House Wife', 'Pakistan', '0000-00-00', '71501-0449969-6', '2909131380435501404899985.jpg', '', '', '', '', 'no-cnic.png', '2007-03-14 00:00:00', '', '24903e7218d0a852782529f4b0d1789f', 'Member form and nominee cnic is missing', '0.25825900 1380435501f66b85ed51df4a747eb99289cf72cc49', '0', 1, '2013-09-29 06:18:21', '2013-09-29 06:18:21', '2013-09-29 06:18:21', 0, NULL),
(320, '365', '2909131380436536896264142.jpg', '035', 'Muhammad', 'Rasheed', 'Muhammad Rasheed', 'no-photo.png', 'Muhammad Abad', 'H # 141, St #36, Sec G-9/1\r\nIslamabad', 'Mominabad, Hundur Tehsil Yasin District Ghizer, Gilgit-Baltistan', '', '', '0321-5538381', 'rashid123456771@yahoo.com', 'Private Service', 'Pakistan', '0000-00-00', '61101-2596978-5', 'no-cnic.png', 'Muhammad Nasir Khan', '', '', '', 'no-cnic.png', '0000-00-00 00:00:00', '', '8cf4a9c2848a9b7f56b017b6a25bddba', 'Member and nominee cnic is missing', '0.70331900 138043653639ee9210d83f87496444aa9e8586355e', '0', 1, '2013-09-29 06:35:36', '2013-09-29 06:35:36', '2013-09-29 06:35:36', 0, NULL),
(321, '367', '29091313804384931409176077.jpg', '0367', 'Murad ', 'Khan', 'Murad Khan', 'no-photo.png', 'Madad Khan', 'H # 458, St # 52, G-9/1,\r\nIslamabad', 'H # 458, St # 52, G-9/1,\r\nIslamabad', '', '051-225264', '0300-5006044', '', 'Rtd. Engineer', 'Pakistan', '0000-00-00', '61101-2970462-9', 'no-cnic.png', 'Rehmat Begum', 'Wife', 'H # 458, St # 52, G-9/1,\r\nIslamabad', '', '29091313804384931693110909.jpg', '0000-00-00 00:00:00', '', '92c56b4fe32d19701b6c4ad8f6ac5697', ' member cnic missing', '0.60628200 1380438493186fc6462b29b4387670fb24ae7b89f4', '0', 1, '2013-09-29 07:08:13', '2013-09-29 07:08:13', '2013-09-29 07:08:13', 0, NULL),
(322, '395', '2909131380439364686076628.jpg', '0395', 'Imtiaz', 'Haq', 'Imtiaz-ul-Haq', 'no-photo.png', 'Farman Ali', 'H# 22-B, Block-A, Main Road, Pak PWD Housing Society, Islamabad.', 'Mohallah Sultanabad, P.O Aliabad, District Hunza-Nagir, GB', '', '', '0333-7973773', '', 'Govt Service', 'Pakistan', '0000-00-00', '35201-1479725-9', '29091313804393641695735583.jpg', 'Tasleem Kausar', '', 'Mohallah Sultanabad, P.O Aliabad, District Hunza-Nagir, GB', '35201-1391780-6', 'no-cnic.png', '2012-02-18 00:00:00', '', 'ade2e0045a597e0873246dd9f41036ad', 'Nominee cnic is missing', '0.91726200 13804393648cfe594909fc3767f859f281fb5ba848', '0', 1, '2013-09-29 07:22:44', '2013-09-29 07:22:44', '2013-09-29 07:22:44', 0, NULL),
(323, '416', 'no-cnic.png', '0416', 'Sher ', 'Nabi', 'Sher Nabi', 'no-photo.png', '', 'C/O Murad Khan\r\nH # 458, St # 51, G-9/1\r\nIslamabad', '', '', '', '', 'nabi-sher@hotmail.com', 'Private Service', 'Pakistan', '0000-00-00', 'Non Available 416', 'no-cnic.png', '', '', '', '', 'no-cnic.png', '0000-00-00 00:00:00', '', 'f6c14cd9cbcc7ec458696a7b17fba31f', 'Non of the document available', '0.71995300 1380439593a543cbb1333b3c94a12a28f165b4dd66', '0', 0, '2013-09-29 07:26:33', '2013-09-29 07:26:33', '2013-09-29 07:26:33', 0, NULL),
(324, '8', '2909131380453487706068006.jpg', '08', 'Ali', 'Mardan', 'Ali Mardan', 'no-photo.png', 'Gulsher Khan', 'Sales Manager, State Life Insurance Building, Near NLI Market, Gilgit.', 'Village Khan Abad, Tehsil Ali Abad, District Hunza-Nagir, Gilgit-Baltistan', '', '', ' 0346-5464452 ', '', 'Private Service', 'Pakistan', '0000-00-00', '71502-1428292-9', '29091313804534871125117705.jpg', '', '', '', '', 'no-cnic.png', '1989-02-05 00:00:00', '', 'd41d8cd98f00b204e9800998ecf8427e', 'Form, cnic nominee is missing', '0.43045200 138045348774be16979710d4c4e7c6647856088456', '0', 1, '2013-09-29 11:18:07', '2013-09-29 11:18:07', '2013-09-29 11:18:07', 0, NULL),
(325, '08', '2909131380453693152712370.jpg', '008', 'Ali', 'Mardan', 'Ali Mardan', 'no-photo.png', 'Gulsher Khan', 'Sales Manager, State Life Insurance Building, Near NLI Market, Gilgit.', 'Village Khan Abad, Tehsil Ali Abad, District Hunza-Nagir, Gilgit-Baltistan', '', '', ' 0346-5464452 ', '', 'Private Service', 'Pakistan', '0000-00-00', '(71502-1428292-9)', '290913138045369328962429.jpg', '', '', '', '', 'no-cnic.png', '1989-02-05 00:00:00', '', '98e3f528e55aed67cad11a760ede4b06', 'Form, cnic nominee is missing', '0.78727000 1380453693b49885ec917ea805cee88ae8005a1875', '0', 1, '2013-09-29 11:21:33', '2013-09-29 11:21:33', '2013-09-29 11:21:33', 0, NULL),
(326, '63', 'no-cnic.png', '063', 'Hidayat', 'Shah', 'Hidayat Shah', 'no-photo.png', 'Dilalat Shah', 'Mohallah Sonikot Jutial,  Distt. Gilgit, Gilgit-Baltistan', 'Mohallah Sonikot Jutial,  Distt. Gilgit, Gilgit-Baltistan', '05811-452952 ', '', ' 0315-6110044', '', 'Business', 'Pakistan', '0000-00-00', '71501-0211889-9', '29091313804542942086213267.jpg', '', '', '', '', 'no-cnic.png', '0000-00-00 00:00:00', '', '55dc76041b00d20bbe3016da905b5c6f', 'Form and nominee cnic is missing', '0.47383100 1380454294bfa33208de47c8b7818334402e5f47bf', '0', 1, '2013-09-29 11:31:34', '2013-09-29 11:31:34', '2013-09-29 11:31:34', 0, NULL),
(327, '1', 'no-cnic.png', '01', 'Fatima ', 'Aman', 'Fatima Aman', 'no-photo.png', 'Aman Ullah Khan', 'House # 502, Street # 52,\r\nG-9/1, Islamabad', '', '', '', ' 051-2280634 ', '', '', 'Pakistan', '0000-00-00', 'Non Available 1', 'no-cnic.png', '', '', '', '', 'no-cnic.png', '0000-00-00 00:00:00', '', '9f030c3abed80bab0197506e866ef574', 'Non of the document available', '0.79385200 1380520908a04fe3226b619db80581946abefe4061', '0', 1, '2013-09-30 06:01:48', '2013-09-30 06:01:48', '2013-09-30 06:01:48', 0, NULL),
(328, '4', 'no-cnic.png', '04', 'Noor', 'Sultana', 'Noor Sultana', 'no-photo.png', 'Hussain Ali', '79-Ali Abad Colony,Block-8,F.B \r\nArea, Karachi', '79-Ali Abad Colony,Block-8,F.B \r\nArea, Karachi', '', '', '', '', '', 'Pakistan', '0000-00-00', 'Non Available 4', 'no-cnic.png', '', '', '', '', 'no-cnic.png', '0000-00-00 00:00:00', '', 'b2143448350d64fed7c7fe54efa5a797', 'Almost all documents missing', '0.97207600 1380522375efde19c9f2c83b7893995ce3b0c7a450', '0', 1, '2013-09-30 06:26:15', '2013-09-30 06:26:15', '2013-09-30 06:26:15', 0, NULL),
(329, '314', '3009131380525752583554451.jpg', '0314', 'Jan ', 'Alam', 'Jan Alam', 'no-photo.png', 'Bulbul Aman Shah', 'Jan Alam S/o Bulbul Jan\r\nP.O Gahkuch, Tehsil Punial Distt Ghizer, Gilgit- Baltistan ', 'Jan Alam S/o Bulbul Jan\r\nP.O Gahkuch, Tehsil Punial Distt Ghizer, Gilgit- Baltistan ', '', '', '" 0355-5161244    0343-5299919 "', '', 'Business', 'Pakistan', '0000-00-00', '17402-8184321-7', '30091313805257521859891290.jpg', 'Salma Begum', '', 'Jan Alam S/o Bulbul Jan\r\nP.O Gahkuch, Tehsil Punial Distt Ghizer, Gilgit- Baltistan ', '71402-4496735-0', 'no-cnic.png', '2013-03-10 00:00:00', '', '8a99fcdfe4835b23f4bf8675f4f355d9', 'Member photo and nominee CNIC is missing', '0.80420400 138052575228075e1f6cce668f8ec4b964aa0c283e', '0', 1, '2013-09-30 07:22:32', '2013-09-30 07:22:32', '2013-09-30 07:22:32', 0, NULL),
(330, '107-D', '0110131380612020748735728.jpg', '107D', 'Nizar', 'Merchant', 'Nizar Merchant', 'no-photo.png', 'Fateh Ali Merchant', 'G-2, plot # 287, prestige plaza  Mirza street Garden West Karachi 3,  74550', 'G-2, plot # 287, prestige plaza  Mirza street Garden West Karachi 3,  74550', '021-3235767', '', '0323-2198607 0323-3327462', '', 'Business', 'Pakistan', '0000-00-00', '42201-0366600-5', '01101313806120202010327283.jpg', 'Shazia Nizar', '', 'G-2, plot # 287, prestige plaza  Mirza street Garden West Karachi 3,  7455', '', 'no-cnic.png', '2013-05-15 00:00:00', '', 'ce9c9fe809ba8ed00b91d7c18fe33651', 'Nominee CNIC is Missing', '0.74873300 13806120202a5c92552b8b3c5d66308054b5936b2f', '0', 1, '2013-10-01 07:20:20', '2013-10-01 07:20:20', '2013-10-01 07:20:20', 0, NULL),
(331, '268', 'no-cnic.png', '0268', 'Sheikh', 'Liaqat', 'Sheikh Liaqat Ali', 'no-photo.png', 'Sheikh Ghulam Ali', 'Uch Sharif, Tehsil Ahmed Pur,\r\nSherkia, East  Distt. Bahawalpur', 'Uch Sharif, Tehsil Ahmed Pur,\r\nSherkia, East  Distt. Bahawalpur', '', '', '"  062-2551091"', '', '', 'Pakistan', '0000-00-00', 'Non Available 268', 'no-cnic.png', '', '', '', '', 'no-cnic.png', '0000-00-00 00:00:00', '', 'e5d61f4d6dfb52225da2561f9c84acf2', 'Non of the document available', '0.05300200 1380616786d9283f302d9284dc5537d205af2bd0bd', '0', 1, '2013-10-01 08:39:46', '2013-10-01 08:39:46', '2013-10-01 08:39:46', 0, NULL),
(332, '283', 'no-cnic.png', '0283', 'Kamil', 'Jan', 'Kamil Jan', 'no-photo.png', 'Muhammad Shafi ', 'H # A-4, Street/Mahalla Waliat Noor, Baagh Appartment,New Town, Distt. & Teh. Karachi', '', '', '', '', '', '', 'Pakistan', '0000-00-00', '42201-0551413-7', '01101313806237551553632585.jpg', '', '', '', '', 'no-cnic.png', '0000-00-00 00:00:00', '', '8ae3784cddb7f81856e710a824cce43c', 'Member form and nominee cnic is missing', '0.16292100 138062375543861be4268e2be969328e2d5d838b02', '0', 1, '2013-10-01 10:35:55', '2013-10-01 10:35:55', '2013-10-01 10:35:55', 0, NULL),
(333, '309', 'no-cnic.png', '0309', 'Abid', 'Karim', 'Abid Karim', 'no-photo.png', 'Rehamat Ali', 'Mohallah Salar Road, P.O  Jutial Distt. Gilgit ', 'Mohallah Salar Road, P.O  Jutial Distt. Gilgit ', '', '', '', '', '', 'Pakistan', '0000-00-00', 'Non Available 309', 'no-cnic.png', '', '', '', '', 'no-cnic.png', '2010-09-06 00:00:00', '', '55f5e6cc7ef400c7ab20772ee346d754', 'All the documenta miaaing', '0.55447400 1380958091ce76121553261527effa29ec84cd63fa', '0', 1, '2013-10-05 07:28:11', '2013-10-05 07:28:11', '2013-10-05 07:28:11', 0, NULL),
(334, '310', 'no-cnic.png', '0310', 'Rozina', 'Pasnani', 'Rozina Pasnani', 'no-photo.png', 'Riaz Pasnani', 'House # 67, St # 117, G-11/4\r\nIslamabad', 'House # 67, St # 117, G-11/4\r\nIslamabad', '', '', '"0345-2001019 0333-5700088"', '', '', 'Pakistan', '0000-00-00', '42201-0644197-6', 'no-cnic.png', '', '', '', '', 'no-cnic.png', '2010-10-19 00:00:00', '', 'a127b3180a4f8130ac7d3656758f1f6f', 'Non document available', '0.14070400 13809594835620726a653dcff76f99d3688c35bd59', '0', 1, '2013-10-05 07:51:23', '2013-10-05 07:51:23', '2013-10-05 07:51:23', 0, NULL),
(335, '362', '06101313810400541886976785.jpg', '0362', 'Parveen', 'Ashraf', 'Parveen Ashraf', 'no-photo.png', 'Ashraf Aman', 'H # 551, St # 53,G-9/1\r\nIslamabad', 'H # 551, St # 53,G-9/1\r\nIslamabad', '', '0345-8535393', '051-2252759', '', '', 'Pakistan', '0000-00-00', 'Non Available 362', 'no-cnic.png', '', '', '', '', 'no-cnic.png', '2007-03-14 00:00:00', '', '6be26d2afdd9bd80f90d0976e2394870', 'Almost all documents missing', '0.83406200 13810400546a485314c8d00db6a30f031a9425f7c0', '0', 1, '2013-10-06 06:14:14', '2013-10-06 06:14:14', '2013-10-06 06:14:14', 0, NULL),
(336, '363', '061013138104338586863555.jpg', '0363', 'Meherban', ' Karim', 'Meherban Karim', 'no-photo.png', 'Gulban Muhammad', 'H # 1069,St # 67,G-10/4, \r\nIslamabad', 'Village Passu Hunza-Gojal', '', '051-2278221', '0333-5131094', '', 'Business', 'Pakistan', '0000-00-00', '61101-4812302-7', '06101313810433851454550077.jpg', 'Bibi Nabat', 'Wife', 'H # 1069,St # 67,G-10/4, \r\nIslamabad', '61101-5992274-4', 'no-cnic.png', '2009-12-29 00:00:00', '', '30aa135e61317ce93e20c7627946b8b8', 'Nominee cnic is missing', '0.43322500 138104338547c99fc7c2c420cdbe9bcf2492124134', '0', 1, '2013-10-06 07:09:45', '2013-10-06 07:09:45', '2013-10-06 07:09:45', 0, NULL),
(337, '366', 'no-cnic.png', '0366', 'Jubilee ', 'Bano', 'Jubilee Bano', 'no-photo.png', 'Sana Khan', 'H # 580, St # 69,I-8/3\r\nIslamabad', 'H # 580, St # 69,I-8/3\r\nIslamabad', '', '051-4431059', '0346-5175136', '', '', 'Pakistan', '0000-00-00', 'Non Available 366', 'no-cnic.png', '', '', '', '', 'no-cnic.png', '0000-00-00 00:00:00', '', '076d5adbca94a8eed549603790972990', 'All the documents missing', '0.64244800 13810451972f74fb4d2928aa635694fccf4bd691b4', '0', 1, '2013-10-06 07:39:57', '2013-10-06 07:39:57', '2013-10-06 07:39:57', 0, NULL),
(338, '34', '1010131381397787275021227.jpg', '034', 'Mumtaz ', 'Jan', 'Mumtaz Jan', 'no-photo.png', 'Muhammad Faqir', 'Barcha Carpet House, Madina Market Gilgit', 'Village & P.O Danyore, Tehsil & District Gilgit', '', '', '0345-5505033     0355-5106000 ', '', '', 'Pakistan', '0000-00-00', '71501-9459308-3', '1010131381397787716201244.jpg', '', '', '', '', 'no-cnic.png', '0000-00-00 00:00:00', '', '40d2c7c165633e1ea2cd21af652b76a7', 'Nominee cnic is missing', '0.23300700 1381397787eab5d803a7e3f8f235f84520d0727f53', '0', 1, '2013-10-10 09:36:27', '2013-10-10 09:36:27', '2013-10-10 09:36:27', 0, NULL),
(339, '255', 'no-cnic.png', '0255', 'Jan', 'Alam', 'Jan Alam', 'no-photo.png', 'Bulbul Aman Shah', '"Jan Alam S/o Bulbul Jan\r\nVillage Gahkuch Pain, P.O Gahkuch, Tehsil Punial Distt Ghizer, Gilgit- Baltistan "\r\n', '"Jan Alam S/o Bulbul Jan\r\nVillage Gahkuch Pain P.O Gahkuch, Tehsil Punial Distt Ghizer, Gilgit- Baltistan "\r\n', '', '', ' 0355-5161244 0343-5299919 ', '', '', 'Pakistan', '0000-00-00', 'Non Available 255', 'no-cnic.png', '', '', '', '', 'no-cnic.png', '0000-00-00 00:00:00', '', 'cdb6567e4734eb4a3200cc1295eae6be', 'All the documents missing', '0.66039600 138139853719f0369d43912be2e6706ef507a6a6e1', '0', 0, '2013-10-10 09:48:57', '2013-10-10 09:48:57', '2013-10-10 09:48:57', 0, NULL),
(340, '20-B', '10121313866674321308512180.jpg', '020-B', 'Shahid', 'Akhtar', 'Shahid Akhtar', 'no-photo.png', 'Ghulam Rasool', 'Block # 10, Salmaya, Shahr-e-Suleman, Adsani Building 18, Kuwait', 'Quid-e-Azam Street Zulfiqarabad, Jutial, Gilgit', '', '', '009656606528', '', 'Buisness', 'Pakistan', '0000-00-00', '421012-154473-3', '10121313866674321386471368.jpg', 'Razia Shahi Akhtar', '', 'Quid-e-Azam Street Zulfiqarabad, Jutial, Gilgit', '', 'no-cnic.png', '0000-00-00 00:00:00', '', '615141ec84dbd5804db2ca5ded6b5580', 'Member photo and nominee cnic is missing', '0.94939400 13866674328e2d046771b64955bf2ef41accbc485b', '0', 1, '2013-12-10 09:23:52', '2013-12-10 09:23:52', '2013-12-10 09:23:52', 0, NULL),
(341, '11-C', '1012131386668540576326093.jpg', '011-C', 'Karim', 'Khan', 'Karim Khan', 'no-photo.png', 'Hajat Mir', 'GJCHS Opp. SOS Village G.T Soan Rawalpindi', 'Ahmedabad, P.O Karimabad, Tehsil Aliabad, Hunza-Nagir, GB', '', '', '0312-5378760', '', 'Private Service', 'Pakistan', '0000-00-00', '71502-2431328-5', 'no-cnic.png', '', '', '', '', 'no-cnic.png', '0000-00-00 00:00:00', '', '43251f3df46abc72f8ed766cf51f869c', 'Nominee missing', '0.77902200 138666854036cd989bb6a0267bc482cc481cf9a45c', '0', 1, '2013-12-10 09:42:20', '2013-12-10 09:42:20', '2013-12-10 09:42:20', 0, NULL),
(342, ' 18-B', '1012131386671391437733532.jpg', '018-B', 'Bahadur', 'Shah', 'Bahadur Shah', 'no-photo.png', '', 'Ahmedabad, P.O Karimabad, Tehsil Aliabad, District Hunza-Nagir', 'Ahmedabad, P.O Karimabad, Tehsil Aliabad, District Hunza-Nagir', '', '', '0336-9227145', '', 'Business', 'Pakistan', '0000-00-00', '71502-1425129-5', 'no-cnic.png', '', '', '', '', 'no-cnic.png', '0000-00-00 00:00:00', '', '83590e7f5cc53a0aff75bfa9dfc9b6d9', 'Almost all documents missing', '0.22374600 138667139162f19c33945605558ba23d8bcf76977b', '0', 1, '2013-12-10 10:29:51', '2013-12-10 10:29:51', '2013-12-10 10:29:51', 0, NULL),
(343, '14-D', '1012131386672441697760321.jpg', '014-D', 'Salima', 'Begum', 'Salima Begum', 'no-photo.png', 'Essa Khan', 'Village Nasirabad, Tehsil Aliabad, District Hunza-Nagir GB', 'Village Nasirabad, Tehsil Aliabad, District Hunza-Nagir GB', '05811-920355', '', '0344-9115581', '', 'Govt Service', 'Pakistan', '0000-00-00', '71501-7592291-4', 'no-cnic.png', 'Zain Ali, Wafi Ali, Wasi Ali', 'Sons', 'Village Nasirabad, Tehsil Aliabad, District Hunza-Nagir GB', '', 'no-cnic.png', '2011-11-14 00:00:00', '', '3282621bf0aa6980de7b4f04474954b3', '', '0.89703300 13866724418023fe6fb791ed83a6aedc866d7bfbb8', '0', 2, '2013-12-10 10:47:21', '2013-12-10 10:47:21', '2013-12-10 10:47:21', 0, NULL),
(344, '12-D', 'no-cnic.png', '012-D', 'Sohail', 'Ahmed', 'Sohail Ahmed', 'no-photo.png', 'Sher Ali', 'B-50, Mehboob Park View, Nazimabad # 3, Near Hamdard Dawakhana Karachi', '', '021-36620934', '', '0333-3451008', '', '', 'Pakistan', '0000-00-00', 'Non Available 12-D', 'no-cnic.png', '', '', '', '', 'no-cnic.png', '0000-00-00 00:00:00', '', 'daec03f2f0339527056e102097dcd809', 'Almost all documents missing', '0.11914300 1386747142fa0f612eb6f732e507ab3f7ed1670ecc', '0', 1, '2013-12-11 07:32:22', '2013-12-11 07:32:22', '2013-12-11 07:32:22', 0, NULL),
(345, '15-B', '1112131386757559187474087.jpg', '015-B', 'Sher', 'Nabi', 'Sher Nabi', 'no-photo.png', 'Faraj Khan', 'Village Ahmedabad, P.O Karimabad, Tehsil Aliabad, District Hunza-Nagir, GB', 'Village Ahmedabad, P.O Karimabad, Tehsil Aliabad, District Hunza-Nagir, GB', '', '', '0312-4406772', '', 'Govt Servant ', 'Pakistan', '0000-00-00', '71504-0388065-5', 'no-cnic.png', '', '', '', '', 'no-cnic.png', '0000-00-00 00:00:00', '', 'cc16d945d939ae4b6ad62c2ab301a42d', '', '0.45128600 138675755935b5872fe751b64d605f1b5595764d63', '0', 1, '2013-12-11 10:25:59', '2013-12-11 10:25:59', '2013-12-11 10:25:59', 0, NULL),
(346, '10-C', 'no-cnic.png', '10-C', 'Zamina', 'Khanum', 'Zamina Khanum', 'no-photo.png', 'Saleem Raza', 'C/O Saleem Raza , LGRD Directorate Jutial, District Gilgit', '', '', '05811-920443', '0315-7775334', '', 'Teacher', 'Pakistan', '0000-00-00', '71402-1180003-4', 'no-cnic.png', 'Saleem Raza', 'Husband', ' Saleem Raza , LGRD Directorate Jutial, District Gilgit', '71402-1213951-1', 'no-cnic.png', '2012-01-29 00:00:00', '', '2ecde5f156bffb76fc0ea3178422925d', '', '0.84104400 13867598243bc93a86efbf23f80fdc866ae753b2fc', '0', 2, '2013-12-11 11:03:44', '2013-12-11 11:03:44', '2013-12-11 11:03:44', 0, NULL),
(347, '16-A', 'no-cnic.png', '016-A', 'Abdullah', 'Baig', 'Abdullah Baig', 'no-photo.png', 'Muhammad Rafi', 'Attaabad, P.O Karimabad, Tehsil Aliabad, District Hunza-Nagir, Gilgit-Baltistan', 'Attaabad, P.O Karimabad, Tehsil Aliabad, District Hunza-Nagir, Gilgit-Baltistan', '', '', '0345-8781665   0313-5948702', '', '', 'Pakistan', '0000-00-00', '42101-4992885-7', '11121313867607061393853849.jpg', 'Hameedullah Baig', 'Brother', 'Attaabad, P.O Karimabad, Tehsil Aliabad, District Hunza-Nagir, Gilgit-', '71504-0397848-1', 'no-cnic.png', '2012-02-01 00:00:00', '', '3bf97eeb1792dbcfc63beaf9ee484cae', '', '0.44620500 1386760706bbb5a4b12af874ca79061805fa159af9', '0', 2, '2013-12-11 11:18:26', '2013-12-11 11:18:26', '2013-12-11 11:18:26', 0, NULL),
(348, '6-D', '1512131387097618771888751.jpg', '06-D', 'Rukhsana ', 'Jaffar', 'Rukhsana Jaffer', 'no-photo.png', 'Ali Karim', '304-Century Residency, Plot # 9 F.T Karachi', '', '', '', '0301-8277794', '', '', 'Pakistan', '0000-00-00', 'Non Available 6-D', 'no-cnic.png', '', '', '', '', 'no-cnic.png', '0000-00-00 00:00:00', '', '86d0e590d0285a465d3959d9f6c5b542', '', '0.28501800 138709761885fe65b5627f6ce18d4e0cdcc45cdbe5', '0', 0, '2013-12-15 08:53:38', '2013-12-15 08:53:38', '2013-12-15 08:53:38', 0, NULL),
(349, '5-C', 'no-cnic.png', '05-C', 'Akbar', 'Khan', 'Akbar Khan', 'no-photo.png', 'Ashraf Aman', 'H# 129, ST# 13, Faisal Colony, Mangral Town, Gulzar-e-Quaid Rawalpindi', 'Village Goldass, Tehsil Punial, District Ghizer, G.B', '', '', '0345-9600218', '', '', 'Pakistan', '0000-00-00', '71402-1739062-5', 'no-cnic.png', '', '', '', '', 'no-cnic.png', '0000-00-00 00:00:00', '', 'cb9af07bff6ba3fdc32866ba6a4374ef', '', '0.69198100 13870986018333c5b48710d89e1cf9c172e70b626b', '0', 0, '2013-12-15 09:10:01', '2013-12-15 09:10:01', '2013-12-15 09:10:01', 0, NULL),
(350, '9-D', '15121313870996931811959513.jpg', '09-D', 'Yasmeen ', 'Amber', 'Yasmeen', 'no-photo.png', 'Amber', 'C-53, Navy Housing Scheme, Block 09, Clifton Karachi', '', '', '021-35863221', '0301-8277794', '', '', 'Pakistan', '0000-00-00', 'Non Available 9-D', 'no-cnic.png', '', '', '', '', 'no-cnic.png', '0000-00-00 00:00:00', '', '4f60edc0d1d1aeb7bb5aac9c819fe81b', '', '0.69232600 13870996934ba9ca87988e4f48c93312a9d00f5bc7', '0', 0, '2013-12-15 09:28:13', '2013-12-15 09:28:13', '2013-12-15 09:28:13', 0, NULL),
(351, '5-D', '15121313871003491630024445.jpg', '05-D', 'Ejaz', 'Ali', 'Ejaz Ali', 'no-photo.png', 'Sher Ali', 'C/O Yasmeen Amber, C-53, Navy Housing Scheme, Block 09, Clifton Karachi', '', '021-35863221', '', '0301-8277794', '', '', 'Pakistan', '0000-00-00', 'Non Available 5-D', 'no-cnic.png', '', '', '', '', 'no-cnic.png', '0000-00-00 00:00:00', '', '18147486588901f1da4d09b76f861c45', '', '0.74933000 1387100349b52806a7542c11422c5a2de58411abe8', '0', 0, '2013-12-15 09:39:09', '2013-12-15 09:39:09', '2013-12-15 09:39:09', 0, NULL),
(352, '10-D', 'no-cnic.png', '010-D', 'Jahangir', 'Khan', 'Jahangir Khan', 'no-photo.png', 'Sarwar', 'H# 471, St# 51, Sector G-9/1, Islamabad', 'Mohallah Qadam Abad, Village Thoi, P.O Khas, Yasin, District Ghizer', '', '', '', '', '', 'Pakistan', '0000-00-00', '71401-3870148-7', '1612131387176229762405877.jpg', '', '', '', '', 'no-cnic.png', '0000-00-00 00:00:00', '', '9123230691886b51db6db180556222be', '', '0.16901900 1387176229859f3ce05a4dc6ccaf9af83c9ead3528', '0', 0, '2013-12-16 06:43:49', '2013-12-16 06:43:49', '2013-12-16 06:43:49', 0, NULL),
(353, '8-B', 'no-cnic.png', '08-B', 'Juma', 'Khan', 'Juma Khan', 'no-photo.png', 'Bazar Khan', 'C/O Mubarak Ali, Sarina Hotel Jutial Gilgit', 'Moorkhun, P.O Chupursan, Tehsil Gojal, District Hunza-Nagir, GB', '', '', '0312-9745138   0307-8066611', '', 'Buisness', 'Pakistan', '0000-00-00', '71501-8841207-1', 'no-cnic.png', 'Habiba Begum', 'Wife', 'C/O Mubarak Ali, Sarina Hotel Jutial Gilgit', '', 'no-cnic.png', '0000-00-00 00:00:00', '', '4e2b17e2e69b159c979dd9600311dc15', '', '0.62263000 138717773001f4c6be028456151eef010776d67e00', '0', 1, '2013-12-16 07:08:50', '2013-12-16 07:08:50', '2013-12-16 07:08:50', 0, NULL),
(354, '6-C', 'no-cnic.png', '06-C', 'Muhammad', 'Bahadur', 'Muhammad Bahadur', 'no-photo.png', 'Muhammad Abad', 'H# 129, Lane # 13, Faisal Colony, Mangral Town, Gulzar-e-Quaid, Rawalpindi', 'H# 129, Lane # 13, Faisal Colony, Mangral Town, Gulzar-e-Quaid, Rawalpindi', '', '', '0321-5399801', 'drmbahadurgb@gmail.com', 'Doctor', 'Pakistan', '0000-00-00', '61101-7860195-3', 'no-cnic.png', 'Ramooz-ud-Din', 'Son', 'H# 129, Lane # 13, Faisal Colony, Mangral Town, Gulzar-e-Quaid, Rawalpindi', '', 'no-cnic.png', '0000-00-00 00:00:00', '', '21379ee6d983f938702c6ef741c49862', '', '0.11709500 1387178685ff2c671df1e1a9ee9ae3126e72166073', '0', 1, '2013-12-16 07:24:45', '2013-12-16 07:24:45', '2013-12-16 07:24:45', 0, NULL),
(355, '14-A', '16121313871797301901778165.jpg', '014-A', 'Imtiaz', 'Ali', 'Imtiaz Ali', 'no-photo.png', 'Amir Mehdi', 'H# SA 1013/C, Street # 5, Rasheed Colony, Sadiqabad, Rawalpindi', 'Mohallah Gharabares, Village Karimabad, Tehsil Aliabad, District Hunza-Nagir, GB', '', '', '0344-5163647', 'imtiazali000@hotmail.com', 'Private Service', 'Pakistan', '0000-00-00', '71502-5328356-3', '16121313871797302077020879.jpg', 'Ghazal Imtiaz', 'Wife', 'H# SA 1013/C, Street # 5, Rasheed Colony, Sadiqabad, Rawalpindi', '71502-5392315-4', 'no-cnic.png', '0000-00-00 00:00:00', '', '09930f251817328b968c583687a05785', '', '0.81846500 1387179730c1dd0ed09c13fc73f30420381ebd5df8', '0', 1, '2013-12-16 07:42:10', '2013-12-16 07:42:10', '2013-12-16 07:42:10', 0, NULL),
(356, '11-D', '1612131387181273632463292.jpg', '011-D', 'Amir ', 'Hayat', 'Amir Hayat', 'no-photo.png', 'Bahar Shah', 'H# 02, St# 10, F-7/3 Islamabad', 'Village Ghotolti, Tehsil Ishkoman, District Ghizer, GB', '', '', '0333-5718300', 'amir.bahar@yahoo.com', 'Private Service', 'Pakistan', '0000-00-00', '71402-5336138-9', '1612131387181273580816855.jpg', 'Rashida Hayat', 'Wife', 'Village Ghotolti, Tehsil Ishkoman, District Ghizer, GB', '', 'no-cnic.png', '2013-05-27 00:00:00', '', '1983eeb01698d3e149c42563eea11304', '', '0.88806400 1387181273b71f3e00c286300a9e288e851545316a', '0', 1, '2013-12-16 08:07:53', '2013-12-16 08:07:53', '2013-12-16 08:07:53', 0, NULL),
(357, '13-A', '1612131387184165323323549.jpg', '013-A', 'Mashroof', 'Khan', 'Mashroof Khan', 'no-photo.png', 'Ali Johar', 'H# SA1019, St# 05, Rasheed Colony, Sadiqabad Rawalpindi', 'Village Hassanabad, Tehsil Aliabad, District Hunza-Nagir, GB', '051-9239556', '', '03315355277', 'ejazeriess00@hotmail.com', 'Buisness', 'Pakistan', '0000-00-00', '37405-9700123-7', '1612131387184164652397086.jpg', 'Ejaz Haider', 'Son', 'H# SA1019, St# 05, Rasheed Colony, Sadiqabad Rawalpindi', '37405-5728748-1', 'no-cnic.png', '0000-00-00 00:00:00', '', '9a91cde8f14deea911c4009feb3b07cf', '', '0.05639400 1387184165b26f823bb38d7c3f408f2fe5d8302b42', '0', 1, '2013-12-16 08:56:05', '2013-12-16 08:56:05', '2013-12-16 08:56:05', 0, NULL),
(358, '15-D', '1612131387184920590744847.jpg', '015-D', 'Israr', 'Khan', 'Israr Khan', 'no-photo.png', 'Gojur Khan', 'Village & P.O Gahkuch, Tehsil Punial, District Ghizer, G.B', 'Village & P.O Gahkuch, Tehsil Punial, District Ghizer, G.B', '', '', '00966-557980657', 'israr104@yahoo.com', 'Doctor', 'Pakistan', '0000-00-00', '71402-2561960-3', 'no-cnic.png', 'Kaik Israr Khan', 'Wife', 'Village & P.O Gahkuch, Tehsil Punial, District Ghizer, G.B', '71402-1448153-6', 'no-cnic.png', '2011-09-07 00:00:00', '', 'acb4dba4b6916b80070c4883923d3c14', '', '0.27518800 1387184920d093a425ad4bab11a28cffd1f4694a1a', '0', 2, '2013-12-16 09:08:40', '2013-12-16 09:08:40', '2013-12-16 09:08:40', 0, NULL),
(359, '11-A', '16121313871853111437894173.jpg', '011-A', 'Alam', 'Khan', 'Alam Khan', 'no-photo.png', 'Mirbaz Khan', 'Village Oshikhandas, Tehsil and District Gilgit, GB', 'Village Oshikhandas, Tehsil and District Gilgit, GB', '', '', '0313-2555881', 'palam_khan1973@yahoo.com', 'Private Service', 'Pakistan', '0000-00-00', '42101-1317622-1', 'no-cnic.png', 'Hawa Alam', 'Wife', 'Village Oshikhandas, Tehsil and District Gilgit, GB', '42101-1438511-4', 'no-cnic.png', '2012-04-19 00:00:00', '', 'dc099bafa2fe151ff9a2de5d2d560f58', '', '0.43456900 138718531153497f574b7bddca3a20e9bbe1acb9d4', '0', 2, '2013-12-16 09:15:11', '2013-12-16 09:15:11', '2013-12-16 09:15:11', 0, NULL),
(360, '9-B', '16121313871861721615775167.jpg', '09-B', 'Bashir ', 'Ahmed', 'Bashir Ahmed', 'no-photo.png', 'Saadat Shah', 'A-6, Shehnaz Square, Block 07, Federal B Area, Karachi', 'Village Khanabad Raminji, Tehsil Gojal, District Hunza-Nagir, GB', '', '', '0344-2223824', 'bashir_bme@yahoo.com', 'Engineer', 'Pakistan', '0000-00-00', '42101-1251885-9', '1612131387186172835668755.jpg', 'Ali Ahmed', 'Son', 'A-6, Shehnaz Square, Block 07, Federal B Area, Karachi', '', 'no-cnic.png', '2013-06-06 00:00:00', '', '64c0e1582fa8f2313860cc8d84157551', '', '0.51843000 1387186172474f0f0e9c665e6fd409029b7a67a93e', '0', 2, '2013-12-16 09:29:32', '2013-12-16 09:29:32', '2013-12-16 09:29:32', 0, NULL),
(361, '7-C ', '1612131387187920176027341.jpg', '07-C', 'Muhammad', 'Rasheed', 'Muhammad Rasheed', 'no-photo.png', 'Muhammad Abad', 'H# 129, St# 13, Faisal Colony, Mangral Town, Gulzar-e-Quaid, Rawalpindi', 'Mominabad Hundur, Tehsil Gupis-Yasin, District Ghizer, GB', '', '', '0321-5538381', 'rashid123456771@yahoo.com', 'Private Service', 'Pakistan', '0000-00-00', '61101-2596978--5', '16121313871879201149007847.jpg', 'Muhammad Raziuddin', 'Son', 'H# 129, St# 13, Faisal Colony, Mangral Town, Gulzar-e-Quaid, Rawalpindi', '', 'no-cnic.png', '2011-12-14 00:00:00', '', '942f5f3a66cbffe5c971152f254ce3b7', '', '0.39301300 1387187920008d680dae935a439cf9e1b94c401d76', '0', 2, '2013-12-16 09:58:40', '2013-12-16 09:58:40', '2013-12-16 09:58:40', 0, NULL),
(362, '6-A', '1612131387188908957559651.jpg', '06-A', 'Rubina ', 'Shehzadi', 'Rubina Shehzadi', 'no-photo.png', 'Salman Muhammad', 'XEN Nabi House, Near Zulfiqarabad Jamat Khana, Naveed Shaheed Road, Zulfiqarabad Jutial Gilgit', 'XEN Nabi House, Near Zulfiqarabad Jamat Khana, Naveed Shaheed Road, Zulfiqarabad Jutial Gilgit', '', '', '0314-5272253   0313-7755435', 'rubinanabi@gmail.com', 'Engineer', 'Pakistan', '0000-00-00', '71401-1297908-4', 'no-cnic.png', 'Salman Mehmood', 'Husband', 'Ali Madad House, Near GPO, Konodas, KIU Road, Gilgit', '71501-9616017-1', 'no-cnic.png', '2011-07-16 00:00:00', '', 'fad06758cd6e1c8c1a1ed0569662ac0c', '', '0.38155000 138718890822db97ec7bbc263b44f3644674fdfd9c', '0', 2, '2013-12-16 10:15:08', '2013-12-16 10:15:08', '2013-12-16 10:15:08', 0, NULL),
(363, '10-B', '1612131387191114310758095.jpg', '010-B', 'Muhammad', 'Nabi', 'Muhammad Nabi Khan', 'no-photo.png', 'Johar Ali Khan', 'RTD XEN Nabi Khan, Naveed Shaheed Road, Zulfiqarabad, Jutial , Gilgit', 'RTD XEN Nabi Khan, Naveed Shaheed Road, Zulfiqarabad, Jutial , Gilgit', '', '05811-455435', '', 'sehrisho86@hotmail.com', 'Engineer', 'Pakistan', '0000-00-00', '71401-7369724--7', 'no-cnic.png', 'Abida Parveen', 'Wife', 'RTD XEN Nabi Khan, Naveed Shaheed Road, Zulfiqarabad, Jutial , Gilgit', '71401-4356160-2', 'no-cnic.png', '2011-07-16 00:00:00', '', '72e960dfc53950b2308b665df37fd70c', '', '0.28501000 13871911140212e37d3a695cee59477fbf3554ea9a', '0', 2, '2013-12-16 10:51:54', '2013-12-16 10:51:54', '2013-12-16 10:51:54', 0, NULL),
(364, '15-C', 'no-cnic.png', '015-C', 'Iqbal', 'Karim', 'Iqbal Karim', 'no-photo.png', 'Muhammad Rafique', 'H# 551, st# 53, G-9/1 Islamabad', 'Sultanabad Altit, P.O Karimabad, Tehsil Aliabad, District Hunza-Nagir, GB', '', '', '0346-5159207', 'hunza1us@gmail.com', '', 'Pakistan', '0000-00-00', '71502-1427235-1', 'no-cnic.png', '', '', '', '', 'no-cnic.png', '2011-11-12 00:00:00', '', 'f9922432665113a79169e37d3d212212', '', '0.50141400 1387192812daff4d4fb46a81d1054f470f6d99a2a6', '0', 1, '2013-12-16 11:20:12', '2013-12-16 11:20:12', '2013-12-16 11:20:12', 0, NULL),
(365, '13-C', 'no-cnic.png', '013-C', 'Sher', 'Ahmed', 'Sher Ahmed Jan', 'no-photo.png', 'Nayab Shah', 'H# 551, St# 53, G-9/1 Islamabad', 'Village Altit, P.O Karimabad, Tahsil Aliabad, District Hunza-Nagir, GB', '', '', '0345-5359079', 'jaanhunzai@gmail.com', '', 'Pakistan', '0000-00-00', '71502-1429571-1', 'no-cnic.png', '', '', '', '', 'no-cnic.png', '0000-00-00 00:00:00', '', 'f36d0fa627c2a600c319f03cbe21bbe3', '', '0.90192900 138719372865724e420fb83e747d08ad5703a43ea4', '0', 1, '2013-12-16 11:35:28', '2013-12-16 11:35:28', '2013-12-16 11:35:28', 0, NULL),
(366, '13-B', '1612131387194769988476304.jpg', '013-B', 'Muhabbat', 'Ali', 'Muhabbat Ali', 'no-photo.png', 'Qurban Karim', 'H# 444, St# 09, G-10/2 Islamabad', 'Village Shimshal, Tehsil Gojal, District Hunza-Nagir, GB', '', '', '0346-9749126', '', 'Private Service', 'Pakistan', '0000-00-00', '61101-4768330-1', 'no-cnic.png', '', '', '', '', 'no-cnic.png', '2012-12-30 00:00:00', '', '5ccd520944e3d05901235587ced0867d', '', '0.61206400 13871947694932b8af27c17e6ce9b8c9428b9fdfd7', '0', 1, '2013-12-16 11:52:49', '2013-12-16 11:52:49', '2013-12-16 11:52:49', 0, NULL),
(367, '18-D 19-D', '17121313872606541331690352.jpg', ' 018-D 109-D', 'Mashal', 'Babar', 'Mashal Babar Motani', 'no-photo.png', 'Akbar Motani', 'H# 490, St# 52, G-9/1 Islamabad', 'H# 490, St# 52, G-9/1 Islamabad', ' 0300-8553115', '051-2250646', '0323-5566780 ', 'mashal.babar@gmail.com', 'Doctor', 'Pakistan', '0000-00-00', '72201-1312710-2', 'no-cnic.png', 'Akbar Motani', 'Husband', 'H# 490, St# 52, G-9/1 Islamabad', '61101-3837469-7', 'no-cnic.png', '2013-01-28 00:00:00', '', 'mashalbabar18d', '', '0.67475500 13872606545e38eb15525eece0b2fab0f892188d08', '0', 2, '2013-12-17 06:10:54', '2013-12-17 06:16:02', '2013-12-17 06:10:54', 0, NULL),
(368, '5-B', '17121313872636771882908013.jpg', '05-B', 'Mujeeb', 'Uddin', 'Mujeeb Uddin', 'no-photo.png', 'Gari Khan', 'Village Garelt, Tehsil Aliabad, District Hunza-Nagir, GB', 'Village Garelt, Tehsil Aliabad, District Hunza-Nagir, GB', '', '', '0355-5200618', 'mujeebbarcha@yahoo.com', 'Teacher', 'Pakistan', '0000-00-00', '71501-0218702-9', 'no-cnic.png', 'Shamim Bano', 'Wife', 'Village Garelt, Tehsil Aliabad, District Hunza-Nagir, GB', '71502-1388174-0', 'no-cnic.png', '2011-08-08 00:00:00', '', '9250840a4e3d65348bb0cd9dd3c66a95', '', '0.58441300 138726367751142196ef4c2c882271692da36f7d77', '0', 2, '2013-12-17 07:01:17', '2013-12-17 07:01:17', '2013-12-17 07:01:17', 0, NULL),
(369, '16-D', '1712131387264371351801679.jpg', '016-D', 'Gulzar', 'Khan', 'Gulzar Khan', 'no-photo.png', 'Ghulam Khan', 'Wilson Pharmaceticals, 387-388, I-9, Industrial Area, Islamabad', 'H# 675, St# 18, I-8/2 Islamabad', '051-4433630', '', '0300-8561931', 'gulzarkhan786@gmail.com', 'Pharmacist', 'Pakistan', '0000-00-00', '61101-1914753-9', '17121313872643711284977297.jpg', 'Shari Bano', 'Wife', 'H# 675, St# 18, I-8/2 Islamabad', '71501-5207914-6', 'no-cnic.png', '2012-10-08 00:00:00', '', '02af9f1e258894e2853bcf822dc50a36', '', '0.80133800 138726437174a55127afc1975be6bfda616c18a700', '0', 2, '2013-12-17 07:12:51', '2013-12-17 07:12:51', '2013-12-17 07:12:51', 0, NULL);
INSERT INTO `members` (`id`, `membership_number`, `application_document`, `form_number`, `first_name`, `last_name`, `full_name`, `photo`, `father_husband_name`, `postal_address`, `residential_address`, `phone_office`, `phone_residential`, `mobile`, `email`, `occupation`, `nationality`, `dob`, `cnic`, `member_cnic`, `name_of_nominee`, `relation`, `address_of_nominee`, `nominee_cnic`, `nominee_cnic_scan`, `application_date`, `username`, `password`, `remarks`, `active_key`, `is_blocked`, `status`, `last_login`, `last_modified`, `timestamp`, `created_by`, `photo_path`) VALUES
(370, '9-C', '17121313872657021054840430.jpg', '09-C', 'Ali', 'Aman', 'Ali Aman Shah', 'no-photo.png', 'Sohab Khan', 'St# 02, Satellite Town, Jutial, District Gilgit', 'St# 02, Satellite Town, Jutial, District Gilgit', '05811-455700', '05811-482919', '0342-5155700', 'aliamanshah@yahoo.com', 'Engineer', 'Pakistan', '0000-00-00', '71402-8480603-5', 'no-cnic.png', 'Hussain Ali', 'Son', 'St# 02, Satellite Town, Jutial, District Gilgit', '71402-7728204-5', 'no-cnic.png', '2012-01-29 00:00:00', '', '4406f250439172cceb33b0aba6663ed6', '', '0.17857000 13872657020e9da100b20acdafa122efa28db5f041', '0', 0, '2013-12-17 07:35:02', '2013-12-17 07:35:02', '2013-12-17 07:35:02', 0, NULL),
(371, '11-B', '1712131387266547994441533.jpg', '011-B', 'Meher', 'Parveen', 'Meher Parveen', 'no-photo.png', 'Ghulam Ali Shah', 'Village Haiderabad Center, P.O Karimabad, Tehsil Aliabad, District Hunza-Nagir, GB', 'Village Haiderabad Center, P.O Karimabad, Tehsil Aliabad, District Hunza-Nagir, GB', '', '', '0346-5355085', 'meherparveen@yahoo.com', 'Teacher', 'Pakistan', '0000-00-00', '71502-8911239-2', '17121313872665471026155365.jpg', 'Waheeda Abbas', 'Daughter', 'Village Haiderabad Center, P.O Karimabad, Tehsil Aliabad, District Hunza-Nagir, GB', '71501-0382539-8', 'no-cnic.png', '2012-02-20 00:00:00', '', '70d8b9f23dec0697366f75b60d9ac1be', '', '0.88993500 13872665474b24afd058295697a9cbff99406f2f10', '0', 2, '2013-12-17 07:49:07', '2013-12-17 07:49:07', '2013-12-17 07:49:07', 0, NULL),
(372, '15-A', '171213138727047881536480.jpg', '015-A', 'Noushad ', 'Rahim', 'Noushad Rahim', 'no-photo.png', 'Inayat Khan', 'Village Sultanabad Altit, P.O Karimabad, Tehsil Aliabad, District Hunza-Nagir. GB', 'Village Sultanabad Altit, P.O Karimabad, Tehsil Aliabad, District Hunza-Nagir. GB', '', '', '033-33880119', 'noushad-kuwait@hotmail.com', 'Buisness', 'Pakistan', '0000-00-00', '42201-0478603-3', 'no-cnic.png', 'Tajmahal Noushad', 'Wife', 'Village Sultanabad Altit, P.O Karimabad, Tehsil Aliabad, District Hunza-Nagir. GB', '42201-6351072-0', 'no-cnic.png', '2012-01-09 00:00:00', '', '3f6f4d0e1cc7427ddc8388f4d2cf02fd', '', '0.88186300 13872704783c37d7ac3d6b0ea7f12552cf0201d194', '0', 2, '2013-12-17 08:54:38', '2013-12-17 08:54:38', '2013-12-17 08:54:38', 0, NULL),
(373, '14-B', 'no-cnic.png', '014-B', 'Jamila ', 'Khatoon', 'Jamila Khatoon', 'no-photo.png', '', '147 Lakewood Garden In Madison WI 53704 USA', '', '0016082421435', '0016082562075', '', 'jamilahunzai@hotmail.com', 'Housewife', 'Pakistan', '0000-00-00', 'Non Available 14-B', 'no-cnic.png', 'Muhammad Akhon', 'Son', '147 Lakewood Garden In Madison WI 53704 USA', '', 'no-cnic.png', '2011-09-15 00:00:00', '', '325dafda1de75b5f9a45a3d30f3bf8ef', '', '0.04644600 1387271135ca667fce0ae2cd44c4b5044547821b8a', '0', 1, '2013-12-17 09:05:35', '2013-12-17 09:05:35', '2013-12-17 09:05:35', 0, NULL),
(374, '9-A', '17121313872721211549954065.jpg', '09-A', 'Amir ', 'Ali', 'Amir Ali', 'no-photo.png', 'Kamruddin', 'AKF, Sarena Business Complex Islamabad', 'A-44, Asmat Corner, Federal B Area Karachi', '051-9268039', '', '0345-5399089  0300-5201791', 'AmirAli.meghjani@akdn.org', 'Private Service', 'Pakistan', '0000-00-00', '37405-934086-33', '171213138727212184483883.jpg', 'Salimah Amir Ali', 'Wife', 'A-44, Asmat Corner, Federal B Area Karachi', '37405-3477635-2', 'no-cnic.png', '2012-10-17 00:00:00', '', '0a26b404f62f8986cf67b6b3249358a7', '', '0.00644700 1387272122f6375a217971550db3a8342903a7cf89', '0', 2, '2013-12-17 09:22:02', '2013-12-17 09:22:02', '2013-12-17 09:22:02', 0, NULL),
(375, '7-B', 'no-cnic.png', '07-B', 'Muhammad', 'Nasir', 'Muhammad Nasir Khan', 'no-photo.png', 'Muhammad Abad', 'H# 129, St# 13, Faisal Colony Mangral Town, Gulzar-e- Quaid, Rawalpindi', '', '', '', '0312-9068242', 'nasirk03@yahoo.com', 'Private Service', 'Pakistan', '0000-00-00', '42101-8594492-3', 'no-cnic.png', 'Muhibuddin', 'Son', 'H# 129, St# 13, Faisal Colony Mangral Town, Gulzar-e- Quaid, Rawalpindi', '', 'no-cnic.png', '2012-02-12 00:00:00', '', 'd02a27fd7978072690f244d9c9df7d44', '', '0.37080300 1387272734f303034470a9c0dc8c147da50704e0ee', '0', 2, '2013-12-17 09:32:14', '2013-12-17 09:32:14', '2013-12-17 09:32:14', 0, NULL),
(376, '5-A', '17121313872772131780356833.jpg', '05-A', 'Islam', 'Shah', 'Islam Shah', 'no-photo.png', 'Ghulam Tahir', 'Four Star Tractor House, PIA Link Road Giligit', 'Mohallah Zulfiqarabad, P.O Jutial, District Gilgit', '05811-452974', '', '0342-5191819', '', 'Buisness', 'Pakistan', '0000-00-00', '71502-1424445-5', '17121313872772132124822468.jpg', 'Sanseed Islam', 'Son', 'Mohallah Zulfiqarabad, P.O Jutial, District Gilgit', '', 'no-cnic.png', '2011-06-07 00:00:00', '', '403abbff8c9b9ddfca011488af17a772', '', '0.49084200 138727721329a819e2d76a73b3f2840a4d86872f33', '0', 1, '2013-12-17 10:46:53', '2013-12-17 10:46:53', '2013-12-17 10:46:53', 0, NULL),
(377, '8-A', '18121313873502801820222735.jpg', '08-A', 'Shuja', 'Uddin', 'Shuja Uddin', 'no-photo.png', 'Ghulam Muhammad', 'Four Star Tractor House, PIA Link Road, Gilgit', 'Mohallah Zulfiqarabad, P.O Jutial, Tehsil & District Gilgit', '05811-452974', '', '0313-4119210', '', 'Mechanic', 'Pakistan', '0000-00-00', '71502-1424445-9', '1812131387350280394653432.jpg', 'Zia Uddin', 'Son', 'Mohallah Zulfiqarabad, P.O Jutial, Tehsil & District Gilgit', '71501-7576245-3', 'no-cnic.png', '2011-07-06 00:00:00', '', 'b18f2b891b95c1448b98e45b27ddc5de', '', '0.81448100 138735028078bd4ed6460df35f62a2f4f5a36ca3a1', '0', 1, '2013-12-18 07:04:40', '2013-12-18 07:04:40', '2013-12-18 07:04:40', 0, NULL),
(378, '7-A', 'no-cnic.png', '07-A', 'Nasreen', 'Liaqat', 'Nasreen Liaqat Ali', 'no-photo.png', 'Liaqat Ali', 'H# 604, Al-Karam Road, G-9/1 Islamabad', 'H#1821/221, Karimabad, Pind Dadan Khan, District Jehlum', '', '051-2282163', '0345-5324795', '', 'Housewife', 'Pakistan', '0000-00-00', '61101-1869349-2', '18121313873510411161365471.jpg', 'Liaqat Ali', 'Husband', 'H# 604, Al-Karam Road, G-9/1 Islamabad', '61101-1949792-7', '1812131387351041186915703.jpg', '2012-01-20 00:00:00', '', '5cccb3a5446df2080697709fcda21aa8', '', '0.88220700 1387351041ffc56f7d0f78d2f9704aaa94b8933df0', '0', 1, '2013-12-18 07:17:21', '2013-12-18 07:17:21', '2013-12-18 07:17:21', 0, NULL),
(379, '6-B', '1812131387352024249549186.jpg', '06-B', 'Sher ', 'Shah', 'Sher Shah', 'no-photo.png', 'Qalander Shah', 'XEN PHE Division, Naveed Shaheed Road, Jutial Gilgit', 'XEN PHE Division, Naveed Shaheed Road, Jutial Gilgit', '05811-920940', '05811-451520', '0355-5123747  0334-05352289', '', 'Engineer', 'Pakistan', '0000-00-00', '71501-0219002--1', '1812131387352024356120597.jpg', 'Jamila Bano', 'Wife', 'XEN PHE Division, Naveed Shaheed Road, Jutial Gilgit', '71501-0214098-4', 'no-cnic.png', '2012-11-24 00:00:00', '', '60000321a95356d1061a36dbc504214b', '', '0.71557500 138735202463c2d155a5cf73126bdab79f7045c414', '0', 1, '2013-12-18 07:33:44', '2013-12-18 07:33:44', '2013-12-18 07:33:44', 0, NULL),
(380, '13-D', '18121313873525201369325049.jpg', '013-D', 'Muhammad', 'Shabir', 'Muhammad Shabir', 'no-photo.png', 'Muhammad Qadeer', 'H# 547, ST# 53, G-9/1 Islamabad ', 'Village Singal, Tehsil Punial, District Ghizer, GB', '051-2604126', '', '033-35533899', '', 'shabir.yash@gmail.com', 'Pakistan', '0000-00-00', '71501-2472825-1', 'no-cnic.png', 'Muhammad Qader', 'Father', 'Village Singal, Tehsil Punial, District Ghizer, GB', '', 'no-cnic.png', '0000-00-00 00:00:00', '', 'c6a80ce7171e14678730fbba1c83d978', '', '0.87027100 13873525206b6d02d2c2d0cbd19173a14f5243db4e', '0', 1, '2013-12-18 07:42:00', '2013-12-18 07:42:00', '2013-12-18 07:42:00', 0, NULL),
(381, '26', 'no-cnic.png', '026', 'Arman ', 'Shah', 'Arman Shah', 'no-photo.png', 'Khalil', 'M/S Hashwan Traders, New Pul Road, Ghadi Bagh Gilgit', 'Rahim Abad, Tehsil & District Gilgit', '', '', '0346-9543207', '', 'Buisness', 'Pakistan', '0000-00-00', '71501-5508061-5', 'no-cnic.png', '', '', '', '', 'no-cnic.png', '2013-06-17 00:00:00', '', 'f82744eac720b7c0b5b0bb412d70bc40', '', '0.91944600 1387357577d78d86d798b0e71cf4af404eaffa4884', '0', 0, '2013-12-18 09:06:17', '2013-12-18 09:06:17', '2013-12-18 09:06:17', 0, NULL),
(384, '1000', '1/jcLi2mhu6DT9l1um-FFMOUh-3o2TJys9.png', '101', 'Fareed', 'din', 'Fareed ud Din', '1/xe9Ug1KiGLiVJdfLoJ-SzENDsyNl-eaI.png', '', '', '', '', '', '', '', '', 'Pakistan', '0000-00-00', '3587', '1/BD5gW42o00wJoPWG8eZuFcm8mal11g5M.png', 'Shaan', 'friend', 'islamabad', '2112', '1/R_xAO8diz0kR-1ErSaBA1BRUvMj6L7SW.png', NULL, '', '', 'new user', NULL, '0', 0, NULL, '2016-11-25 00:00:00', '2016-11-25 10:31:32', 1, 'http://gulbergempire.dev:8080/storage/web/source'),
(387, '0101', '1/X61nnpA8MfRg3RCgL8vyTMMkRtDUh5Rh.jpg', '220', 'fareed', 'din', '', '1/VDQfnrXPpVwJEK2Dj02v-hJ5L1GCkdFy.jpg', '', '', '', '', '', '', '', '', 'Pakistan', '0000-00-00', '22312', '1/y1ZhR7VGjOzLq2P1OvSSdg4WTpxnh_2G.jpg', 'abc', 'xyz', 'test', '392929', '1/58-0KpbIltpqyoAdTQ-gjD41UFHbhgl1.jpg', NULL, '', 'kichasher', 'abc', NULL, '0', 0, NULL, '2016-12-05 00:00:00', '2016-12-05 10:17:18', 2, 'http://gulbergempire.dev:8080/storage/web/source'),
(388, '1101', '1/u205LXUxp7CUOpav7slemWREj2VsrSeR.jpg', '10101', 'fareed2', 'din', 'fareed2 din', '1/pX_jkub99LpE0YUo7Y0EaWnw1kJEtTAt.jpg', '', '', '', '', '', '', '', '', 'Pakistan', '0000-00-00', '321233', '1/I-CETiaXTv0YvmpqdWLhvptO64yhNcRs.jpg', '2323', '2342', '23432', '43342', '1/RVZ4BKIFL23At_nNtDBJ_lTq_O9AkS5J.jpg', NULL, '', 'hello', 'test', NULL, '0', 0, NULL, '2016-12-05 00:00:00', '2016-12-05 10:21:11', 2, 'http://gulbergempire.dev:8080/storage/web/source'),
(389, '1110', '1/-yuT4PvclZGjJYGJrZlKiGGsdDVagdR6.jpg', '1110', 'test2', 'test2', 'test2 test2', '1/xOj3Y47zUtpoDhMuPkQMIP3gF52ncTDz.jpg', '', '', '', '', '', '', 'test2@centangle.com', '', 'Pakistan', '0000-00-00', '234', '1/e8x7aOBfC_ZaenJcFV0_sYXwV8YbFr4f.jpg', 'asdf', 'asdf', 'asdf', '23232', '1/7YxUwshHF75LHApJrOdYpIFaybe3rqFB.jpg', NULL, '', 'test', 'test', NULL, '0', 0, NULL, '2016-12-05 00:00:00', '2016-12-05 10:23:25', 2, 'http://gulbergempire.dev:8080/storage/web/source'),
(390, '1212', '1/Ftx3tACXlbECxBc-2wCF1Ox4A4bcU_1E.jpg', '1220', 'kichasher', 'kichasher', 'kichasher', '1/MX8YoVhADs4fa4ACFdNJV34Vl3J3aKX6.jpg', '', '', '', '', '', '', '', '', 'Pakistan', '0000-00-00', '23422', '1/OtdohKvTKeI7f-OYpHEzhWWNvfXtJHI4.jpg', '2342', '23432', 'asdf', '3423', '1/f1JZaNCGQkKj2dwdQT7St5aa5g-KzW6D.jpg', NULL, '', 'hello', 'test', NULL, '0', 0, NULL, '2016-12-05 00:00:00', '2016-12-05 10:27:52', 1, 'http://gulbergempire.dev:8080/storage/web/source'),
(395, '121211', '1/JR_lvRmHV9tvGvD4LgAYxrB0ZYw-rRdi.jpg', '12121', 'Hammad', 'Aslam', 'Hammad Aslam', '1/RaIW0hYNn1dz0WdwrViR2pwae5sg_Olb.jpg', '', '3rd floor comsats technology park', '3rd floor comsats technology park', '+923025974748', '+923025974748', '3025974748', 'fareed@centangle.com', '', 'Pakistan', '0000-00-00', '23232', '1/NfGUp7wlKmsh23lQnq2l8t0NHEcRBnK0.jpg', 'asdf', 'asdf', 'asdf', '23232', '1/hZZL0eI7nmeTS_PQ8ar7FVsCKfrzJ8ji.jpg', NULL, '', 'user', 'asdfasdf', NULL, '0', 0, NULL, '2016-12-05 00:00:00', '2016-12-05 10:56:35', 2, 'http://gulbergempire.dev:8080/storage/web/source'),
(396, '3131', '1/j5M04jdaXcJbcWnoPh_lz-UYTLH-EXQ5.jpg', '3131', 'asdflkj', 'asdf', 'asdf', '1/-K-EvDOxQXfaPGNjFVlP7OpgQZwZ6nj8.jpg', 'asdf', 'asdf', 'asdf', 'asdf', 'asdf', '56780', 'fareed2@centangle.com', '', 'Pakistan', '0000-00-00', '56789', '1/AYJrJamWZ05DWXgxTymBs2TF4poQLYER.jpg', 'asdf', 'asdf', 'asdf', '56789', '1/BcpHuUX2V3ENAwN--zxNsasG3Y6NXK38.jpg', NULL, '', 'userpassword', 'testing', NULL, '0', 0, NULL, '2016-12-05 00:00:00', '2016-12-05 11:00:54', 1, 'http://gulbergempire.dev:8080/storage/web/source'),
(397, '4141', '1/-4yI6j-uOlihFRnB6ETymPGTD5z8Ml7E.jpg', '4141', 'asdf', 'dfq', 'df', '1/yawIqyWBtxSYiF1t5fDnrbqKGJT74rXh.jpg', 'asdfa', 'adf', 'adf', 'adf', 'asdf', 'adf', 'asdf', 'asdf', 'Pakistan', '0000-00-00', '2345', '1/sgWB3Hac8W1kPZX6VwjJ7WPyfzwnaTW5.jpg', '4543', 'asf', 'asdf', '234', '1/9so6QRkbdmJJjlRnft_Ev1oB_zRyufVy.jpg', NULL, '', 'test', 'asdf', NULL, '0', 0, NULL, '2016-12-05 00:00:00', '2016-12-05 11:05:10', 1, 'http://gulbergempire.dev:8080/storage/web/source'),
(398, '1221', '1/ksTcQOM63POJG2yxewQ46XpMwp-VcMkw.jpg', '5235', 'Ayeen', 'Khan', 'Ayeen Khan', '1/7n9E9KKX0pLybiWswVfUId0vWYvXDBbv.jpg', 'Sher alam', 'Prince Abad Danyore Near chandni chok Gilgit Baltistan\r\nPrince Abad Danyore Near chandni chok Gilgit Baltistan', 'Prince Abad Danyore Near chandni chok Gilgit Baltistan\r\nPrince Abad Danyore Near chandni chok Gilgit Baltistan', '03327424312', '03327424312', '3327424312', 'ayeen@uexel.com', 'Sotware engineer', 'Pakistan', NULL, '71501-0639654-5', '1/vE86i3ZrOuBURrExWvRa4XcTbbEZvLXS.jpg', 'Ayeen Khan', 'father', 'Uexel CIS Technology Park G-5/2 Islamabad\r\nUexel CIS Technology Park G-5/2 Islamabad', '71501-02193837-5', '1/8QcOjJdHZik2gULH3UxHzQ6pTE9Nf7uS.jpg', NULL, '', '123123', 'test', NULL, '0', 1, NULL, '2016-12-09 00:00:00', '2016-12-09 07:06:23', 1, 'http://localhost/GulbergEmpire/storage/web/source');

-- --------------------------------------------------------

--
-- Table structure for table `member_apartment_ledger`
--

CREATE TABLE IF NOT EXISTS `member_apartment_ledger` (
  `id` int(11) NOT NULL AUTO_INCREMENT,
  `accountant_id` int(11) NOT NULL COMMENT 'added by the accountant',
  `member_id` int(11) NOT NULL COMMENT 'member relation',
  `appartment_id` int(11) NOT NULL COMMENT 'plot details',
  `date_as_on` varchar(45) DEFAULT NULL,
  `particulars` varchar(500) DEFAULT NULL,
  `society_receipt` varchar(200) DEFAULT NULL,
  `payable_outstanding` varchar(200) DEFAULT NULL,
  `payment_received` varchar(200) DEFAULT NULL,
  `balance_outstanding` varchar(200) DEFAULT NULL,
  `remarks` varchar(300) DEFAULT NULL,
  `last_modified` datetime DEFAULT NULL,
  `timestamp` timestamp NOT NULL DEFAULT CURRENT_TIMESTAMP,
  PRIMARY KEY (`id`),
  KEY `appartment_id_fk` (`appartment_id`),
  KEY `accountant_id_fk` (`accountant_id`),
  KEY `member_id_fk` (`member_id`)
) ENGINE=InnoDB DEFAULT CHARSET=utf8 AUTO_INCREMENT=1 ;

-- --------------------------------------------------------

--
-- Table structure for table `member_appartments`
--

CREATE TABLE IF NOT EXISTS `member_appartments` (
  `id` int(11) NOT NULL AUTO_INCREMENT,
  `member_id` int(11) NOT NULL,
  `accountant_id` int(11) NOT NULL,
  `unit_no` varchar(45) DEFAULT NULL,
  `unit_type` varchar(45) NOT NULL,
  `block` varchar(45) DEFAULT NULL,
  `floor` varchar(45) DEFAULT NULL,
  `prize` varchar(45) DEFAULT NULL,
  `apartment_document` varchar(200) NOT NULL,
  `last_update` datetime DEFAULT NULL,
  `timestamp` timestamp NOT NULL DEFAULT CURRENT_TIMESTAMP,
  `status` int(11) NOT NULL,
  `created_by` int(11) NOT NULL,
  `photo_path` varchar(256) NOT NULL,
  `date` date NOT NULL,
  `installment_plan_id` int(11) NOT NULL,
  `plan_type` int(11) NOT NULL,
  `plan_payment_type` int(11) NOT NULL,
  PRIMARY KEY (`id`),
  UNIQUE KEY `unit_no` (`unit_no`),
  KEY `accountant_id` (`accountant_id`),
  KEY `member_id` (`member_id`),
  KEY `fk_member_appartments_installment_plan1_idx` (`installment_plan_id`)
) ENGINE=InnoDB  DEFAULT CHARSET=utf8 AUTO_INCREMENT=46 ;

--
-- Dumping data for table `member_appartments`
--

INSERT INTO `member_appartments` (`id`, `member_id`, `accountant_id`, `unit_no`, `unit_type`, `block`, `floor`, `prize`, `apartment_document`, `last_update`, `timestamp`, `status`, `created_by`, `photo_path`, `date`, `installment_plan_id`, `plan_type`, `plan_payment_type`) VALUES
(1, 340, 1, '20-B', '', 'B', '4th', '00', '1012131386667607997897866.xlsx', '2016-12-06 00:00:00', '2013-12-10 09:26:47', 0, 1, '', '0000-00-00', 15, 10, 0),
(2, 341, 4, '11-C', '', 'C', '2nd', '2832100', 'no-photo.png', '2013-12-10 09:44:32', '2013-12-10 09:44:32', 0, 0, '', '0000-00-00', 0, 0, 0),
(3, 342, 4, '18-B', '', 'B', '4th', '2300000', 'no-photo.png', '2013-12-10 10:31:44', '2013-12-10 10:31:44', 0, 0, '', '0000-00-00', 0, 0, 0),
(4, 343, 4, '14-D', '', 'D', '3rd', '2300000', 'no-photo.png', '2013-12-10 11:13:52', '2013-12-10 11:13:52', 0, 0, '', '0000-00-00', 0, 0, 0),
(5, 344, 4, '12-D', '', 'D', '2nd', '000', 'no-photo.png', '2013-12-11 07:33:55', '2013-12-11 07:33:55', 0, 0, '', '0000-00-00', 0, 0, 0),
(6, 345, 4, '15-B', '', 'B', '3rd', '0000', 'no-photo.png', '2013-12-11 10:33:57', '2013-12-11 10:33:57', 0, 0, '', '0000-00-00', 0, 0, 0),
(7, 346, 4, '10-C', '', 'C', '2nd', '00', 'no-photo.png', '2013-12-11 11:04:56', '2013-12-11 11:04:56', 0, 0, '', '0000-00-00', 0, 0, 0),
(8, 347, 4, '16-A', '', 'A', '3rd', '0', 'no-photo.png', '2013-12-11 11:19:15', '2013-12-11 11:19:15', 0, 0, '', '0000-00-00', 0, 0, 0),
(9, 348, 4, '6-D', '', 'D', '1st', '0', 'no-photo.png', '2013-12-15 08:56:39', '2013-12-15 08:56:39', 0, 0, '', '0000-00-00', 0, 0, 0),
(10, 349, 4, '5-C', '', 'C', '1st', '0', 'no-photo.png', '2013-12-15 09:16:12', '2013-12-15 09:16:12', 0, 0, '', '0000-00-00', 0, 0, 0),
(11, 350, 4, '9-D', '', 'D', '2nd', '0', 'no-photo.png', '2013-12-15 09:30:10', '2013-12-15 09:30:10', 0, 0, '', '0000-00-00', 0, 0, 0),
(12, 351, 4, '5-D', '', 'D', '1st', '0', 'no-photo.png', '2013-12-15 09:39:41', '2013-12-15 09:39:41', 0, 0, '', '0000-00-00', 0, 0, 0),
(13, 352, 4, '10-D', '', 'D', '2nd', '2500000', 'no-photo.png', '2013-12-16 06:45:56', '2013-12-16 06:45:56', 0, 0, '', '0000-00-00', 0, 0, 0),
(14, 353, 4, '8-B', '', 'B', '1st', '2500000', 'no-photo.png', '2013-12-16 07:10:09', '2013-12-16 07:10:09', 0, 0, '', '0000-00-00', 0, 0, 0),
(15, 354, 4, '6-C', '', 'C', '1st', '2502100', 'no-photo.png', '2013-12-16 07:28:34', '2013-12-16 07:28:34', 0, 0, '', '0000-00-00', 0, 0, 0),
(16, 355, 4, '14-A', '', 'A', '3rd', '2847100', 'no-photo.png', '2013-12-16 07:48:36', '2013-12-16 07:48:36', 0, 0, '', '0000-00-00', 0, 0, 0),
(17, 356, 4, '11-D', '', 'D', '2nd', '0', 'no-photo.png', '2013-12-16 08:08:38', '2013-12-16 08:08:38', 0, 0, '', '0000-00-00', 0, 0, 0),
(18, 357, 4, '13-A', '', 'A', '3rd', '2847100', 'no-photo.png', '2013-12-16 08:57:08', '2013-12-16 08:57:08', 0, 0, '', '0000-00-00', 0, 0, 0),
(19, 358, 4, '15-D', '', 'D', '3rd', '2302100', 'no-photo.png', '2013-12-16 09:09:18', '2013-12-16 09:09:18', 0, 0, '', '0000-00-00', 0, 0, 0),
(20, 359, 4, '11-A', '', 'A', '2nd', '0', 'no-photo.png', '2013-12-16 09:15:43', '2013-12-16 09:15:43', 0, 0, '', '0000-00-00', 0, 0, 0),
(21, 360, 4, '9-B', '', 'B', '2nd', '3335100', 'no-photo.png', '2013-12-16 09:30:35', '2013-12-16 09:30:35', 0, 0, '', '0000-00-00', 0, 0, 0),
(22, 361, 4, '7-C', '', 'C', '1st', '2500000', 'no-photo.png', '2013-12-16 10:01:25', '2013-12-16 10:01:25', 0, 0, '', '0000-00-00', 0, 0, 0),
(23, 362, 4, '6-A', '', 'A', '1st', '2500000', 'no-photo.png', '2013-12-16 10:15:58', '2013-12-16 10:15:58', 0, 0, '', '0000-00-00', 0, 0, 0),
(24, 363, 4, '10-B', '', 'B', '2nd', '2400000', 'no-photo.png', '2013-12-16 10:53:39', '2013-12-16 10:53:39', 0, 0, '', '0000-00-00', 0, 0, 0),
(25, 364, 4, '15-C', '', 'C', '3rd', '2300000', 'no-photo.png', '2013-12-16 11:20:45', '2013-12-16 11:20:45', 0, 0, '', '0000-00-00', 0, 0, 0),
(26, 365, 4, '13-C', '', 'C', '3rd', '2300000', 'no-photo.png', '2013-12-16 11:36:49', '2013-12-16 11:36:49', 0, 0, '', '0000-00-00', 0, 0, 0),
(27, 366, 4, '13-B', '', 'B', '3rd', '0', 'no-photo.png', '2013-12-16 11:53:24', '2013-12-16 11:53:24', 0, 0, '', '0000-00-00', 0, 0, 0),
(28, 367, 4, '18-D', '', 'D', '4th', '0', 'no-photo.png', '2013-12-17 06:12:12', '2013-12-17 06:12:12', 0, 0, '', '0000-00-00', 0, 0, 0),
(29, 367, 4, '19-D', '', 'D', '4th', '0', 'no-photo.png', '2013-12-17 06:14:34', '2013-12-17 06:14:34', 0, 0, '', '0000-00-00', 0, 0, 0),
(30, 368, 4, '5-B', '', 'B', '1st', '2500000', 'no-photo.png', '2013-12-17 07:02:10', '2013-12-17 07:02:10', 0, 0, '', '0000-00-00', 0, 0, 0),
(31, 369, 4, '16-D', '', 'D', '3rd', '2300000', 'no-photo.png', '2013-12-17 07:14:13', '2013-12-17 07:14:13', 0, 0, '', '0000-00-00', 0, 0, 0),
(32, 370, 4, '9-C', '', 'C', '2nd', '0', 'no-photo.png', '2013-12-17 07:36:08', '2013-12-17 07:36:08', 0, 0, '', '0000-00-00', 0, 0, 0),
(33, 371, 4, '11-B', '', 'B', '2nd', '2400000', 'no-photo.png', '2013-12-17 07:49:42', '2013-12-17 07:49:42', 0, 0, '', '0000-00-00', 0, 0, 0),
(34, 372, 4, '15-A', '', 'A', '3rd', '0', 'no-photo.png', '2013-12-17 08:55:43', '2013-12-17 08:55:43', 0, 0, '', '0000-00-00', 0, 0, 0),
(35, 373, 4, '14-B', '', 'B', '3rd', '2300000', 'no-photo.png', '2013-12-17 09:06:32', '2013-12-17 09:06:32', 0, 0, '', '0000-00-00', 0, 0, 0),
(36, 374, 4, '9-A', '', 'A', '2nd', '2400000', 'no-photo.png', '2013-12-17 09:22:47', '2013-12-17 09:22:47', 0, 0, '', '0000-00-00', 0, 0, 0),
(37, 375, 4, '7-B', '', 'B', '1st', '2502100', 'no-photo.png', '2013-12-17 09:32:58', '2013-12-17 09:32:58', 0, 0, '', '0000-00-00', 0, 0, 0),
(38, 376, 4, '5-A', '', 'A', '1st', '2500000', 'no-photo.png', '2013-12-17 10:48:30', '2013-12-17 10:48:30', 0, 0, '', '0000-00-00', 0, 0, 0),
(39, 377, 4, '8-A', '', 'A', '1st', '2500000', 'no-photo.png', '2013-12-18 07:05:49', '2013-12-18 07:05:49', 0, 0, '', '0000-00-00', 0, 0, 0),
(40, 378, 4, '7-A', '', 'A', '1st', '2500000', 'no-photo.png', '2013-12-18 07:18:31', '2013-12-18 07:18:31', 0, 0, '', '0000-00-00', 0, 0, 0),
(41, 379, 4, '6-B', '', 'B', '1st', '2500000', 'no-photo.png', '2013-12-18 07:34:06', '2013-12-18 07:34:06', 0, 0, '', '0000-00-00', 0, 0, 0),
(42, 380, 4, '13-D', '', 'D', '3rd', '2302100', 'no-photo.png', '2013-12-18 07:43:14', '2013-12-18 07:43:14', 0, 0, '', '0000-00-00', 0, 0, 0),
(43, 384, 1, '1000', '', '', '', '', '1/Tp5V5h6_Uno7t4u9pG1Rk3xQeX7EWIMl.docx', '2016-11-25 00:00:00', '2016-11-25 12:13:40', 0, 1, 'http://gulbergempire.dev:8080/storage/web/source', '0000-00-00', 0, 0, 0),
(44, 20, 1, '444', '', '44', '500', '50000', '1/NZH_xmbrqUP-cZ0PcHAiWoz64T7eKBRL.sql', '2016-12-06 00:00:00', '2016-12-06 09:35:51', 0, 1, 'http://localhost/GulberEmpire/storage/web/source', '2016-12-08', 14, 11, 0),
(45, 33, 1, '543', '1', '44', '500', '50000', '1/44u15TmXyaXfdzitvSs_vWVWP4sLESbJ.jpg', '2016-12-07 00:00:00', '2016-12-07 12:46:43', 0, 1, 'http://localhost/GulbergEmpire/storage/web/source', '2016-12-01', 14, 9, 0);

-- --------------------------------------------------------

--
-- Table structure for table `member_documents`
--

CREATE TABLE IF NOT EXISTS `member_documents` (
  `id` int(11) NOT NULL,
  `member_id` int(11) NOT NULL,
  `url` varchar(200) NOT NULL,
  `title` varchar(300) NOT NULL
) ENGINE=InnoDB DEFAULT CHARSET=utf8;

-- --------------------------------------------------------

--
-- Table structure for table `member_plots`
--

CREATE TABLE IF NOT EXISTS `member_plots` (
  `id` int(11) NOT NULL AUTO_INCREMENT,
  `unit_id` int(11) NOT NULL,
  `member_id` int(11) NOT NULL,
  `payment_mode` int(11) NOT NULL DEFAULT '1' COMMENT 'full payment or monthly',
  `plot_prize` varchar(45) DEFAULT NULL,
  `plot_document` varchar(200) NOT NULL,
  `status` int(11) DEFAULT NULL,
  `last_update` datetime DEFAULT NULL,
  `timestamp` timestamp NOT NULL DEFAULT CURRENT_TIMESTAMP,
  `created_by` int(11) NOT NULL,
  `photo_path` varchar(256) NOT NULL,
  `date` varchar(256) NOT NULL,
  `plan_type` int(11) NOT NULL,
  `plan_payment_type` int(11) NOT NULL,
  `installment_plan_id` int(11) NOT NULL,
  PRIMARY KEY (`id`),
  KEY `member_id` (`member_id`)
) ENGINE=InnoDB  DEFAULT CHARSET=utf8 AUTO_INCREMENT=20 ;

--
-- Dumping data for table `member_plots`
--

INSERT INTO `member_plots` (`id`, `unit_id`, `member_id`, `payment_mode`, `plot_prize`, `plot_document`, `status`, `last_update`, `timestamp`, `created_by`, `photo_path`, `date`, `plan_type`, `plan_payment_type`, `installment_plan_id`) VALUES
(1, 0, 1, 0, '123', '1/xgVSh0L9wZLk5LK43GIivMtIrGamzIXT.jpg', 1, '2016-12-14 00:00:00', '2016-12-14 06:42:43', 1, 'http://localhost/GulbergEmpire/storage/web/source', '2017-01-03', 9, 1, 0),
(2, 0, 20, 0, '2000', '1/y5RhpNWtUprWOK0Oi5Xcq5KwNreRjs1_.jpg', 1, '2016-12-17 00:00:00', '2016-12-16 08:27:54', 1, 'http://localhost/GulbergEmpire/storage/web/source', '2017-01-03', 9, 0, 0),
(3, 0, 20, 1, '5040', '1/ga0YaJ9ie-j3bOgn_4LI_m1Q4APU9C22.jpg', 0, '2016-12-16 00:00:00', '2016-12-16 11:53:09', 20, 'http://localhost/GulbergEmpire/storage/web/source', '2016-12-15', 12, 1, 0),
(4, 0, 20, 0, '5000', '1/EDi7ofFftyz_ZpZ32xPiMqvQwV78FBSI.jpg', 0, '2016-12-19 00:00:00', '2016-12-19 07:36:30', 20, 'http://localhost/GulbergEmpire/storage/web/source', '2016-12-15', 9, 1, 0),
(6, 0, 21, 0, '5000', '1/vG4INtIkqTxgl1WiovAVGzCHGWlCntvY.jpg', 0, '2016-12-20 00:00:00', '2016-12-20 11:48:59', 21, 'http://localhost/GulbergEmpire/storage/web/source', '2016-12-06', 12, 0, 0),
(18, 0, 1, 0, '5770', '1/2lgO_6NITWf55X2bssvjpl8KM-3jzC8B.jpg', 0, '2016-12-20 00:00:00', '2016-12-20 11:31:33', 1, 'http://localhost/GulbergEmpire/storage/web/source', '2016-12-08', 9, 0, 0),
(19, 0, 20, 0, '6500', '1/6C2gRbwXLj11loLKn-Xnaicz7ER2Xyjt.docx', 0, '2017-01-05 00:00:00', '2017-01-05 08:07:22', 1, 'http://localhost/GulbergEmpire/storage/web/source', '2017-01-04', 12, 1, 0);

-- --------------------------------------------------------

--
-- Table structure for table `member_plot_ledger`
--

CREATE TABLE IF NOT EXISTS `member_plot_ledger` (
  `id` int(11) NOT NULL AUTO_INCREMENT,
  `accountant_id` int(11) DEFAULT NULL COMMENT 'added by the accountant',
  `member_id` int(11) NOT NULL COMMENT 'member relation',
  `plot_id` int(11) NOT NULL COMMENT 'plot details',
  `date_as_on` date NOT NULL,
  `particulars` varchar(500) DEFAULT NULL,
  `society_receipt` varchar(200) DEFAULT NULL,
  `payable_outstanding` varchar(200) DEFAULT NULL,
  `payment_received` varchar(200) DEFAULT NULL,
  `balance_outstanding` varchar(200) DEFAULT NULL,
  `remarks` varchar(300) DEFAULT NULL,
  `last_modified` datetime DEFAULT NULL,
  `timestamp` timestamp NOT NULL DEFAULT CURRENT_TIMESTAMP,
  `created_by` int(11) NOT NULL,
  PRIMARY KEY (`id`),
  KEY `plot_id_fk` (`plot_id`),
  KEY `member_id_memfk` (`member_id`),
  KEY `accountant_id_acfk` (`accountant_id`)
) ENGINE=InnoDB  DEFAULT CHARSET=utf8 AUTO_INCREMENT=8 ;

--
-- Dumping data for table `member_plot_ledger`
--

INSERT INTO `member_plot_ledger` (`id`, `accountant_id`, `member_id`, `plot_id`, `date_as_on`, `particulars`, `society_receipt`, `payable_outstanding`, `payment_received`, `balance_outstanding`, `remarks`, `last_modified`, `timestamp`, `created_by`) VALUES
(1, NULL, 33, 18, '2016-12-29', 'test', 'test', '200000', '20000', NULL, 'test', '2017-01-05 00:00:00', '2016-12-14 06:12:19', 1),
(2, NULL, 1, 1, '2016-12-22', 'test', 'tess', '4000', '1230', NULL, 'test', '2016-12-14 00:00:00', '2016-12-14 06:44:32', 1),
(3, NULL, 20, 2, '2016-12-10', 'payement', '5008', '20000', '448500', NULL, 'tesy', '2016-12-26 00:00:00', '2016-12-20 08:58:13', 1),
(4, NULL, 20, 2, '2016-12-21', 'test', '1232', '15000', '448500', NULL, 'payment', '2016-12-20 00:00:00', '2016-12-20 09:00:25', 21),
(5, NULL, 20, 2, '2016-12-22', 'test', '32321', '58139', '58139', NULL, 'dede', '2016-12-20 00:00:00', '2016-12-20 12:45:02', 21),
(6, NULL, 20, 2, '2016-12-09', 'test', '5433332', NULL, '58139', NULL, 'test', '2017-01-05 00:00:00', '2016-12-21 07:27:22', 1),
(7, NULL, 20, 2, '2016-12-26', 'My payments', '0002', NULL, '5000', NULL, '', '2016-12-26 00:00:00', '2016-12-26 08:36:38', 1);

-- --------------------------------------------------------

--
-- Table structure for table `member_shops`
--

CREATE TABLE IF NOT EXISTS `member_shops` (
  `id` int(11) NOT NULL AUTO_INCREMENT,
  `accountant_id` int(11) NOT NULL,
  `member_id` int(11) NOT NULL,
  `shop_no` varchar(45) DEFAULT NULL,
  `unit_type` int(11) NOT NULL,
  `category` varchar(45) DEFAULT NULL COMMENT 'A or B',
  `payment_mode` int(11) NOT NULL DEFAULT '1' COMMENT 'full payment or monthly',
  `shop_size` varchar(45) DEFAULT NULL,
  `shop_prize` varchar(45) DEFAULT NULL,
  `shop_document` varchar(200) NOT NULL,
  `status` int(11) DEFAULT NULL,
  `last_update` datetime DEFAULT NULL,
  `timestamp` timestamp NOT NULL DEFAULT CURRENT_TIMESTAMP,
  `created_by` int(11) NOT NULL,
  `photo_path` varchar(256) NOT NULL,
  `date` date NOT NULL,
  `installment_plan_id` int(11) NOT NULL,
  `plan_type` int(11) NOT NULL,
  `plan_payment_type` int(11) NOT NULL,
  PRIMARY KEY (`id`),
  UNIQUE KEY `shop_no` (`shop_no`),
  KEY `member_id` (`member_id`),
  KEY `accountant_id` (`accountant_id`),
  KEY `fk_member_shops_installment_plan1_idx` (`installment_plan_id`)
) ENGINE=InnoDB  DEFAULT CHARSET=utf8 AUTO_INCREMENT=3 ;

--
-- Dumping data for table `member_shops`
--

INSERT INTO `member_shops` (`id`, `accountant_id`, `member_id`, `shop_no`, `unit_type`, `category`, `payment_mode`, `shop_size`, `shop_prize`, `shop_document`, `status`, `last_update`, `timestamp`, `created_by`, `photo_path`, `date`, `installment_plan_id`, `plan_type`, `plan_payment_type`) VALUES
(1, 1, 384, '4422', 0, '1', 0, '22x34', '', '1/4GvhPPCl5pgYdG87TXl8DSfkyB07G_j_.jpg', 0, '2016-12-09 00:00:00', '2016-11-25 11:40:49', 1, 'http://localhost/GulbergEmpire/storage/web/source', '0000-00-00', 14, 9, 0),
(2, 1, 84, '3333', 0, '1', 0, '33', '500000', '1/BI7rdjbg1eNbN7XDqp5RnN8b7t1u09c0.sql', 1, '2016-12-06 00:00:00', '2016-12-06 09:07:36', 1, 'http://localhost/GulberEmpire/storage/web/source', '2016-12-08', 14, 11, 1);

-- --------------------------------------------------------

--
-- Table structure for table `member_shop_ledger`
--

CREATE TABLE IF NOT EXISTS `member_shop_ledger` (
  `id` int(11) NOT NULL AUTO_INCREMENT,
  `accountant_id` int(11) NOT NULL COMMENT 'added by the accountant',
  `member_id` int(11) NOT NULL COMMENT 'member relation',
  `shop_id` int(11) NOT NULL COMMENT 'plot details',
  `date_as_on` varchar(45) DEFAULT NULL,
  `particulars` varchar(500) DEFAULT NULL,
  `society_receipt` varchar(200) DEFAULT NULL,
  `payable_outstanding` varchar(200) DEFAULT NULL,
  `payment_received` varchar(200) DEFAULT NULL,
  `balance_outstanding` varchar(200) DEFAULT NULL,
  `remarks` varchar(300) DEFAULT NULL,
  `last_modified` datetime DEFAULT NULL,
  `timestamp` timestamp NOT NULL DEFAULT CURRENT_TIMESTAMP,
  PRIMARY KEY (`id`),
  KEY `plot_id_fk` (`shop_id`),
  KEY `member_id_memfk` (`member_id`),
  KEY `accountant_id_acfk` (`accountant_id`)
) ENGINE=InnoDB DEFAULT CHARSET=utf8 AUTO_INCREMENT=1 ;

-- --------------------------------------------------------

--
-- Table structure for table `page`
--

CREATE TABLE IF NOT EXISTS `page` (
  `id` int(11) NOT NULL AUTO_INCREMENT,
  `slug` varchar(2048) COLLATE utf8_unicode_ci NOT NULL,
  `title` varchar(512) COLLATE utf8_unicode_ci NOT NULL,
  `body` text COLLATE utf8_unicode_ci NOT NULL,
  `view` varchar(255) COLLATE utf8_unicode_ci DEFAULT NULL,
  `status` smallint(6) NOT NULL,
  `created_at` int(11) DEFAULT NULL,
  `updated_at` int(11) DEFAULT NULL,
  PRIMARY KEY (`id`)
) ENGINE=InnoDB  DEFAULT CHARSET=utf8 COLLATE=utf8_unicode_ci AUTO_INCREMENT=2 ;

--
-- Dumping data for table `page`
--

INSERT INTO `page` (`id`, `slug`, `title`, `body`, `view`, `status`, `created_at`, `updated_at`) VALUES
(1, 'about', 'About', 'Lorem ipsum dolor sit amet, consectetur adipiscing elit.', NULL, 1, 1479805536, 1479805536);

-- --------------------------------------------------------

--
-- Table structure for table `posts`
--

CREATE TABLE IF NOT EXISTS `posts` (
  `id` int(11) NOT NULL AUTO_INCREMENT,
  `title` varchar(99) NOT NULL,
  `slug` varchar(255) NOT NULL,
  `body` text NOT NULL,
  `author_id` int(11) DEFAULT NULL,
  `status` int(11) NOT NULL,
  `updated_on` datetime NOT NULL,
  `created_on` timestamp NOT NULL DEFAULT CURRENT_TIMESTAMP,
  PRIMARY KEY (`id`),
  UNIQUE KEY `posts_slug_unique` (`slug`)
) ENGINE=InnoDB  DEFAULT CHARSET=latin1 AUTO_INCREMENT=7 ;

--
-- Dumping data for table `posts`
--

INSERT INTO `posts` (`id`, `title`, `slug`, `body`, `author_id`, `status`, `updated_on`, `created_on`) VALUES
(1, 'GJCHS website launched', 'gjchs-website-launched', '<p></p><p>GJCHS new &nbsp;website launched. All project details are also updated some of the key new features of website include</p><p><ul><li><span style="line-height: 22.5px;">Now member can login and check the payment details and history</span></li><li><span style="line-height: 22.5px;">Announcements will be send to provided email addresses&nbsp;</span></li></ul><div>More exciting features to be included in near future to make the e-service even better. Give us your suggestions and feedback to improve our services.&nbsp;</div><div>Thanks&nbsp;</div><div>GJCHS I.T Team</div></p>\r\n', 3, 2, '2013-07-08 09:24:38', '2012-11-22 11:51:53'),
(5, 'Construction Work started', 'construction-work-started', '<p>Construction Work started</p>', 4, 2, '2013-07-08 10:00:50', '2013-07-08 10:00:50'),
(6, 'GJCHS board meeting', 'gjchs-board-meeting', '<p>Board meeting date will be announced soon</p>', 4, 2, '2013-07-08 10:01:33', '2013-07-08 10:01:33');

-- --------------------------------------------------------

--
-- Table structure for table `rbac_auth_assignment`
--

CREATE TABLE IF NOT EXISTS `rbac_auth_assignment` (
  `item_name` varchar(64) COLLATE utf8_unicode_ci NOT NULL,
  `user_id` varchar(64) COLLATE utf8_unicode_ci NOT NULL,
  `created_at` int(11) DEFAULT NULL,
  PRIMARY KEY (`item_name`,`user_id`)
) ENGINE=InnoDB DEFAULT CHARSET=utf8 COLLATE=utf8_unicode_ci;

--
-- Dumping data for table `rbac_auth_assignment`
--

INSERT INTO `rbac_auth_assignment` (`item_name`, `user_id`, `created_at`) VALUES
('administrator', '1', 1479806331),
('administrator', '21', 1482234446),
('manager', '2', 1479806331),
('user', '10', 1480935492),
('user', '11', 1480935654),
('user', '12', 1481792491),
('user', '13', 1481867718),
('user', '14', 1481869695),
('user', '15', 1481873618),
('user', '16', 1481873893),
('user', '20', 1481876336),
('user', '3', 1479806331),
('user', '8', 1480934364),
('user', '9', 1480935144);

-- --------------------------------------------------------

--
-- Table structure for table `rbac_auth_item`
--

CREATE TABLE IF NOT EXISTS `rbac_auth_item` (
  `name` varchar(64) COLLATE utf8_unicode_ci NOT NULL,
  `type` int(11) NOT NULL,
  `description` text COLLATE utf8_unicode_ci,
  `rule_name` varchar(64) COLLATE utf8_unicode_ci DEFAULT NULL,
  `data` text COLLATE utf8_unicode_ci,
  `created_at` int(11) DEFAULT NULL,
  `updated_at` int(11) DEFAULT NULL,
  PRIMARY KEY (`name`),
  KEY `rule_name` (`rule_name`),
  KEY `idx-auth_item-type` (`type`)
) ENGINE=InnoDB DEFAULT CHARSET=utf8 COLLATE=utf8_unicode_ci;

--
-- Dumping data for table `rbac_auth_item`
--

INSERT INTO `rbac_auth_item` (`name`, `type`, `description`, `rule_name`, `data`, `created_at`, `updated_at`) VALUES
('administrator', 1, NULL, NULL, NULL, 1479806331, 1479806331),
('editOwnModel', 2, NULL, 'ownModelRule', NULL, 1479806331, 1479806331),
('loginToBackend', 2, NULL, NULL, NULL, 1479806331, 1479806331),
('manager', 1, NULL, NULL, NULL, 1479806331, 1479806331),
('user', 1, NULL, NULL, NULL, 1479806331, 1479806331);

-- --------------------------------------------------------

--
-- Table structure for table `rbac_auth_item_child`
--

CREATE TABLE IF NOT EXISTS `rbac_auth_item_child` (
  `parent` varchar(64) COLLATE utf8_unicode_ci NOT NULL,
  `child` varchar(64) COLLATE utf8_unicode_ci NOT NULL,
  PRIMARY KEY (`parent`,`child`),
  KEY `child` (`child`)
) ENGINE=InnoDB DEFAULT CHARSET=utf8 COLLATE=utf8_unicode_ci;

--
-- Dumping data for table `rbac_auth_item_child`
--

INSERT INTO `rbac_auth_item_child` (`parent`, `child`) VALUES
('user', 'editOwnModel'),
('user', 'loginToBackend'),
('administrator', 'manager'),
('manager', 'user');

-- --------------------------------------------------------

--
-- Table structure for table `rbac_auth_rule`
--

CREATE TABLE IF NOT EXISTS `rbac_auth_rule` (
  `name` varchar(64) COLLATE utf8_unicode_ci NOT NULL,
  `data` text COLLATE utf8_unicode_ci,
  `created_at` int(11) DEFAULT NULL,
  `updated_at` int(11) DEFAULT NULL,
  PRIMARY KEY (`name`)
) ENGINE=InnoDB DEFAULT CHARSET=utf8 COLLATE=utf8_unicode_ci;

--
-- Dumping data for table `rbac_auth_rule`
--

INSERT INTO `rbac_auth_rule` (`name`, `data`, `created_at`, `updated_at`) VALUES
('ownModelRule', 'O:29:"common\\rbac\\rule\\OwnModelRule":3:{s:4:"name";s:12:"ownModelRule";s:9:"createdAt";i:1479806331;s:9:"updatedAt";i:1479806331;}', 1479806331, 1479806331);

-- --------------------------------------------------------

--
-- Table structure for table `system_db_migration`
--

CREATE TABLE IF NOT EXISTS `system_db_migration` (
  `version` varchar(180) NOT NULL,
  `apply_time` int(11) DEFAULT NULL,
  PRIMARY KEY (`version`)
) ENGINE=MyISAM DEFAULT CHARSET=latin1;

--
-- Dumping data for table `system_db_migration`
--

INSERT INTO `system_db_migration` (`version`, `apply_time`) VALUES
('m000000_000000_base', 1479805471),
('m140703_123000_user', 1479805520),
('m140703_123055_log', 1479805521),
('m140703_123104_page', 1479805522),
('m140703_123803_article', 1479805526),
('m140703_123813_rbac', 1479805528),
('m140709_173306_widget_menu', 1479805528),
('m140709_173333_widget_text', 1479805529),
('m140712_123329_widget_carousel', 1479805530),
('m140805_084745_key_storage_item', 1479805531),
('m141012_101932_i18n_tables', 1479805533),
('m150318_213934_file_storage_item', 1479805533),
('m150414_195800_timeline_event', 1479805534),
('m150725_192740_seed_data', 1479805536),
('m150929_074021_article_attachment_order', 1479805537),
('m160203_095604_user_token', 1479805537);

-- --------------------------------------------------------

--
-- Table structure for table `system_log`
--

CREATE TABLE IF NOT EXISTS `system_log` (
  `id` bigint(20) NOT NULL AUTO_INCREMENT,
  `level` int(11) DEFAULT NULL,
  `category` varchar(255) COLLATE utf8_unicode_ci DEFAULT NULL,
  `log_time` double DEFAULT NULL,
  `prefix` text COLLATE utf8_unicode_ci,
  `message` text COLLATE utf8_unicode_ci,
  PRIMARY KEY (`id`),
  KEY `idx_log_level` (`level`),
  KEY `idx_log_category` (`category`)
) ENGINE=InnoDB  DEFAULT CHARSET=utf8 COLLATE=utf8_unicode_ci AUTO_INCREMENT=420 ;

--
-- Dumping data for table `system_log`
--

INSERT INTO `system_log` (`id`, `level`, `category`, `log_time`, `prefix`, `message`) VALUES
(376, 1, 'yii\\base\\ErrorException:8', 1483084481.722, '[backend][/GulbergEmpire/backend/web/]', 'exception ''yii\\base\\ErrorException'' with message ''Use of undefined constant label - assumed ''label'''' in C:\\wamp\\www\\GulbergEmpire\\backend\\views\\timeline-event\\index.php:13\nStack trace:\n#0 C:\\wamp\\www\\GulbergEmpire\\vendor\\yiisoft\\yii2\\base\\View.php(248): yii\\base\\View->renderPhpFile()\n#1 C:\\wamp\\www\\GulbergEmpire\\vendor\\yiisoft\\yii2\\base\\View.php(150): yii\\base\\View->renderFile()\n#2 C:\\wamp\\www\\GulbergEmpire\\vendor\\yiisoft\\yii2\\base\\Controller.php(378): yii\\base\\View->render()\n#3 C:\\wamp\\www\\GulbergEmpire\\backend\\controllers\\TimelineEventController.php(37): yii\\base\\Controller->render()\n#4 C:\\wamp\\www\\GulbergEmpire\\vendor\\yiisoft\\yii2\\base\\InlineAction.php(55): backend\\controllers\\TimelineEventController->actionIndex()\n#5 C:\\wamp\\www\\GulbergEmpire\\vendor\\yiisoft\\yii2\\base\\InlineAction.php(55): ::call_user_func_array:{C:\\wamp\\www\\GulbergEmpire\\vendor\\yiisoft\\yii2\\base\\InlineAction.php:55}()\n#6 C:\\wamp\\www\\GulbergEmpire\\vendor\\yiisoft\\yii2\\base\\Controller.php(154): yii\\base\\InlineAction->runWithParams()\n#7 C:\\wamp\\www\\GulbergEmpire\\vendor\\yiisoft\\yii2\\base\\Module.php(454): yii\\base\\Controller->runAction()\n#8 C:\\wamp\\www\\GulbergEmpire\\vendor\\yiisoft\\yii2\\web\\Application.php(100): yii\\base\\Module->runAction()\n#9 C:\\wamp\\www\\GulbergEmpire\\vendor\\yiisoft\\yii2\\base\\Application.php(375): yii\\web\\Application->handleRequest()\n#10 C:\\wamp\\www\\GulbergEmpire\\backend\\web\\index.php(23): yii\\base\\Application->run()\n#11 {main}'),
(377, 1, 'yii\\base\\ErrorException:8', 1483084580.2089, '[backend][/GulbergEmpire/backend/web/]', 'exception ''yii\\base\\ErrorException'' with message ''Use of undefined constant backgroundColor - assumed ''backgroundColor'''' in C:\\wamp\\www\\GulbergEmpire\\backend\\views\\timeline-event\\index.php:14\nStack trace:\n#0 C:\\wamp\\www\\GulbergEmpire\\vendor\\yiisoft\\yii2\\base\\View.php(248): yii\\base\\View->renderPhpFile()\n#1 C:\\wamp\\www\\GulbergEmpire\\vendor\\yiisoft\\yii2\\base\\View.php(150): yii\\base\\View->renderFile()\n#2 C:\\wamp\\www\\GulbergEmpire\\vendor\\yiisoft\\yii2\\base\\Controller.php(378): yii\\base\\View->render()\n#3 C:\\wamp\\www\\GulbergEmpire\\backend\\controllers\\TimelineEventController.php(37): yii\\base\\Controller->render()\n#4 C:\\wamp\\www\\GulbergEmpire\\vendor\\yiisoft\\yii2\\base\\InlineAction.php(55): backend\\controllers\\TimelineEventController->actionIndex()\n#5 C:\\wamp\\www\\GulbergEmpire\\vendor\\yiisoft\\yii2\\base\\InlineAction.php(55): ::call_user_func_array:{C:\\wamp\\www\\GulbergEmpire\\vendor\\yiisoft\\yii2\\base\\InlineAction.php:55}()\n#6 C:\\wamp\\www\\GulbergEmpire\\vendor\\yiisoft\\yii2\\base\\Controller.php(154): yii\\base\\InlineAction->runWithParams()\n#7 C:\\wamp\\www\\GulbergEmpire\\vendor\\yiisoft\\yii2\\base\\Module.php(454): yii\\base\\Controller->runAction()\n#8 C:\\wamp\\www\\GulbergEmpire\\vendor\\yiisoft\\yii2\\web\\Application.php(100): yii\\base\\Module->runAction()\n#9 C:\\wamp\\www\\GulbergEmpire\\vendor\\yiisoft\\yii2\\base\\Application.php(375): yii\\web\\Application->handleRequest()\n#10 C:\\wamp\\www\\GulbergEmpire\\backend\\web\\index.php(23): yii\\base\\Application->run()\n#11 {main}'),
(378, 2, 'yii\\log\\Dispatcher::dispatch', 1483424824.0358, '[backend][/GulbergEmpire/backend/web/]', 'Unable to send log via yii\\debug\\LogTarget: PHP Notice ''yii\\base\\ErrorException'' with message ''unserialize(): Error at offset 0 of 16716 bytes'' \n\nin C:\\wamp\\www\\GulbergEmpire\\vendor\\yiisoft\\yii2-debug\\LogTarget.php:88\n\nStack trace:\n#0 C:\\wamp\\www\\GulbergEmpire\\vendor\\yiisoft\\yii2-debug\\LogTarget.php(63): yii\\debug\\LogTarget->updateIndexFile()\n#1 C:\\wamp\\www\\GulbergEmpire\\vendor\\yiisoft\\yii2-debug\\LogTarget.php(118): yii\\debug\\LogTarget->export()\n#2 C:\\wamp\\www\\GulbergEmpire\\vendor\\yiisoft\\yii2\\log\\Dispatcher.php(188): yii\\debug\\LogTarget->collect()\n#3 C:\\wamp\\www\\GulbergEmpire\\vendor\\yiisoft\\yii2\\log\\Logger.php(173): yii\\log\\Dispatcher->dispatch()\n#4 {main}'),
(379, 2, 'yii\\log\\Dispatcher::dispatch', 1483428232.6533, '[backend][/GulbergEmpire/backend/web/]', 'Unable to send log via yii\\debug\\LogTarget: PHP Notice ''yii\\base\\ErrorException'' with message ''unserialize(): Error at offset 0 of 16716 bytes'' \n\nin C:\\wamp\\www\\GulbergEmpire\\vendor\\yiisoft\\yii2-debug\\LogTarget.php:88\n\nStack trace:\n#0 C:\\wamp\\www\\GulbergEmpire\\vendor\\yiisoft\\yii2-debug\\LogTarget.php(63): yii\\debug\\LogTarget->updateIndexFile()\n#1 C:\\wamp\\www\\GulbergEmpire\\vendor\\yiisoft\\yii2-debug\\LogTarget.php(118): yii\\debug\\LogTarget->export()\n#2 C:\\wamp\\www\\GulbergEmpire\\vendor\\yiisoft\\yii2\\log\\Dispatcher.php(188): yii\\debug\\LogTarget->collect()\n#3 C:\\wamp\\www\\GulbergEmpire\\vendor\\yiisoft\\yii2\\log\\Logger.php(173): yii\\log\\Dispatcher->dispatch()\n#4 {main}'),
(380, 2, 'yii\\log\\Dispatcher::dispatch', 1483428276.4255, '[backend][/GulbergEmpire/backend/web/]', 'Unable to send log via yii\\debug\\LogTarget: PHP Notice ''yii\\base\\ErrorException'' with message ''unserialize(): Error at offset 0 of 16716 bytes'' \n\nin C:\\wamp\\www\\GulbergEmpire\\vendor\\yiisoft\\yii2-debug\\LogTarget.php:88\n\nStack trace:\n#0 C:\\wamp\\www\\GulbergEmpire\\vendor\\yiisoft\\yii2-debug\\LogTarget.php(63): yii\\debug\\LogTarget->updateIndexFile()\n#1 C:\\wamp\\www\\GulbergEmpire\\vendor\\yiisoft\\yii2-debug\\LogTarget.php(118): yii\\debug\\LogTarget->export()\n#2 C:\\wamp\\www\\GulbergEmpire\\vendor\\yiisoft\\yii2\\log\\Dispatcher.php(188): yii\\debug\\LogTarget->collect()\n#3 C:\\wamp\\www\\GulbergEmpire\\vendor\\yiisoft\\yii2\\log\\Logger.php(173): yii\\log\\Dispatcher->dispatch()\n#4 {main}'),
(381, 2, 'yii\\log\\Dispatcher::dispatch', 1483430547.4876, '[backend][/GulbergEmpire/backend/web/]', 'Unable to send log via yii\\debug\\LogTarget: PHP Notice ''yii\\base\\ErrorException'' with message ''unserialize(): Error at offset 0 of 16716 bytes'' \n\nin C:\\wamp\\www\\GulbergEmpire\\vendor\\yiisoft\\yii2-debug\\LogTarget.php:88\n\nStack trace:\n#0 C:\\wamp\\www\\GulbergEmpire\\vendor\\yiisoft\\yii2-debug\\LogTarget.php(63): yii\\debug\\LogTarget->updateIndexFile()\n#1 C:\\wamp\\www\\GulbergEmpire\\vendor\\yiisoft\\yii2-debug\\LogTarget.php(118): yii\\debug\\LogTarget->export()\n#2 C:\\wamp\\www\\GulbergEmpire\\vendor\\yiisoft\\yii2\\log\\Dispatcher.php(188): yii\\debug\\LogTarget->collect()\n#3 C:\\wamp\\www\\GulbergEmpire\\vendor\\yiisoft\\yii2\\log\\Logger.php(173): yii\\log\\Dispatcher->dispatch()\n#4 {main}'),
(382, 2, 'yii\\log\\Dispatcher::dispatch', 1483430575.6478, '[backend][/GulbergEmpire/backend/web/]', 'Unable to send log via yii\\debug\\LogTarget: PHP Notice ''yii\\base\\ErrorException'' with message ''unserialize(): Error at offset 0 of 16716 bytes'' \n\nin C:\\wamp\\www\\GulbergEmpire\\vendor\\yiisoft\\yii2-debug\\LogTarget.php:88\n\nStack trace:\n#0 C:\\wamp\\www\\GulbergEmpire\\vendor\\yiisoft\\yii2-debug\\LogTarget.php(63): yii\\debug\\LogTarget->updateIndexFile()\n#1 C:\\wamp\\www\\GulbergEmpire\\vendor\\yiisoft\\yii2-debug\\LogTarget.php(118): yii\\debug\\LogTarget->export()\n#2 C:\\wamp\\www\\GulbergEmpire\\vendor\\yiisoft\\yii2\\log\\Dispatcher.php(188): yii\\debug\\LogTarget->collect()\n#3 C:\\wamp\\www\\GulbergEmpire\\vendor\\yiisoft\\yii2\\log\\Logger.php(173): yii\\log\\Dispatcher->dispatch()\n#4 {main}'),
(383, 2, 'yii\\log\\Dispatcher::dispatch', 1483430697.5854, '[backend][/GulbergEmpire/backend/web/]', 'Unable to send log via yii\\debug\\LogTarget: PHP Notice ''yii\\base\\ErrorException'' with message ''unserialize(): Error at offset 0 of 16716 bytes'' \n\nin C:\\wamp\\www\\GulbergEmpire\\vendor\\yiisoft\\yii2-debug\\LogTarget.php:88\n\nStack trace:\n#0 C:\\wamp\\www\\GulbergEmpire\\vendor\\yiisoft\\yii2-debug\\LogTarget.php(63): yii\\debug\\LogTarget->updateIndexFile()\n#1 C:\\wamp\\www\\GulbergEmpire\\vendor\\yiisoft\\yii2-debug\\LogTarget.php(118): yii\\debug\\LogTarget->export()\n#2 C:\\wamp\\www\\GulbergEmpire\\vendor\\yiisoft\\yii2\\log\\Dispatcher.php(188): yii\\debug\\LogTarget->collect()\n#3 C:\\wamp\\www\\GulbergEmpire\\vendor\\yiisoft\\yii2\\log\\Logger.php(173): yii\\log\\Dispatcher->dispatch()\n#4 {main}'),
(384, 2, 'yii\\log\\Dispatcher::dispatch', 1483430780.4329, '[backend][/GulbergEmpire/backend/web/]', 'Unable to send log via yii\\debug\\LogTarget: PHP Notice ''yii\\base\\ErrorException'' with message ''unserialize(): Error at offset 0 of 16716 bytes'' \n\nin C:\\wamp\\www\\GulbergEmpire\\vendor\\yiisoft\\yii2-debug\\LogTarget.php:88\n\nStack trace:\n#0 C:\\wamp\\www\\GulbergEmpire\\vendor\\yiisoft\\yii2-debug\\LogTarget.php(63): yii\\debug\\LogTarget->updateIndexFile()\n#1 C:\\wamp\\www\\GulbergEmpire\\vendor\\yiisoft\\yii2-debug\\LogTarget.php(118): yii\\debug\\LogTarget->export()\n#2 C:\\wamp\\www\\GulbergEmpire\\vendor\\yiisoft\\yii2\\log\\Dispatcher.php(188): yii\\debug\\LogTarget->collect()\n#3 C:\\wamp\\www\\GulbergEmpire\\vendor\\yiisoft\\yii2\\log\\Logger.php(173): yii\\log\\Dispatcher->dispatch()\n#4 {main}'),
(385, 2, 'yii\\log\\Dispatcher::dispatch', 1483431284.3047, '[backend][/GulbergEmpire/backend/web/]', 'Unable to send log via yii\\debug\\LogTarget: PHP Notice ''yii\\base\\ErrorException'' with message ''unserialize(): Error at offset 0 of 16716 bytes'' \n\nin C:\\wamp\\www\\GulbergEmpire\\vendor\\yiisoft\\yii2-debug\\LogTarget.php:88\n\nStack trace:\n#0 C:\\wamp\\www\\GulbergEmpire\\vendor\\yiisoft\\yii2-debug\\LogTarget.php(63): yii\\debug\\LogTarget->updateIndexFile()\n#1 C:\\wamp\\www\\GulbergEmpire\\vendor\\yiisoft\\yii2-debug\\LogTarget.php(118): yii\\debug\\LogTarget->export()\n#2 C:\\wamp\\www\\GulbergEmpire\\vendor\\yiisoft\\yii2\\log\\Dispatcher.php(188): yii\\debug\\LogTarget->collect()\n#3 C:\\wamp\\www\\GulbergEmpire\\vendor\\yiisoft\\yii2\\log\\Logger.php(173): yii\\log\\Dispatcher->dispatch()\n#4 {main}'),
(386, 2, 'yii\\log\\Dispatcher::dispatch', 1483431828.2415, '[backend][/GulbergEmpire/backend/web/]', 'Unable to send log via yii\\debug\\LogTarget: PHP Notice ''yii\\base\\ErrorException'' with message ''unserialize(): Error at offset 0 of 16716 bytes'' \n\nin C:\\wamp\\www\\GulbergEmpire\\vendor\\yiisoft\\yii2-debug\\LogTarget.php:88\n\nStack trace:\n#0 C:\\wamp\\www\\GulbergEmpire\\vendor\\yiisoft\\yii2-debug\\LogTarget.php(63): yii\\debug\\LogTarget->updateIndexFile()\n#1 C:\\wamp\\www\\GulbergEmpire\\vendor\\yiisoft\\yii2-debug\\LogTarget.php(118): yii\\debug\\LogTarget->export()\n#2 C:\\wamp\\www\\GulbergEmpire\\vendor\\yiisoft\\yii2\\log\\Dispatcher.php(188): yii\\debug\\LogTarget->collect()\n#3 C:\\wamp\\www\\GulbergEmpire\\vendor\\yiisoft\\yii2\\log\\Logger.php(173): yii\\log\\Dispatcher->dispatch()\n#4 {main}'),
(387, 2, 'yii\\log\\Dispatcher::dispatch', 1483431843.0603, '[backend][/GulbergEmpire/backend/web/]', 'Unable to send log via yii\\debug\\LogTarget: PHP Notice ''yii\\base\\ErrorException'' with message ''unserialize(): Error at offset 0 of 16716 bytes'' \n\nin C:\\wamp\\www\\GulbergEmpire\\vendor\\yiisoft\\yii2-debug\\LogTarget.php:88\n\nStack trace:\n#0 C:\\wamp\\www\\GulbergEmpire\\vendor\\yiisoft\\yii2-debug\\LogTarget.php(63): yii\\debug\\LogTarget->updateIndexFile()\n#1 C:\\wamp\\www\\GulbergEmpire\\vendor\\yiisoft\\yii2-debug\\LogTarget.php(118): yii\\debug\\LogTarget->export()\n#2 C:\\wamp\\www\\GulbergEmpire\\vendor\\yiisoft\\yii2\\log\\Dispatcher.php(188): yii\\debug\\LogTarget->collect()\n#3 C:\\wamp\\www\\GulbergEmpire\\vendor\\yiisoft\\yii2\\log\\Logger.php(173): yii\\log\\Dispatcher->dispatch()\n#4 {main}'),
(388, 2, 'yii\\log\\Dispatcher::dispatch', 1483431854.4342, '[backend][/GulbergEmpire/backend/web/]', 'Unable to send log via yii\\debug\\LogTarget: PHP Notice ''yii\\base\\ErrorException'' with message ''unserialize(): Error at offset 0 of 16716 bytes'' \n\nin C:\\wamp\\www\\GulbergEmpire\\vendor\\yiisoft\\yii2-debug\\LogTarget.php:88\n\nStack trace:\n#0 C:\\wamp\\www\\GulbergEmpire\\vendor\\yiisoft\\yii2-debug\\LogTarget.php(63): yii\\debug\\LogTarget->updateIndexFile()\n#1 C:\\wamp\\www\\GulbergEmpire\\vendor\\yiisoft\\yii2-debug\\LogTarget.php(118): yii\\debug\\LogTarget->export()\n#2 C:\\wamp\\www\\GulbergEmpire\\vendor\\yiisoft\\yii2\\log\\Dispatcher.php(188): yii\\debug\\LogTarget->collect()\n#3 C:\\wamp\\www\\GulbergEmpire\\vendor\\yiisoft\\yii2\\log\\Logger.php(173): yii\\log\\Dispatcher->dispatch()\n#4 {main}'),
(389, 2, 'yii\\log\\Dispatcher::dispatch', 1483432080.3926, '[backend][/GulbergEmpire/backend/web/]', 'Unable to send log via yii\\debug\\LogTarget: PHP Notice ''yii\\base\\ErrorException'' with message ''unserialize(): Error at offset 0 of 16716 bytes'' \n\nin C:\\wamp\\www\\GulbergEmpire\\vendor\\yiisoft\\yii2-debug\\LogTarget.php:88\n\nStack trace:\n#0 C:\\wamp\\www\\GulbergEmpire\\vendor\\yiisoft\\yii2-debug\\LogTarget.php(63): yii\\debug\\LogTarget->updateIndexFile()\n#1 C:\\wamp\\www\\GulbergEmpire\\vendor\\yiisoft\\yii2-debug\\LogTarget.php(118): yii\\debug\\LogTarget->export()\n#2 C:\\wamp\\www\\GulbergEmpire\\vendor\\yiisoft\\yii2\\log\\Dispatcher.php(188): yii\\debug\\LogTarget->collect()\n#3 C:\\wamp\\www\\GulbergEmpire\\vendor\\yiisoft\\yii2\\log\\Logger.php(173): yii\\log\\Dispatcher->dispatch()\n#4 {main}'),
(390, 2, 'yii\\log\\Dispatcher::dispatch', 1483432099.4342, '[backend][/GulbergEmpire/backend/web/]', 'Unable to send log via yii\\debug\\LogTarget: PHP Notice ''yii\\base\\ErrorException'' with message ''unserialize(): Error at offset 0 of 16716 bytes'' \n\nin C:\\wamp\\www\\GulbergEmpire\\vendor\\yiisoft\\yii2-debug\\LogTarget.php:88\n\nStack trace:\n#0 C:\\wamp\\www\\GulbergEmpire\\vendor\\yiisoft\\yii2-debug\\LogTarget.php(63): yii\\debug\\LogTarget->updateIndexFile()\n#1 C:\\wamp\\www\\GulbergEmpire\\vendor\\yiisoft\\yii2-debug\\LogTarget.php(118): yii\\debug\\LogTarget->export()\n#2 C:\\wamp\\www\\GulbergEmpire\\vendor\\yiisoft\\yii2\\log\\Dispatcher.php(188): yii\\debug\\LogTarget->collect()\n#3 C:\\wamp\\www\\GulbergEmpire\\vendor\\yiisoft\\yii2\\log\\Logger.php(173): yii\\log\\Dispatcher->dispatch()\n#4 {main}'),
(391, 2, 'yii\\log\\Dispatcher::dispatch', 1483432110.0954, '[backend][/GulbergEmpire/backend/web/timeline-event/index]', 'Unable to send log via yii\\debug\\LogTarget: PHP Notice ''yii\\base\\ErrorException'' with message ''unserialize(): Error at offset 0 of 16716 bytes'' \n\nin C:\\wamp\\www\\GulbergEmpire\\vendor\\yiisoft\\yii2-debug\\LogTarget.php:88\n\nStack trace:\n#0 C:\\wamp\\www\\GulbergEmpire\\vendor\\yiisoft\\yii2-debug\\LogTarget.php(63): yii\\debug\\LogTarget->updateIndexFile()\n#1 C:\\wamp\\www\\GulbergEmpire\\vendor\\yiisoft\\yii2-debug\\LogTarget.php(118): yii\\debug\\LogTarget->export()\n#2 C:\\wamp\\www\\GulbergEmpire\\vendor\\yiisoft\\yii2\\log\\Dispatcher.php(188): yii\\debug\\LogTarget->collect()\n#3 C:\\wamp\\www\\GulbergEmpire\\vendor\\yiisoft\\yii2\\log\\Logger.php(173): yii\\log\\Dispatcher->dispatch()\n#4 {main}'),
(392, 1, 'yii\\db\\Exception', 1483432920.8475, '[backend][/GulbergEmpire/backend/web/timeline-event/index]', 'exception ''PDOException'' with message ''SQLSTATE[42S22]: Column not found: 1054 Champ ''date'' inconnu dans where clause'' in C:\\wamp\\www\\GulbergEmpire\\vendor\\yiisoft\\yii2\\db\\Command.php:900\nStack trace:\n#0 C:\\wamp\\www\\GulbergEmpire\\vendor\\yiisoft\\yii2\\db\\Command.php(900): PDOStatement->execute()\n#1 C:\\wamp\\www\\GulbergEmpire\\vendor\\yiisoft\\yii2\\db\\Command.php(388): yii\\db\\Command->queryInternal(''<span class="st...'', ''<span class="nu...'')\n#2 C:\\wamp\\www\\GulbergEmpire\\vendor\\yiisoft\\yii2\\db\\Query.php(396): yii\\db\\Command->queryScalar()\n#3 C:\\wamp\\www\\GulbergEmpire\\vendor\\yiisoft\\yii2\\db\\ActiveQuery.php(334): yii\\db\\Query->queryScalar(''<span class="st...'', ''<span class="ke...'')\n#4 C:\\wamp\\www\\GulbergEmpire\\vendor\\yiisoft\\yii2\\db\\Query.php(303): yii\\db\\ActiveQuery->queryScalar(''<span class="st...'', ''<span class="ke...'')\n#5 C:\\wamp\\www\\GulbergEmpire\\backend\\views\\layouts\\common.php(39): yii\\db\\Query->count()\n#6 C:\\wamp\\www\\GulbergEmpire\\vendor\\yiisoft\\yii2\\base\\View.php(326): require(''C:\\\\wamp\\\\www\\\\Gul...'')\n#7 C:\\wamp\\www\\GulbergEmpire\\vendor\\yiisoft\\yii2\\base\\View.php(248): yii\\base\\View->renderPhpFile(''<span class="st...'', ''[<span class="s...'')\n#8 C:\\wamp\\www\\GulbergEmpire\\vendor\\yiisoft\\yii2\\base\\Controller.php(393): yii\\base\\View->renderFile(''<span class="st...'', ''[<span class="s...'', Object(backend\\controllers\\TimelineEventController))\n#9 C:\\wamp\\www\\GulbergEmpire\\vendor\\yiisoft\\yii2\\base\\Controller.php(379): yii\\base\\Controller->renderContent(''<span class="st...'')\n#10 C:\\wamp\\www\\GulbergEmpire\\backend\\controllers\\TimelineEventController.php(37): yii\\base\\Controller->render(''<span class="st...'', ''[<span class="s...'')\n#11 [internal function]: backend\\controllers\\TimelineEventController->actionIndex()\n#12 C:\\wamp\\www\\GulbergEmpire\\vendor\\yiisoft\\yii2\\base\\InlineAction.php(55): call_user_func_array(''[<span class="t...'', ''[]'')\n#13 C:\\wamp\\www\\GulbergEmpire\\vendor\\yiisoft\\yii2\\base\\Controller.php(154): yii\\base\\InlineAction->runWithParams(''[]'')\n#14 C:\\wamp\\www\\GulbergEmpire\\vendor\\yiisoft\\yii2\\base\\Module.php(454): yii\\base\\Controller->runAction(''<span class="st...'', ''[]'')\n#15 C:\\wamp\\www\\GulbergEmpire\\vendor\\yiisoft\\yii2\\web\\Application.php(100): yii\\base\\Module->runAction(''<span class="st...'', ''[]'')\n#16 C:\\wamp\\www\\GulbergEmpire\\vendor\\yiisoft\\yii2\\base\\Application.php(375): yii\\web\\Application->handleRequest(Object(yii\\web\\Request))\n#17 C:\\wamp\\www\\GulbergEmpire\\backend\\web\\index.php(23): yii\\base\\Application->run()\n#18 {main}\n\nNext exception ''yii\\db\\Exception'' with message ''SQLSTATE[42S22]: Column not found: 1054 Champ ''date'' inconnu dans where clause\nThe SQL being executed was: SELECT COUNT(*) FROM `timeline_event` WHERE `date` >= 1483398000'' in C:\\wamp\\www\\GulbergEmpire\\vendor\\yiisoft\\yii2\\db\\Schema.php:631\nStack trace:\n#0 C:\\wamp\\www\\GulbergEmpire\\vendor\\yiisoft\\yii2\\db\\Command.php(915): yii\\db\\Schema->convertException(Object(PDOException), ''SELECT COUNT(*)...'')\n#1 C:\\wamp\\www\\GulbergEmpire\\vendor\\yiisoft\\yii2\\db\\Command.php(388): yii\\db\\Command->queryInternal(''<span class="st...'', ''<span class="nu...'')\n#2 C:\\wamp\\www\\GulbergEmpire\\vendor\\yiisoft\\yii2\\db\\Query.php(396): yii\\db\\Command->queryScalar()\n#3 C:\\wamp\\www\\GulbergEmpire\\vendor\\yiisoft\\yii2\\db\\ActiveQuery.php(334): yii\\db\\Query->queryScalar(''<span class="st...'', ''<span class="ke...'')\n#4 C:\\wamp\\www\\GulbergEmpire\\vendor\\yiisoft\\yii2\\db\\Query.php(303): yii\\db\\ActiveQuery->queryScalar(''<span class="st...'', ''<span class="ke...'')\n#5 C:\\wamp\\www\\GulbergEmpire\\backend\\views\\layouts\\common.php(39): yii\\db\\Query->count()\n#6 C:\\wamp\\www\\GulbergEmpire\\vendor\\yiisoft\\yii2\\base\\View.php(326): require(''C:\\\\wamp\\\\www\\\\Gul...'')\n#7 C:\\wamp\\www\\GulbergEmpire\\vendor\\yiisoft\\yii2\\base\\View.php(248): yii\\base\\View->renderPhpFile(''<span class="st...'', ''[<span class="s...'')\n#8 C:\\wamp\\www\\GulbergEmpire\\vendor\\yiisoft\\yii2\\base\\Controller.php(393): yii\\base\\View->renderFile(''<span class="st...'', ''[<span class="s...'', Object(backend\\controllers\\TimelineEventController))\n#9 C:\\wamp\\www\\GulbergEmpire\\vendor\\yiisoft\\yii2\\base\\Controller.php(379): yii\\base\\Controller->renderContent(''<span class="st...'')\n#10 C:\\wamp\\www\\GulbergEmpire\\backend\\controllers\\TimelineEventController.php(37): yii\\base\\Controller->render(''<span class="st...'', ''[<span class="s...'')\n#11 [internal function]: backend\\controllers\\TimelineEventController->actionIndex()\n#12 C:\\wamp\\www\\GulbergEmpire\\vendor\\yiisoft\\yii2\\base\\InlineAction.php(55): call_user_func_array(''[<span class="t...'', ''[]'')\n#13 C:\\wamp\\www\\GulbergEmpire\\vendor\\yiisoft\\yii2\\base\\Controller.php(154): yii\\base\\InlineAction->runWithParams(''[]'')\n#14 C:\\wamp\\www\\GulbergEmpire\\vendor\\yiisoft\\yii2\\base\\Module.php(454): yii\\base\\Controller->runAction(''<span class="st...'', ''[]'')\n#15 C:\\wamp\\www\\GulbergEmpire\\vendor\\yiisoft\\yii2\\web\\Application.php(100): yii\\base\\Module->runAction(''<span class="st...'', ''[]'')\n#16 C:\\wamp\\www\\GulbergEmpire\\vendor\\yiisoft\\yii2\\base\\Application.php(375): yii\\web\\Application->handleRequest(Object(yii\\web\\Request))\n#17 C:\\wamp\\www\\GulbergEmpire\\backend\\web\\index.php(23): yii\\base\\Application->run()\n#18 {main}\r\nAdditional Information:\r\nArray\n(\n    [0] => 42S22\n    [1] => 1054\n    [2] => Champ ''date'' inconnu dans where clause\n)\n'),
(393, 1, 'yii\\base\\ErrorException:1', 1483433709.2306, '[backend][/GulbergEmpire/backend/web/timeline-event/index]', 'exception ''yii\\base\\ErrorException'' with message ''Class ''common\\models\\DailySales'' not found'' in C:\\wamp\\www\\GulbergEmpire\\common\\models\\MemberPlots.php:140\nStack trace:\n#0 C:\\wamp\\www\\GulbergEmpire\\backend\\controllers\\TimelineEventController.php(29): backend\\models\\search\\TimelineEventSearch->search()\n#1 C:\\wamp\\www\\GulbergEmpire\\vendor\\yiisoft\\yii2\\base\\InlineAction.php(55): backend\\controllers\\TimelineEventController->actionIndex()\n#2 C:\\wamp\\www\\GulbergEmpire\\vendor\\yiisoft\\yii2\\base\\InlineAction.php(55): ::call_user_func_array:{C:\\wamp\\www\\GulbergEmpire\\vendor\\yiisoft\\yii2\\base\\InlineAction.php:55}()\n#3 C:\\wamp\\www\\GulbergEmpire\\vendor\\yiisoft\\yii2\\base\\Controller.php(154): yii\\base\\InlineAction->runWithParams()\n#4 C:\\wamp\\www\\GulbergEmpire\\vendor\\yiisoft\\yii2\\base\\Module.php(454): yii\\base\\Controller->runAction()\n#5 C:\\wamp\\www\\GulbergEmpire\\vendor\\yiisoft\\yii2\\web\\Application.php(100): yii\\base\\Module->runAction()\n#6 C:\\wamp\\www\\GulbergEmpire\\vendor\\yiisoft\\yii2\\base\\Application.php(375): yii\\web\\Application->handleRequest()\n#7 C:\\wamp\\www\\GulbergEmpire\\backend\\web\\index.php(23): yii\\base\\Application->run()\n#8 {main}'),
(394, 1, 'yii\\base\\ErrorException:2', 1483434333.6597, '[backend][/GulbergEmpire/backend/web/timeline-event/index]', 'exception ''yii\\base\\ErrorException'' with message ''Invalid argument supplied for foreach()'' in C:\\wamp\\www\\GulbergEmpire\\vendor\\yiisoft\\yii2\\db\\Command.php:327\nStack trace:\n#0 C:\\wamp\\www\\GulbergEmpire\\vendor\\yiisoft\\yii2\\db\\Query.php(128): yii\\db\\Connection->createCommand()\n#1 C:\\wamp\\www\\GulbergEmpire\\backend\\models\\search\\TimelineEventSearch.php(41): yii\\db\\Query->createCommand()\n#2 C:\\wamp\\www\\GulbergEmpire\\backend\\controllers\\TimelineEventController.php(29): backend\\models\\search\\TimelineEventSearch->search()\n#3 C:\\wamp\\www\\GulbergEmpire\\vendor\\yiisoft\\yii2\\base\\InlineAction.php(55): backend\\controllers\\TimelineEventController->actionIndex()\n#4 C:\\wamp\\www\\GulbergEmpire\\vendor\\yiisoft\\yii2\\base\\InlineAction.php(55): ::call_user_func_array:{C:\\wamp\\www\\GulbergEmpire\\vendor\\yiisoft\\yii2\\base\\InlineAction.php:55}()\n#5 C:\\wamp\\www\\GulbergEmpire\\vendor\\yiisoft\\yii2\\base\\Controller.php(154): yii\\base\\InlineAction->runWithParams()\n#6 C:\\wamp\\www\\GulbergEmpire\\vendor\\yiisoft\\yii2\\base\\Module.php(454): yii\\base\\Controller->runAction()\n#7 C:\\wamp\\www\\GulbergEmpire\\vendor\\yiisoft\\yii2\\web\\Application.php(100): yii\\base\\Module->runAction()\n#8 C:\\wamp\\www\\GulbergEmpire\\vendor\\yiisoft\\yii2\\base\\Application.php(375): yii\\web\\Application->handleRequest()\n#9 C:\\wamp\\www\\GulbergEmpire\\backend\\web\\index.php(23): yii\\base\\Application->run()\n#10 {main}'),
(395, 1, 'yii\\base\\ErrorException:4', 1483434355.3789, '[backend][/GulbergEmpire/backend/web/timeline-event/index]', 'exception ''yii\\base\\ErrorException'' with message ''syntax error, unexpected ''=>'' (T_DOUBLE_ARROW)'' in C:\\wamp\\www\\GulbergEmpire\\backend\\models\\search\\TimelineEventSearch.php:40\nStack trace:\n#0 C:\\wamp\\www\\GulbergEmpire\\vendor\\yiisoft\\yii2\\base\\InlineAction.php(28): ::spl_autoload_call()\n#1 C:\\wamp\\www\\GulbergEmpire\\vendor\\yiisoft\\yii2\\base\\InlineAction.php(55): backend\\controllers\\TimelineEventController->actionIndex()\n#2 C:\\wamp\\www\\GulbergEmpire\\vendor\\yiisoft\\yii2\\base\\InlineAction.php(55): ::call_user_func_array:{C:\\wamp\\www\\GulbergEmpire\\vendor\\yiisoft\\yii2\\base\\InlineAction.php:55}()\n#3 C:\\wamp\\www\\GulbergEmpire\\vendor\\yiisoft\\yii2\\base\\Controller.php(154): yii\\base\\InlineAction->runWithParams()\n#4 C:\\wamp\\www\\GulbergEmpire\\vendor\\yiisoft\\yii2\\base\\Module.php(454): yii\\base\\Controller->runAction()\n#5 C:\\wamp\\www\\GulbergEmpire\\vendor\\yiisoft\\yii2\\web\\Application.php(100): yii\\base\\Module->runAction()\n#6 C:\\wamp\\www\\GulbergEmpire\\vendor\\yiisoft\\yii2\\base\\Application.php(375): yii\\web\\Application->handleRequest()\n#7 C:\\wamp\\www\\GulbergEmpire\\backend\\web\\index.php(23): yii\\base\\Application->run()\n#8 {main}'),
(396, 1, 'yii\\base\\ErrorException:2', 1483434642.958, '[backend][/GulbergEmpire/backend/web/timeline-event/index]', 'exception ''yii\\base\\ErrorException'' with message ''date() expects at least 1 parameter, 0 given'' in C:\\wamp\\www\\GulbergEmpire\\backend\\models\\search\\TimelineEventSearch.php:42\nStack trace:\n#0 C:\\wamp\\www\\GulbergEmpire\\backend\\controllers\\TimelineEventController.php(29): backend\\models\\search\\TimelineEventSearch->search()\n#1 C:\\wamp\\www\\GulbergEmpire\\vendor\\yiisoft\\yii2\\base\\InlineAction.php(55): backend\\controllers\\TimelineEventController->actionIndex()\n#2 C:\\wamp\\www\\GulbergEmpire\\vendor\\yiisoft\\yii2\\base\\InlineAction.php(55): ::call_user_func_array:{C:\\wamp\\www\\GulbergEmpire\\vendor\\yiisoft\\yii2\\base\\InlineAction.php:55}()\n#3 C:\\wamp\\www\\GulbergEmpire\\vendor\\yiisoft\\yii2\\base\\Controller.php(154): yii\\base\\InlineAction->runWithParams()\n#4 C:\\wamp\\www\\GulbergEmpire\\vendor\\yiisoft\\yii2\\base\\Module.php(454): yii\\base\\Controller->runAction()\n#5 C:\\wamp\\www\\GulbergEmpire\\vendor\\yiisoft\\yii2\\web\\Application.php(100): yii\\base\\Module->runAction()\n#6 C:\\wamp\\www\\GulbergEmpire\\vendor\\yiisoft\\yii2\\base\\Application.php(375): yii\\web\\Application->handleRequest()\n#7 C:\\wamp\\www\\GulbergEmpire\\backend\\web\\index.php(23): yii\\base\\Application->run()\n#8 {main}'),
(397, 1, 'yii\\base\\ErrorException:2', 1483435400.1246, '[backend][/GulbergEmpire/backend/web/timeline-event/index]', 'exception ''yii\\base\\ErrorException'' with message ''Missing argument 1 for backend\\models\\search\\TimelineEventSearch::search(), called in C:\\wamp\\www\\GulbergEmpire\\backend\\controllers\\TimelineEventController.php on line 30 and defined'' in C:\\wamp\\www\\GulbergEmpire\\backend\\models\\search\\TimelineEventSearch.php:39\nStack trace:\n#0 C:\\wamp\\www\\GulbergEmpire\\vendor\\yiisoft\\yii2\\base\\InlineAction.php(55): backend\\controllers\\TimelineEventController->actionIndex()\n#1 C:\\wamp\\www\\GulbergEmpire\\vendor\\yiisoft\\yii2\\base\\InlineAction.php(55): ::call_user_func_array:{C:\\wamp\\www\\GulbergEmpire\\vendor\\yiisoft\\yii2\\base\\InlineAction.php:55}()\n#2 C:\\wamp\\www\\GulbergEmpire\\vendor\\yiisoft\\yii2\\base\\Controller.php(154): yii\\base\\InlineAction->runWithParams()\n#3 C:\\wamp\\www\\GulbergEmpire\\vendor\\yiisoft\\yii2\\base\\Module.php(454): yii\\base\\Controller->runAction()\n#4 C:\\wamp\\www\\GulbergEmpire\\vendor\\yiisoft\\yii2\\web\\Application.php(100): yii\\base\\Module->runAction()\n#5 C:\\wamp\\www\\GulbergEmpire\\vendor\\yiisoft\\yii2\\base\\Application.php(375): yii\\web\\Application->handleRequest()\n#6 C:\\wamp\\www\\GulbergEmpire\\backend\\web\\index.php(23): yii\\base\\Application->run()\n#7 {main}'),
(398, 1, 'yii\\base\\ErrorException:2', 1483435418.8958, '[backend][/GulbergEmpire/backend/web/timeline-event/index]', 'exception ''yii\\base\\ErrorException'' with message ''Missing argument 1 for backend\\models\\search\\TimelineEventSearch::search(), called in C:\\wamp\\www\\GulbergEmpire\\backend\\controllers\\TimelineEventController.php on line 30 and defined'' in C:\\wamp\\www\\GulbergEmpire\\backend\\models\\search\\TimelineEventSearch.php:39\nStack trace:\n#0 C:\\wamp\\www\\GulbergEmpire\\vendor\\yiisoft\\yii2\\base\\InlineAction.php(55): backend\\controllers\\TimelineEventController->actionIndex()\n#1 C:\\wamp\\www\\GulbergEmpire\\vendor\\yiisoft\\yii2\\base\\InlineAction.php(55): ::call_user_func_array:{C:\\wamp\\www\\GulbergEmpire\\vendor\\yiisoft\\yii2\\base\\InlineAction.php:55}()\n#2 C:\\wamp\\www\\GulbergEmpire\\vendor\\yiisoft\\yii2\\base\\Controller.php(154): yii\\base\\InlineAction->runWithParams()\n#3 C:\\wamp\\www\\GulbergEmpire\\vendor\\yiisoft\\yii2\\base\\Module.php(454): yii\\base\\Controller->runAction()\n#4 C:\\wamp\\www\\GulbergEmpire\\vendor\\yiisoft\\yii2\\web\\Application.php(100): yii\\base\\Module->runAction()\n#5 C:\\wamp\\www\\GulbergEmpire\\vendor\\yiisoft\\yii2\\base\\Application.php(375): yii\\web\\Application->handleRequest()\n#6 C:\\wamp\\www\\GulbergEmpire\\backend\\web\\index.php(23): yii\\base\\Application->run()\n#7 {main}'),
(399, 1, 'yii\\base\\UnknownMethodException', 1483437493.9599, '[backend][/GulbergEmpire/backend/web/timeline-event/index]', 'exception ''yii\\base\\UnknownMethodException'' with message ''Calling unknown method: common\\models\\MemberPlots::getdailysales()'' in C:\\wamp\\www\\GulbergEmpire\\vendor\\yiisoft\\yii2\\base\\Component.php:285\nStack trace:\n#0 C:\\wamp\\www\\GulbergEmpire\\backend\\controllers\\TimelineEventController.php(30): yii\\base\\Component->__call(''getdailysales'', Array)\n#1 C:\\wamp\\www\\GulbergEmpire\\backend\\controllers\\TimelineEventController.php(30): common\\models\\MemberPlots->getdailysales()\n#2 [internal function]: backend\\controllers\\TimelineEventController->actionIndex()\n#3 C:\\wamp\\www\\GulbergEmpire\\vendor\\yiisoft\\yii2\\base\\InlineAction.php(55): call_user_func_array(Array, Array)\n#4 C:\\wamp\\www\\GulbergEmpire\\vendor\\yiisoft\\yii2\\base\\Controller.php(154): yii\\base\\InlineAction->runWithParams(Array)\n#5 C:\\wamp\\www\\GulbergEmpire\\vendor\\yiisoft\\yii2\\base\\Module.php(454): yii\\base\\Controller->runAction(''index'', Array)\n#6 C:\\wamp\\www\\GulbergEmpire\\vendor\\yiisoft\\yii2\\web\\Application.php(100): yii\\base\\Module->runAction(''timeline-event/...'', Array)\n#7 C:\\wamp\\www\\GulbergEmpire\\vendor\\yiisoft\\yii2\\base\\Application.php(375): yii\\web\\Application->handleRequest(Object(yii\\web\\Request))\n#8 C:\\wamp\\www\\GulbergEmpire\\backend\\web\\index.php(23): yii\\base\\Application->run()\n#9 {main}'),
(400, 1, 'yii\\base\\ErrorException:8', 1483437572.6508, '[backend][/GulbergEmpire/backend/web/timeline-event/index]', 'exception ''yii\\base\\ErrorException'' with message ''Undefined variable: params'' in C:\\wamp\\www\\GulbergEmpire\\common\\models\\MemberPlotsSearch.php:107\nStack trace:\n#0 C:\\wamp\\www\\GulbergEmpire\\vendor\\yiisoft\\yii2\\base\\InlineAction.php(55): backend\\controllers\\TimelineEventController->actionIndex()\n#1 C:\\wamp\\www\\GulbergEmpire\\vendor\\yiisoft\\yii2\\base\\InlineAction.php(55): ::call_user_func_array:{C:\\wamp\\www\\GulbergEmpire\\vendor\\yiisoft\\yii2\\base\\InlineAction.php:55}()\n#2 C:\\wamp\\www\\GulbergEmpire\\vendor\\yiisoft\\yii2\\base\\Controller.php(154): yii\\base\\InlineAction->runWithParams()\n#3 C:\\wamp\\www\\GulbergEmpire\\vendor\\yiisoft\\yii2\\base\\Module.php(454): yii\\base\\Controller->runAction()\n#4 C:\\wamp\\www\\GulbergEmpire\\vendor\\yiisoft\\yii2\\web\\Application.php(100): yii\\base\\Module->runAction()\n#5 C:\\wamp\\www\\GulbergEmpire\\vendor\\yiisoft\\yii2\\base\\Application.php(375): yii\\web\\Application->handleRequest()\n#6 C:\\wamp\\www\\GulbergEmpire\\backend\\web\\index.php(23): yii\\base\\Application->run()\n#7 {main}'),
(401, 1, 'yii\\base\\ErrorException:8', 1483441530.2841, '[backend][/GulbergEmpire/backend/web/timeline-event/index]', 'exception ''yii\\base\\ErrorException'' with message ''Array to string conversion'' in C:\\wamp\\www\\GulbergEmpire\\backend\\views\\timeline-event\\index.php:32\nStack trace:\n#0 C:\\wamp\\www\\GulbergEmpire\\vendor\\yiisoft\\yii2\\base\\View.php(248): yii\\base\\View->renderPhpFile()\n#1 C:\\wamp\\www\\GulbergEmpire\\vendor\\yiisoft\\yii2\\base\\View.php(150): yii\\base\\View->renderFile()\n#2 C:\\wamp\\www\\GulbergEmpire\\vendor\\yiisoft\\yii2\\base\\Controller.php(378): yii\\base\\View->render()\n#3 C:\\wamp\\www\\GulbergEmpire\\backend\\controllers\\TimelineEventController.php(39): yii\\base\\Controller->render()\n#4 C:\\wamp\\www\\GulbergEmpire\\vendor\\yiisoft\\yii2\\base\\InlineAction.php(55): backend\\controllers\\TimelineEventController->actionIndex()\n#5 C:\\wamp\\www\\GulbergEmpire\\vendor\\yiisoft\\yii2\\base\\InlineAction.php(55): ::call_user_func_array:{C:\\wamp\\www\\GulbergEmpire\\vendor\\yiisoft\\yii2\\base\\InlineAction.php:55}()\n#6 C:\\wamp\\www\\GulbergEmpire\\vendor\\yiisoft\\yii2\\base\\Controller.php(154): yii\\base\\InlineAction->runWithParams()\n#7 C:\\wamp\\www\\GulbergEmpire\\vendor\\yiisoft\\yii2\\base\\Module.php(454): yii\\base\\Controller->runAction()\n#8 C:\\wamp\\www\\GulbergEmpire\\vendor\\yiisoft\\yii2\\web\\Application.php(100): yii\\base\\Module->runAction()\n#9 C:\\wamp\\www\\GulbergEmpire\\vendor\\yiisoft\\yii2\\base\\Application.php(375): yii\\web\\Application->handleRequest()\n#10 C:\\wamp\\www\\GulbergEmpire\\backend\\web\\index.php(23): yii\\base\\Application->run()\n#11 {main}'),
(402, 1, 'yii\\base\\ErrorException:8', 1483441827.4951, '[backend][/GulbergEmpire/backend/web/timeline-event/index]', 'exception ''yii\\base\\ErrorException'' with message ''Array to string conversion'' in C:\\wamp\\www\\GulbergEmpire\\backend\\views\\timeline-event\\index.php:37\nStack trace:\n#0 C:\\wamp\\www\\GulbergEmpire\\vendor\\yiisoft\\yii2\\base\\View.php(248): yii\\base\\View->renderPhpFile()\n#1 C:\\wamp\\www\\GulbergEmpire\\vendor\\yiisoft\\yii2\\base\\View.php(150): yii\\base\\View->renderFile()\n#2 C:\\wamp\\www\\GulbergEmpire\\vendor\\yiisoft\\yii2\\base\\Controller.php(378): yii\\base\\View->render()\n#3 C:\\wamp\\www\\GulbergEmpire\\backend\\controllers\\TimelineEventController.php(39): yii\\base\\Controller->render()\n#4 C:\\wamp\\www\\GulbergEmpire\\vendor\\yiisoft\\yii2\\base\\InlineAction.php(55): backend\\controllers\\TimelineEventController->actionIndex()\n#5 C:\\wamp\\www\\GulbergEmpire\\vendor\\yiisoft\\yii2\\base\\InlineAction.php(55): ::call_user_func_array:{C:\\wamp\\www\\GulbergEmpire\\vendor\\yiisoft\\yii2\\base\\InlineAction.php:55}()\n#6 C:\\wamp\\www\\GulbergEmpire\\vendor\\yiisoft\\yii2\\base\\Controller.php(154): yii\\base\\InlineAction->runWithParams()\n#7 C:\\wamp\\www\\GulbergEmpire\\vendor\\yiisoft\\yii2\\base\\Module.php(454): yii\\base\\Controller->runAction()\n#8 C:\\wamp\\www\\GulbergEmpire\\vendor\\yiisoft\\yii2\\web\\Application.php(100): yii\\base\\Module->runAction()\n#9 C:\\wamp\\www\\GulbergEmpire\\vendor\\yiisoft\\yii2\\base\\Application.php(375): yii\\web\\Application->handleRequest()\n#10 C:\\wamp\\www\\GulbergEmpire\\backend\\web\\index.php(23): yii\\base\\Application->run()\n#11 {main}'),
(403, 1, 'yii\\base\\UnknownMethodException', 1483601420.5661, '[backend][/GulbergEmpire/backend/web/member-plot-ledger/view?id=1]', 'exception ''yii\\base\\UnknownMethodException'' with message ''Calling unknown method: common\\models\\MemberPlotLedger::prepare()'' in C:\\wamp\\www\\GulbergEmpire\\vendor\\yiisoft\\yii2\\base\\Component.php:285\nStack trace:\n#0 C:\\wamp\\www\\GulbergEmpire\\common\\models\\MemberPlotLedger.php(101): yii\\base\\Component->__call(''prepare'', Array)\n#1 C:\\wamp\\www\\GulbergEmpire\\common\\models\\MemberPlotLedger.php(101): common\\models\\MemberPlotLedger->prepare(Object(yii\\db\\mysql\\QueryBuilder))\n#2 C:\\wamp\\www\\GulbergEmpire\\backend\\views\\member-plot-ledger\\view.php(55): common\\models\\MemberPlotLedger->paymentTotal()\n#3 C:\\wamp\\www\\GulbergEmpire\\vendor\\yiisoft\\yii2\\base\\View.php(326): require(''C:\\\\wamp\\\\www\\\\Gul...'')\n#4 C:\\wamp\\www\\GulbergEmpire\\vendor\\yiisoft\\yii2\\base\\View.php(248): yii\\base\\View->renderPhpFile(''C:\\\\wamp\\\\www\\\\Gul...'', Array)\n#5 C:\\wamp\\www\\GulbergEmpire\\vendor\\yiisoft\\yii2\\base\\View.php(150): yii\\base\\View->renderFile(''C:\\\\wamp\\\\www\\\\Gul...'', Array, Object(backend\\controllers\\MemberPlotLedgerController))\n#6 C:\\wamp\\www\\GulbergEmpire\\vendor\\yiisoft\\yii2\\base\\Controller.php(378): yii\\base\\View->render(''view'', Array, Object(backend\\controllers\\MemberPlotLedgerController))\n#7 C:\\wamp\\www\\GulbergEmpire\\backend\\controllers\\MemberPlotLedgerController.php(55): yii\\base\\Controller->render(''view'', Array)\n#8 [internal function]: backend\\controllers\\MemberPlotLedgerController->actionView(''1'')\n#9 C:\\wamp\\www\\GulbergEmpire\\vendor\\yiisoft\\yii2\\base\\InlineAction.php(55): call_user_func_array(Array, Array)\n#10 C:\\wamp\\www\\GulbergEmpire\\vendor\\yiisoft\\yii2\\base\\Controller.php(154): yii\\base\\InlineAction->runWithParams(Array)\n#11 C:\\wamp\\www\\GulbergEmpire\\vendor\\yiisoft\\yii2\\base\\Module.php(454): yii\\base\\Controller->runAction(''view'', Array)\n#12 C:\\wamp\\www\\GulbergEmpire\\vendor\\yiisoft\\yii2\\web\\Application.php(100): yii\\base\\Module->runAction(''member-plot-led...'', Array)\n#13 C:\\wamp\\www\\GulbergEmpire\\vendor\\yiisoft\\yii2\\base\\Application.php(375): yii\\web\\Application->handleRequest(Object(yii\\web\\Request))\n#14 C:\\wamp\\www\\GulbergEmpire\\backend\\web\\index.php(23): yii\\base\\Application->run()\n#15 {main}'),
(404, 1, 'yii\\base\\InvalidParamException', 1483605829.8792, '[backend][/GulbergEmpire/backend/web/member-plot-ledger/view?id=7]', 'exception ''yii\\base\\InvalidParamException'' with message ''Operator ''MEMBER_ID'' requires two operands.'' in C:\\wamp\\www\\GulbergEmpire\\vendor\\yiisoft\\yii2\\db\\QueryBuilder.php:1388\nStack trace:\n#0 C:\\wamp\\www\\GulbergEmpire\\vendor\\yiisoft\\yii2\\db\\QueryBuilder.php(1015): yii\\db\\QueryBuilder->buildSimpleCondition(''MEMBER_ID'', Array, ''<span class="st...'')\n#1 C:\\wamp\\www\\GulbergEmpire\\vendor\\yiisoft\\yii2\\db\\QueryBuilder.php(819): yii\\db\\QueryBuilder->buildCondition(Array, ''<span class="st...'')\n#2 C:\\wamp\\www\\GulbergEmpire\\vendor\\yiisoft\\yii2\\db\\QueryBuilder.php(98): yii\\db\\QueryBuilder->buildWhere(Array, ''<span class="st...'')\n#3 C:\\wamp\\www\\GulbergEmpire\\vendor\\yiisoft\\yii2\\db\\Query.php(126): yii\\db\\QueryBuilder->build(Object(yii\\db\\Query))\n#4 C:\\wamp\\www\\GulbergEmpire\\common\\models\\MemberPlotLedger.php(102): yii\\db\\Query->createCommand()\n#5 C:\\wamp\\www\\GulbergEmpire\\backend\\views\\member-plot-ledger\\view.php(55): common\\models\\MemberPlotLedger->paymentTotal()\n#6 C:\\wamp\\www\\GulbergEmpire\\vendor\\yiisoft\\yii2\\base\\View.php(326): require(''C:\\\\wamp\\\\www\\\\Gul...'')\n#7 C:\\wamp\\www\\GulbergEmpire\\vendor\\yiisoft\\yii2\\base\\View.php(248): yii\\base\\View->renderPhpFile(''C:\\\\wamp\\\\www\\\\Gul...'', Array)\n#8 C:\\wamp\\www\\GulbergEmpire\\vendor\\yiisoft\\yii2\\base\\View.php(150): yii\\base\\View->renderFile(''C:\\\\wamp\\\\www\\\\Gul...'', Array, Object(backend\\controllers\\MemberPlotLedgerController))\n#9 C:\\wamp\\www\\GulbergEmpire\\vendor\\yiisoft\\yii2\\base\\Controller.php(378): yii\\base\\View->render(''view'', Array, Object(backend\\controllers\\MemberPlotLedgerController))\n#10 C:\\wamp\\www\\GulbergEmpire\\backend\\controllers\\MemberPlotLedgerController.php(55): yii\\base\\Controller->render(''view'', Array)\n#11 [internal function]: backend\\controllers\\MemberPlotLedgerController->actionView(''7'')\n#12 C:\\wamp\\www\\GulbergEmpire\\vendor\\yiisoft\\yii2\\base\\InlineAction.php(55): call_user_func_array(Array, Array)\n#13 C:\\wamp\\www\\GulbergEmpire\\vendor\\yiisoft\\yii2\\base\\Controller.php(154): yii\\base\\InlineAction->runWithParams(Array)\n#14 C:\\wamp\\www\\GulbergEmpire\\vendor\\yiisoft\\yii2\\base\\Module.php(454): yii\\base\\Controller->runAction(''view'', Array)\n#15 C:\\wamp\\www\\GulbergEmpire\\vendor\\yiisoft\\yii2\\web\\Application.php(100): yii\\base\\Module->runAction(''member-plot-led...'', Array)\n#16 C:\\wamp\\www\\GulbergEmpire\\vendor\\yiisoft\\yii2\\base\\Application.php(375): yii\\web\\Application->handleRequest(Object(yii\\web\\Request))\n#17 C:\\wamp\\www\\GulbergEmpire\\backend\\web\\index.php(23): yii\\base\\Application->run()\n#18 {main}'),
(405, 1, 'yii\\base\\InvalidParamException', 1483685689.3847, '[backend][/GulbergEmpire/backend/web/gii/crud]', 'exception ''yii\\base\\InvalidParamException'' with message ''Invalid path alias: @backend\\views\\Units'' in C:\\wamp\\www\\GulbergEmpire\\vendor\\yiisoft\\yii2\\BaseYii.php:152\nStack trace:\n#0 C:\\wamp\\www\\GulbergEmpire\\vendor\\yiisoft\\yii2-gii\\generators\\crud\\Generator.php(208): yii\\BaseYii::getAlias(''@backend\\\\views\\\\...'')\n#1 C:\\wamp\\www\\GulbergEmpire\\vendor\\yiisoft\\yii2-gii\\generators\\crud\\Generator.php(175): yii\\gii\\generators\\crud\\Generator->getViewPath()\n#2 C:\\wamp\\www\\GulbergEmpire\\vendor\\yiisoft\\yii2-gii\\controllers\\DefaultController.php(50): yii\\gii\\generators\\crud\\Generator->generate()\n#3 [internal function]: yii\\gii\\controllers\\DefaultController->actionView(''crud'')\n#4 C:\\wamp\\www\\GulbergEmpire\\vendor\\yiisoft\\yii2\\base\\InlineAction.php(55): call_user_func_array(Array, Array)\n#5 C:\\wamp\\www\\GulbergEmpire\\vendor\\yiisoft\\yii2\\base\\Controller.php(154): yii\\base\\InlineAction->runWithParams(Array)\n#6 C:\\wamp\\www\\GulbergEmpire\\vendor\\yiisoft\\yii2\\base\\Module.php(454): yii\\base\\Controller->runAction(''view'', Array)\n#7 C:\\wamp\\www\\GulbergEmpire\\vendor\\yiisoft\\yii2\\web\\Application.php(100): yii\\base\\Module->runAction(''gii/default/vie...'', Array)\n#8 C:\\wamp\\www\\GulbergEmpire\\vendor\\yiisoft\\yii2\\base\\Application.php(375): yii\\web\\Application->handleRequest(Object(yii\\web\\Request))\n#9 C:\\wamp\\www\\GulbergEmpire\\backend\\web\\index.php(23): yii\\base\\Application->run()\n#10 {main}'),
(406, 1, 'yii\\base\\ViewNotFoundException', 1483685843.9023, '[backend][/GulbergEmpire/backend/web/units]', 'exception ''yii\\base\\ViewNotFoundException'' with message ''The view file does not exist: C:\\wamp\\www\\GulbergEmpire\\backend\\views\\units\\index.php'' in C:\\wamp\\www\\GulbergEmpire\\vendor\\yiisoft\\yii2\\base\\View.php:227\nStack trace:\n#0 C:\\wamp\\www\\GulbergEmpire\\vendor\\yiisoft\\yii2\\base\\View.php(150): yii\\base\\View->renderFile(''C:\\\\wamp\\\\www\\\\Gul...'', Array, Object(backend\\controllers\\UnitsController))\n#1 C:\\wamp\\www\\GulbergEmpire\\vendor\\yiisoft\\yii2\\base\\Controller.php(378): yii\\base\\View->render(''index'', Array, Object(backend\\controllers\\UnitsController))\n#2 C:\\wamp\\www\\GulbergEmpire\\backend\\controllers\\UnitsController.php(41): yii\\base\\Controller->render(''index'', Array)\n#3 [internal function]: backend\\controllers\\UnitsController->actionIndex()\n#4 C:\\wamp\\www\\GulbergEmpire\\vendor\\yiisoft\\yii2\\base\\InlineAction.php(55): call_user_func_array(Array, Array)\n#5 C:\\wamp\\www\\GulbergEmpire\\vendor\\yiisoft\\yii2\\base\\Controller.php(154): yii\\base\\InlineAction->runWithParams(Array)\n#6 C:\\wamp\\www\\GulbergEmpire\\vendor\\yiisoft\\yii2\\base\\Module.php(454): yii\\base\\Controller->runAction('''', Array)\n#7 C:\\wamp\\www\\GulbergEmpire\\vendor\\yiisoft\\yii2\\web\\Application.php(100): yii\\base\\Module->runAction(''units'', Array)\n#8 C:\\wamp\\www\\GulbergEmpire\\vendor\\yiisoft\\yii2\\base\\Application.php(375): yii\\web\\Application->handleRequest(Object(yii\\web\\Request))\n#9 C:\\wamp\\www\\GulbergEmpire\\backend\\web\\index.php(23): yii\\base\\Application->run()\n#10 {main}'),
(407, 1, 'yii\\base\\UnknownPropertyException', 1483687201.0088, '[backend][/GulbergEmpire/backend/web/member-plots/create]', 'exception ''yii\\base\\UnknownPropertyException'' with message ''Getting unknown property: common\\models\\MemberPlots::unit_type'' in C:\\wamp\\www\\GulbergEmpire\\vendor\\yiisoft\\yii2\\base\\Component.php:143\nStack trace:\n#0 C:\\wamp\\www\\GulbergEmpire\\vendor\\yiisoft\\yii2\\db\\BaseActiveRecord.php(286): yii\\base\\Component->__get(''unit_type'')\n#1 C:\\wamp\\www\\GulbergEmpire\\vendor\\yiisoft\\yii2\\helpers\\BaseHtml.php(2044): yii\\db\\BaseActiveRecord->__get(''unit_type'')\n#2 C:\\wamp\\www\\GulbergEmpire\\vendor\\kartik-v\\yii2-krajee-base\\InputWidget.php(191): yii\\helpers\\BaseHtml::getAttributeValue(Object(common\\models\\MemberPlots), ''unit_type'')\n#3 C:\\wamp\\www\\GulbergEmpire\\vendor\\kartik-v\\yii2-krajee-base\\InputWidget.php(172): kartik\\base\\InputWidget->initInputWidget()\n#4 C:\\wamp\\www\\GulbergEmpire\\vendor\\yiisoft\\yii2\\base\\Object.php(107): kartik\\base\\InputWidget->init()\n#5 [internal function]: yii\\base\\Object->__construct(Array)\n#6 C:\\wamp\\www\\GulbergEmpire\\vendor\\yiisoft\\yii2\\di\\Container.php(379): ReflectionClass->newInstanceArgs(Array)\n#7 C:\\wamp\\www\\GulbergEmpire\\vendor\\yiisoft\\yii2\\di\\Container.php(154): yii\\di\\Container->build(''kartik\\\\select2\\\\...'', Array, Array)\n#8 C:\\wamp\\www\\GulbergEmpire\\vendor\\yiisoft\\yii2\\BaseYii.php(344): yii\\di\\Container->get(''kartik\\\\select2\\\\...'', Array, Array)\n#9 C:\\wamp\\www\\GulbergEmpire\\vendor\\yiisoft\\yii2\\base\\Widget.php(101): yii\\BaseYii::createObject(Array)\n#10 C:\\wamp\\www\\GulbergEmpire\\backend\\views\\member-plots\\_form.php(72): yii\\base\\Widget::widget(Array)\n#11 C:\\wamp\\www\\GulbergEmpire\\vendor\\yiisoft\\yii2\\base\\View.php(326): require(''C:\\\\wamp\\\\www\\\\Gul...'')\n#12 C:\\wamp\\www\\GulbergEmpire\\vendor\\yiisoft\\yii2\\base\\View.php(248): yii\\base\\View->renderPhpFile(''C:\\\\wamp\\\\www\\\\Gul...'', Array)\n#13 C:\\wamp\\www\\GulbergEmpire\\vendor\\yiisoft\\yii2\\base\\View.php(150): yii\\base\\View->renderFile(''C:\\\\wamp\\\\www\\\\Gul...'', Array, NULL)\n#14 C:\\wamp\\www\\GulbergEmpire\\backend\\views\\member-plots\\create.php(19): yii\\base\\View->render(''_form'', Array)\n#15 C:\\wamp\\www\\GulbergEmpire\\vendor\\yiisoft\\yii2\\base\\View.php(326): require(''C:\\\\wamp\\\\www\\\\Gul...'')\n#16 C:\\wamp\\www\\GulbergEmpire\\vendor\\yiisoft\\yii2\\base\\View.php(248): yii\\base\\View->renderPhpFile(''C:\\\\wamp\\\\www\\\\Gul...'', Array)\n#17 C:\\wamp\\www\\GulbergEmpire\\vendor\\yiisoft\\yii2\\base\\View.php(150): yii\\base\\View->renderFile(''C:\\\\wamp\\\\www\\\\Gul...'', Array, Object(backend\\controllers\\MemberPlotsController))\n#18 C:\\wamp\\www\\GulbergEmpire\\vendor\\yiisoft\\yii2\\base\\Controller.php(378): yii\\base\\View->render(''create'', Array, Object(backend\\controllers\\MemberPlotsController))\n#19 C:\\wamp\\www\\GulbergEmpire\\backend\\controllers\\MemberPlotsController.php(130): yii\\base\\Controller->render(''create'', Array)\n#20 [internal function]: backend\\controllers\\MemberPlotsController->actionCreate()\n#21 C:\\wamp\\www\\GulbergEmpire\\vendor\\yiisoft\\yii2\\base\\InlineAction.php(55): call_user_func_array(Array, Array)\n#22 C:\\wamp\\www\\GulbergEmpire\\vendor\\yiisoft\\yii2\\base\\Controller.php(154): yii\\base\\InlineAction->runWithParams(Array)\n#23 C:\\wamp\\www\\GulbergEmpire\\vendor\\yiisoft\\yii2\\base\\Module.php(454): yii\\base\\Controller->runAction(''create'', Array)\n#24 C:\\wamp\\www\\GulbergEmpire\\vendor\\yiisoft\\yii2\\web\\Application.php(100): yii\\base\\Module->runAction(''member-plots/cr...'', Array)\n#25 C:\\wamp\\www\\GulbergEmpire\\vendor\\yiisoft\\yii2\\base\\Application.php(375): yii\\web\\Application->handleRequest(Object(yii\\web\\Request))\n#26 C:\\wamp\\www\\GulbergEmpire\\backend\\web\\index.php(23): yii\\base\\Application->run()\n#27 {main}');
INSERT INTO `system_log` (`id`, `level`, `category`, `log_time`, `prefix`, `message`) VALUES
(408, 1, 'yii\\base\\UnknownPropertyException', 1483687269.5615, '[backend][/GulbergEmpire/backend/web/member-plots/create]', 'exception ''yii\\base\\UnknownPropertyException'' with message ''Getting unknown property: common\\models\\MemberPlots::unit_type'' in C:\\wamp\\www\\GulbergEmpire\\vendor\\yiisoft\\yii2\\base\\Component.php:143\nStack trace:\n#0 C:\\wamp\\www\\GulbergEmpire\\vendor\\yiisoft\\yii2\\db\\BaseActiveRecord.php(286): yii\\base\\Component->__get(''unit_type'')\n#1 C:\\wamp\\www\\GulbergEmpire\\vendor\\yiisoft\\yii2\\helpers\\BaseHtml.php(2044): yii\\db\\BaseActiveRecord->__get(''unit_type'')\n#2 C:\\wamp\\www\\GulbergEmpire\\vendor\\kartik-v\\yii2-krajee-base\\InputWidget.php(191): yii\\helpers\\BaseHtml::getAttributeValue(Object(common\\models\\MemberPlots), ''unit_type'')\n#3 C:\\wamp\\www\\GulbergEmpire\\vendor\\kartik-v\\yii2-krajee-base\\InputWidget.php(172): kartik\\base\\InputWidget->initInputWidget()\n#4 C:\\wamp\\www\\GulbergEmpire\\vendor\\yiisoft\\yii2\\base\\Object.php(107): kartik\\base\\InputWidget->init()\n#5 [internal function]: yii\\base\\Object->__construct(Array)\n#6 C:\\wamp\\www\\GulbergEmpire\\vendor\\yiisoft\\yii2\\di\\Container.php(379): ReflectionClass->newInstanceArgs(Array)\n#7 C:\\wamp\\www\\GulbergEmpire\\vendor\\yiisoft\\yii2\\di\\Container.php(154): yii\\di\\Container->build(''kartik\\\\select2\\\\...'', Array, Array)\n#8 C:\\wamp\\www\\GulbergEmpire\\vendor\\yiisoft\\yii2\\BaseYii.php(344): yii\\di\\Container->get(''kartik\\\\select2\\\\...'', Array, Array)\n#9 C:\\wamp\\www\\GulbergEmpire\\vendor\\yiisoft\\yii2\\base\\Widget.php(101): yii\\BaseYii::createObject(Array)\n#10 C:\\wamp\\www\\GulbergEmpire\\backend\\views\\member-plots\\_form.php(72): yii\\base\\Widget::widget(Array)\n#11 C:\\wamp\\www\\GulbergEmpire\\vendor\\yiisoft\\yii2\\base\\View.php(326): require(''C:\\\\wamp\\\\www\\\\Gul...'')\n#12 C:\\wamp\\www\\GulbergEmpire\\vendor\\yiisoft\\yii2\\base\\View.php(248): yii\\base\\View->renderPhpFile(''C:\\\\wamp\\\\www\\\\Gul...'', Array)\n#13 C:\\wamp\\www\\GulbergEmpire\\vendor\\yiisoft\\yii2\\base\\View.php(150): yii\\base\\View->renderFile(''C:\\\\wamp\\\\www\\\\Gul...'', Array, NULL)\n#14 C:\\wamp\\www\\GulbergEmpire\\backend\\views\\member-plots\\create.php(19): yii\\base\\View->render(''_form'', Array)\n#15 C:\\wamp\\www\\GulbergEmpire\\vendor\\yiisoft\\yii2\\base\\View.php(326): require(''C:\\\\wamp\\\\www\\\\Gul...'')\n#16 C:\\wamp\\www\\GulbergEmpire\\vendor\\yiisoft\\yii2\\base\\View.php(248): yii\\base\\View->renderPhpFile(''C:\\\\wamp\\\\www\\\\Gul...'', Array)\n#17 C:\\wamp\\www\\GulbergEmpire\\vendor\\yiisoft\\yii2\\base\\View.php(150): yii\\base\\View->renderFile(''C:\\\\wamp\\\\www\\\\Gul...'', Array, Object(backend\\controllers\\MemberPlotsController))\n#18 C:\\wamp\\www\\GulbergEmpire\\vendor\\yiisoft\\yii2\\base\\Controller.php(378): yii\\base\\View->render(''create'', Array, Object(backend\\controllers\\MemberPlotsController))\n#19 C:\\wamp\\www\\GulbergEmpire\\backend\\controllers\\MemberPlotsController.php(130): yii\\base\\Controller->render(''create'', Array)\n#20 [internal function]: backend\\controllers\\MemberPlotsController->actionCreate()\n#21 C:\\wamp\\www\\GulbergEmpire\\vendor\\yiisoft\\yii2\\base\\InlineAction.php(55): call_user_func_array(Array, Array)\n#22 C:\\wamp\\www\\GulbergEmpire\\vendor\\yiisoft\\yii2\\base\\Controller.php(154): yii\\base\\InlineAction->runWithParams(Array)\n#23 C:\\wamp\\www\\GulbergEmpire\\vendor\\yiisoft\\yii2\\base\\Module.php(454): yii\\base\\Controller->runAction(''create'', Array)\n#24 C:\\wamp\\www\\GulbergEmpire\\vendor\\yiisoft\\yii2\\web\\Application.php(100): yii\\base\\Module->runAction(''member-plots/cr...'', Array)\n#25 C:\\wamp\\www\\GulbergEmpire\\vendor\\yiisoft\\yii2\\base\\Application.php(375): yii\\web\\Application->handleRequest(Object(yii\\web\\Request))\n#26 C:\\wamp\\www\\GulbergEmpire\\backend\\web\\index.php(23): yii\\base\\Application->run()\n#27 {main}'),
(409, 1, 'yii\\base\\UnknownPropertyException', 1483687311.5907, '[backend][/GulbergEmpire/backend/web/member-plots/create]', 'exception ''yii\\base\\UnknownPropertyException'' with message ''Getting unknown property: common\\models\\MemberPlots::unit_type'' in C:\\wamp\\www\\GulbergEmpire\\vendor\\yiisoft\\yii2\\base\\Component.php:143\nStack trace:\n#0 C:\\wamp\\www\\GulbergEmpire\\vendor\\yiisoft\\yii2\\db\\BaseActiveRecord.php(286): yii\\base\\Component->__get(''unit_type'')\n#1 C:\\wamp\\www\\GulbergEmpire\\vendor\\yiisoft\\yii2\\helpers\\BaseHtml.php(2044): yii\\db\\BaseActiveRecord->__get(''unit_type'')\n#2 C:\\wamp\\www\\GulbergEmpire\\vendor\\kartik-v\\yii2-krajee-base\\InputWidget.php(191): yii\\helpers\\BaseHtml::getAttributeValue(Object(common\\models\\MemberPlots), ''unit_type'')\n#3 C:\\wamp\\www\\GulbergEmpire\\vendor\\kartik-v\\yii2-krajee-base\\InputWidget.php(172): kartik\\base\\InputWidget->initInputWidget()\n#4 C:\\wamp\\www\\GulbergEmpire\\vendor\\yiisoft\\yii2\\base\\Object.php(107): kartik\\base\\InputWidget->init()\n#5 [internal function]: yii\\base\\Object->__construct(Array)\n#6 C:\\wamp\\www\\GulbergEmpire\\vendor\\yiisoft\\yii2\\di\\Container.php(379): ReflectionClass->newInstanceArgs(Array)\n#7 C:\\wamp\\www\\GulbergEmpire\\vendor\\yiisoft\\yii2\\di\\Container.php(154): yii\\di\\Container->build(''kartik\\\\select2\\\\...'', Array, Array)\n#8 C:\\wamp\\www\\GulbergEmpire\\vendor\\yiisoft\\yii2\\BaseYii.php(344): yii\\di\\Container->get(''kartik\\\\select2\\\\...'', Array, Array)\n#9 C:\\wamp\\www\\GulbergEmpire\\vendor\\yiisoft\\yii2\\base\\Widget.php(101): yii\\BaseYii::createObject(Array)\n#10 C:\\wamp\\www\\GulbergEmpire\\backend\\views\\member-plots\\_form.php(72): yii\\base\\Widget::widget(Array)\n#11 C:\\wamp\\www\\GulbergEmpire\\vendor\\yiisoft\\yii2\\base\\View.php(326): require(''C:\\\\wamp\\\\www\\\\Gul...'')\n#12 C:\\wamp\\www\\GulbergEmpire\\vendor\\yiisoft\\yii2\\base\\View.php(248): yii\\base\\View->renderPhpFile(''C:\\\\wamp\\\\www\\\\Gul...'', Array)\n#13 C:\\wamp\\www\\GulbergEmpire\\vendor\\yiisoft\\yii2\\base\\View.php(150): yii\\base\\View->renderFile(''C:\\\\wamp\\\\www\\\\Gul...'', Array, NULL)\n#14 C:\\wamp\\www\\GulbergEmpire\\backend\\views\\member-plots\\create.php(19): yii\\base\\View->render(''_form'', Array)\n#15 C:\\wamp\\www\\GulbergEmpire\\vendor\\yiisoft\\yii2\\base\\View.php(326): require(''C:\\\\wamp\\\\www\\\\Gul...'')\n#16 C:\\wamp\\www\\GulbergEmpire\\vendor\\yiisoft\\yii2\\base\\View.php(248): yii\\base\\View->renderPhpFile(''C:\\\\wamp\\\\www\\\\Gul...'', Array)\n#17 C:\\wamp\\www\\GulbergEmpire\\vendor\\yiisoft\\yii2\\base\\View.php(150): yii\\base\\View->renderFile(''C:\\\\wamp\\\\www\\\\Gul...'', Array, Object(backend\\controllers\\MemberPlotsController))\n#18 C:\\wamp\\www\\GulbergEmpire\\vendor\\yiisoft\\yii2\\base\\Controller.php(378): yii\\base\\View->render(''create'', Array, Object(backend\\controllers\\MemberPlotsController))\n#19 C:\\wamp\\www\\GulbergEmpire\\backend\\controllers\\MemberPlotsController.php(130): yii\\base\\Controller->render(''create'', Array)\n#20 [internal function]: backend\\controllers\\MemberPlotsController->actionCreate()\n#21 C:\\wamp\\www\\GulbergEmpire\\vendor\\yiisoft\\yii2\\base\\InlineAction.php(55): call_user_func_array(Array, Array)\n#22 C:\\wamp\\www\\GulbergEmpire\\vendor\\yiisoft\\yii2\\base\\Controller.php(154): yii\\base\\InlineAction->runWithParams(Array)\n#23 C:\\wamp\\www\\GulbergEmpire\\vendor\\yiisoft\\yii2\\base\\Module.php(454): yii\\base\\Controller->runAction(''create'', Array)\n#24 C:\\wamp\\www\\GulbergEmpire\\vendor\\yiisoft\\yii2\\web\\Application.php(100): yii\\base\\Module->runAction(''member-plots/cr...'', Array)\n#25 C:\\wamp\\www\\GulbergEmpire\\vendor\\yiisoft\\yii2\\base\\Application.php(375): yii\\web\\Application->handleRequest(Object(yii\\web\\Request))\n#26 C:\\wamp\\www\\GulbergEmpire\\backend\\web\\index.php(23): yii\\base\\Application->run()\n#27 {main}'),
(410, 1, 'yii\\base\\UnknownPropertyException', 1483687394.6649, '[backend][/GulbergEmpire/backend/web/member-plots/create]', 'exception ''yii\\base\\UnknownPropertyException'' with message ''Getting unknown property: common\\models\\MemberPlots::installment_plan_id'' in C:\\wamp\\www\\GulbergEmpire\\vendor\\yiisoft\\yii2\\base\\Component.php:143\nStack trace:\n#0 C:\\wamp\\www\\GulbergEmpire\\vendor\\yiisoft\\yii2\\db\\BaseActiveRecord.php(286): yii\\base\\Component->__get(''installment_pla...'')\n#1 C:\\wamp\\www\\GulbergEmpire\\backend\\views\\member-plots\\_form.php(81): yii\\db\\BaseActiveRecord->__get(''installment_pla...'')\n#2 C:\\wamp\\www\\GulbergEmpire\\vendor\\yiisoft\\yii2\\base\\View.php(326): require(''C:\\\\wamp\\\\www\\\\Gul...'')\n#3 C:\\wamp\\www\\GulbergEmpire\\vendor\\yiisoft\\yii2\\base\\View.php(248): yii\\base\\View->renderPhpFile(''C:\\\\wamp\\\\www\\\\Gul...'', Array)\n#4 C:\\wamp\\www\\GulbergEmpire\\vendor\\yiisoft\\yii2\\base\\View.php(150): yii\\base\\View->renderFile(''C:\\\\wamp\\\\www\\\\Gul...'', Array, NULL)\n#5 C:\\wamp\\www\\GulbergEmpire\\backend\\views\\member-plots\\create.php(19): yii\\base\\View->render(''_form'', Array)\n#6 C:\\wamp\\www\\GulbergEmpire\\vendor\\yiisoft\\yii2\\base\\View.php(326): require(''C:\\\\wamp\\\\www\\\\Gul...'')\n#7 C:\\wamp\\www\\GulbergEmpire\\vendor\\yiisoft\\yii2\\base\\View.php(248): yii\\base\\View->renderPhpFile(''C:\\\\wamp\\\\www\\\\Gul...'', Array)\n#8 C:\\wamp\\www\\GulbergEmpire\\vendor\\yiisoft\\yii2\\base\\View.php(150): yii\\base\\View->renderFile(''C:\\\\wamp\\\\www\\\\Gul...'', Array, Object(backend\\controllers\\MemberPlotsController))\n#9 C:\\wamp\\www\\GulbergEmpire\\vendor\\yiisoft\\yii2\\base\\Controller.php(378): yii\\base\\View->render(''create'', Array, Object(backend\\controllers\\MemberPlotsController))\n#10 C:\\wamp\\www\\GulbergEmpire\\backend\\controllers\\MemberPlotsController.php(130): yii\\base\\Controller->render(''create'', Array)\n#11 [internal function]: backend\\controllers\\MemberPlotsController->actionCreate()\n#12 C:\\wamp\\www\\GulbergEmpire\\vendor\\yiisoft\\yii2\\base\\InlineAction.php(55): call_user_func_array(Array, Array)\n#13 C:\\wamp\\www\\GulbergEmpire\\vendor\\yiisoft\\yii2\\base\\Controller.php(154): yii\\base\\InlineAction->runWithParams(Array)\n#14 C:\\wamp\\www\\GulbergEmpire\\vendor\\yiisoft\\yii2\\base\\Module.php(454): yii\\base\\Controller->runAction(''create'', Array)\n#15 C:\\wamp\\www\\GulbergEmpire\\vendor\\yiisoft\\yii2\\web\\Application.php(100): yii\\base\\Module->runAction(''member-plots/cr...'', Array)\n#16 C:\\wamp\\www\\GulbergEmpire\\vendor\\yiisoft\\yii2\\base\\Application.php(375): yii\\web\\Application->handleRequest(Object(yii\\web\\Request))\n#17 C:\\wamp\\www\\GulbergEmpire\\backend\\web\\index.php(23): yii\\base\\Application->run()\n#18 {main}'),
(411, 1, 'yii\\base\\ErrorException:4', 1483687451.7295, '[backend][/GulbergEmpire/backend/web/member-plots/create]', 'exception ''yii\\base\\ErrorException'' with message ''syntax error, unexpected ''?>'', expecting '']'''' in C:\\wamp\\www\\GulbergEmpire\\backend\\views\\member-plots\\_form.php:93\nStack trace:\n#0 C:\\wamp\\www\\GulbergEmpire\\vendor\\yiisoft\\yii2\\base\\View.php(150): yii\\base\\View->renderFile()\n#1 C:\\wamp\\www\\GulbergEmpire\\backend\\views\\member-plots\\create.php(19): yii\\base\\View->render()\n#2 C:\\wamp\\www\\GulbergEmpire\\vendor\\yiisoft\\yii2\\base\\View.php(326): ::unknown()\n#3 C:\\wamp\\www\\GulbergEmpire\\vendor\\yiisoft\\yii2\\base\\View.php(248): yii\\base\\View->renderPhpFile()\n#4 C:\\wamp\\www\\GulbergEmpire\\vendor\\yiisoft\\yii2\\base\\View.php(150): yii\\base\\View->renderFile()\n#5 C:\\wamp\\www\\GulbergEmpire\\vendor\\yiisoft\\yii2\\base\\Controller.php(378): yii\\base\\View->render()\n#6 C:\\wamp\\www\\GulbergEmpire\\backend\\controllers\\MemberPlotsController.php(130): yii\\base\\Controller->render()\n#7 C:\\wamp\\www\\GulbergEmpire\\vendor\\yiisoft\\yii2\\base\\InlineAction.php(55): backend\\controllers\\MemberPlotsController->actionCreate()\n#8 C:\\wamp\\www\\GulbergEmpire\\vendor\\yiisoft\\yii2\\base\\InlineAction.php(55): ::call_user_func_array:{C:\\wamp\\www\\GulbergEmpire\\vendor\\yiisoft\\yii2\\base\\InlineAction.php:55}()\n#9 C:\\wamp\\www\\GulbergEmpire\\vendor\\yiisoft\\yii2\\base\\Controller.php(154): yii\\base\\InlineAction->runWithParams()\n#10 C:\\wamp\\www\\GulbergEmpire\\vendor\\yiisoft\\yii2\\base\\Module.php(454): yii\\base\\Controller->runAction()\n#11 C:\\wamp\\www\\GulbergEmpire\\vendor\\yiisoft\\yii2\\web\\Application.php(100): yii\\base\\Module->runAction()\n#12 C:\\wamp\\www\\GulbergEmpire\\vendor\\yiisoft\\yii2\\base\\Application.php(375): yii\\web\\Application->handleRequest()\n#13 C:\\wamp\\www\\GulbergEmpire\\backend\\web\\index.php(23): yii\\base\\Application->run()\n#14 {main}'),
(412, 1, 'yii\\base\\UnknownPropertyException', 1483687473.1856, '[backend][/GulbergEmpire/backend/web/member-plots/create]', 'exception ''yii\\base\\UnknownPropertyException'' with message ''Getting unknown property: common\\models\\MemberPlots::plot_no'' in C:\\wamp\\www\\GulbergEmpire\\vendor\\yiisoft\\yii2\\base\\Component.php:143\nStack trace:\n#0 C:\\wamp\\www\\GulbergEmpire\\vendor\\yiisoft\\yii2\\db\\BaseActiveRecord.php(286): yii\\base\\Component->__get(''plot_no'')\n#1 C:\\wamp\\www\\GulbergEmpire\\vendor\\yiisoft\\yii2\\helpers\\BaseHtml.php(2044): yii\\db\\BaseActiveRecord->__get(''plot_no'')\n#2 C:\\wamp\\www\\GulbergEmpire\\vendor\\yiisoft\\yii2\\helpers\\BaseHtml.php(1246): yii\\helpers\\BaseHtml::getAttributeValue(Object(common\\models\\MemberPlots), ''plot_no'')\n#3 C:\\wamp\\www\\GulbergEmpire\\vendor\\yiisoft\\yii2\\helpers\\BaseHtml.php(1295): yii\\helpers\\BaseHtml::activeInput(''text'', Object(common\\models\\MemberPlots), ''plot_no'', Array)\n#4 C:\\wamp\\www\\GulbergEmpire\\vendor\\yiisoft\\yii2\\widgets\\ActiveField.php(386): yii\\helpers\\BaseHtml::activeTextInput(Object(common\\models\\MemberPlots), ''plot_no'', Array)\n#5 C:\\wamp\\www\\GulbergEmpire\\backend\\views\\member-plots\\_form.php(146): yii\\widgets\\ActiveField->textInput(Array)\n#6 C:\\wamp\\www\\GulbergEmpire\\vendor\\yiisoft\\yii2\\base\\View.php(326): require(''C:\\\\wamp\\\\www\\\\Gul...'')\n#7 C:\\wamp\\www\\GulbergEmpire\\vendor\\yiisoft\\yii2\\base\\View.php(248): yii\\base\\View->renderPhpFile(''C:\\\\wamp\\\\www\\\\Gul...'', Array)\n#8 C:\\wamp\\www\\GulbergEmpire\\vendor\\yiisoft\\yii2\\base\\View.php(150): yii\\base\\View->renderFile(''C:\\\\wamp\\\\www\\\\Gul...'', Array, NULL)\n#9 C:\\wamp\\www\\GulbergEmpire\\backend\\views\\member-plots\\create.php(19): yii\\base\\View->render(''_form'', Array)\n#10 C:\\wamp\\www\\GulbergEmpire\\vendor\\yiisoft\\yii2\\base\\View.php(326): require(''C:\\\\wamp\\\\www\\\\Gul...'')\n#11 C:\\wamp\\www\\GulbergEmpire\\vendor\\yiisoft\\yii2\\base\\View.php(248): yii\\base\\View->renderPhpFile(''C:\\\\wamp\\\\www\\\\Gul...'', Array)\n#12 C:\\wamp\\www\\GulbergEmpire\\vendor\\yiisoft\\yii2\\base\\View.php(150): yii\\base\\View->renderFile(''C:\\\\wamp\\\\www\\\\Gul...'', Array, Object(backend\\controllers\\MemberPlotsController))\n#13 C:\\wamp\\www\\GulbergEmpire\\vendor\\yiisoft\\yii2\\base\\Controller.php(378): yii\\base\\View->render(''create'', Array, Object(backend\\controllers\\MemberPlotsController))\n#14 C:\\wamp\\www\\GulbergEmpire\\backend\\controllers\\MemberPlotsController.php(130): yii\\base\\Controller->render(''create'', Array)\n#15 [internal function]: backend\\controllers\\MemberPlotsController->actionCreate()\n#16 C:\\wamp\\www\\GulbergEmpire\\vendor\\yiisoft\\yii2\\base\\InlineAction.php(55): call_user_func_array(Array, Array)\n#17 C:\\wamp\\www\\GulbergEmpire\\vendor\\yiisoft\\yii2\\base\\Controller.php(154): yii\\base\\InlineAction->runWithParams(Array)\n#18 C:\\wamp\\www\\GulbergEmpire\\vendor\\yiisoft\\yii2\\base\\Module.php(454): yii\\base\\Controller->runAction(''create'', Array)\n#19 C:\\wamp\\www\\GulbergEmpire\\vendor\\yiisoft\\yii2\\web\\Application.php(100): yii\\base\\Module->runAction(''member-plots/cr...'', Array)\n#20 C:\\wamp\\www\\GulbergEmpire\\vendor\\yiisoft\\yii2\\base\\Application.php(375): yii\\web\\Application->handleRequest(Object(yii\\web\\Request))\n#21 C:\\wamp\\www\\GulbergEmpire\\backend\\web\\index.php(23): yii\\base\\Application->run()\n#22 {main}'),
(413, 1, 'yii\\base\\UnknownPropertyException', 1483687562.8531, '[backend][/GulbergEmpire/backend/web/member-plots/create]', 'exception ''yii\\base\\UnknownPropertyException'' with message ''Getting unknown property: common\\models\\MemberPlots::category'' in C:\\wamp\\www\\GulbergEmpire\\vendor\\yiisoft\\yii2\\base\\Component.php:143\nStack trace:\n#0 C:\\wamp\\www\\GulbergEmpire\\vendor\\yiisoft\\yii2\\db\\BaseActiveRecord.php(286): yii\\base\\Component->__get(''category'')\n#1 C:\\wamp\\www\\GulbergEmpire\\vendor\\yiisoft\\yii2\\helpers\\BaseHtml.php(2044): yii\\db\\BaseActiveRecord->__get(''category'')\n#2 C:\\wamp\\www\\GulbergEmpire\\vendor\\kartik-v\\yii2-krajee-base\\InputWidget.php(191): yii\\helpers\\BaseHtml::getAttributeValue(Object(common\\models\\MemberPlots), ''category'')\n#3 C:\\wamp\\www\\GulbergEmpire\\vendor\\kartik-v\\yii2-krajee-base\\InputWidget.php(172): kartik\\base\\InputWidget->initInputWidget()\n#4 C:\\wamp\\www\\GulbergEmpire\\vendor\\yiisoft\\yii2\\base\\Object.php(107): kartik\\base\\InputWidget->init()\n#5 [internal function]: yii\\base\\Object->__construct(Array)\n#6 C:\\wamp\\www\\GulbergEmpire\\vendor\\yiisoft\\yii2\\di\\Container.php(379): ReflectionClass->newInstanceArgs(Array)\n#7 C:\\wamp\\www\\GulbergEmpire\\vendor\\yiisoft\\yii2\\di\\Container.php(154): yii\\di\\Container->build(''kartik\\\\select2\\\\...'', Array, Array)\n#8 C:\\wamp\\www\\GulbergEmpire\\vendor\\yiisoft\\yii2\\BaseYii.php(344): yii\\di\\Container->get(''kartik\\\\select2\\\\...'', Array, Array)\n#9 C:\\wamp\\www\\GulbergEmpire\\vendor\\yiisoft\\yii2\\base\\Widget.php(101): yii\\BaseYii::createObject(Array)\n#10 C:\\wamp\\www\\GulbergEmpire\\backend\\views\\member-plots\\_form.php(157): yii\\base\\Widget::widget(Array)\n#11 C:\\wamp\\www\\GulbergEmpire\\vendor\\yiisoft\\yii2\\base\\View.php(326): require(''C:\\\\wamp\\\\www\\\\Gul...'')\n#12 C:\\wamp\\www\\GulbergEmpire\\vendor\\yiisoft\\yii2\\base\\View.php(248): yii\\base\\View->renderPhpFile(''C:\\\\wamp\\\\www\\\\Gul...'', Array)\n#13 C:\\wamp\\www\\GulbergEmpire\\vendor\\yiisoft\\yii2\\base\\View.php(150): yii\\base\\View->renderFile(''C:\\\\wamp\\\\www\\\\Gul...'', Array, NULL)\n#14 C:\\wamp\\www\\GulbergEmpire\\backend\\views\\member-plots\\create.php(19): yii\\base\\View->render(''_form'', Array)\n#15 C:\\wamp\\www\\GulbergEmpire\\vendor\\yiisoft\\yii2\\base\\View.php(326): require(''C:\\\\wamp\\\\www\\\\Gul...'')\n#16 C:\\wamp\\www\\GulbergEmpire\\vendor\\yiisoft\\yii2\\base\\View.php(248): yii\\base\\View->renderPhpFile(''C:\\\\wamp\\\\www\\\\Gul...'', Array)\n#17 C:\\wamp\\www\\GulbergEmpire\\vendor\\yiisoft\\yii2\\base\\View.php(150): yii\\base\\View->renderFile(''C:\\\\wamp\\\\www\\\\Gul...'', Array, Object(backend\\controllers\\MemberPlotsController))\n#18 C:\\wamp\\www\\GulbergEmpire\\vendor\\yiisoft\\yii2\\base\\Controller.php(378): yii\\base\\View->render(''create'', Array, Object(backend\\controllers\\MemberPlotsController))\n#19 C:\\wamp\\www\\GulbergEmpire\\backend\\controllers\\MemberPlotsController.php(130): yii\\base\\Controller->render(''create'', Array)\n#20 [internal function]: backend\\controllers\\MemberPlotsController->actionCreate()\n#21 C:\\wamp\\www\\GulbergEmpire\\vendor\\yiisoft\\yii2\\base\\InlineAction.php(55): call_user_func_array(Array, Array)\n#22 C:\\wamp\\www\\GulbergEmpire\\vendor\\yiisoft\\yii2\\base\\Controller.php(154): yii\\base\\InlineAction->runWithParams(Array)\n#23 C:\\wamp\\www\\GulbergEmpire\\vendor\\yiisoft\\yii2\\base\\Module.php(454): yii\\base\\Controller->runAction(''create'', Array)\n#24 C:\\wamp\\www\\GulbergEmpire\\vendor\\yiisoft\\yii2\\web\\Application.php(100): yii\\base\\Module->runAction(''member-plots/cr...'', Array)\n#25 C:\\wamp\\www\\GulbergEmpire\\vendor\\yiisoft\\yii2\\base\\Application.php(375): yii\\web\\Application->handleRequest(Object(yii\\web\\Request))\n#26 C:\\wamp\\www\\GulbergEmpire\\backend\\web\\index.php(23): yii\\base\\Application->run()\n#27 {main}'),
(414, 1, 'yii\\base\\ErrorException:1', 1483687875.2889, '[backend][/GulbergEmpire/backend/web/units/create]', 'exception ''yii\\base\\ErrorException'' with message ''Class ''Select2'' not found'' in C:\\wamp\\www\\GulbergEmpire\\backend\\views\\units\\_form.php:23\nStack trace:\n#0 C:\\wamp\\www\\GulbergEmpire\\vendor\\yiisoft\\yii2\\base\\View.php(248): yii\\base\\View->renderPhpFile()\n#1 C:\\wamp\\www\\GulbergEmpire\\vendor\\yiisoft\\yii2\\base\\View.php(150): yii\\base\\View->renderFile()\n#2 C:\\wamp\\www\\GulbergEmpire\\backend\\views\\units\\create.php(17): yii\\base\\View->render()\n#3 C:\\wamp\\www\\GulbergEmpire\\vendor\\yiisoft\\yii2\\base\\View.php(326): ::unknown()\n#4 C:\\wamp\\www\\GulbergEmpire\\vendor\\yiisoft\\yii2\\base\\View.php(248): yii\\base\\View->renderPhpFile()\n#5 C:\\wamp\\www\\GulbergEmpire\\vendor\\yiisoft\\yii2\\base\\View.php(150): yii\\base\\View->renderFile()\n#6 C:\\wamp\\www\\GulbergEmpire\\vendor\\yiisoft\\yii2\\base\\Controller.php(378): yii\\base\\View->render()\n#7 C:\\wamp\\www\\GulbergEmpire\\backend\\controllers\\UnitsController.php(70): yii\\base\\Controller->render()\n#8 C:\\wamp\\www\\GulbergEmpire\\vendor\\yiisoft\\yii2\\base\\InlineAction.php(55): backend\\controllers\\UnitsController->actionCreate()\n#9 C:\\wamp\\www\\GulbergEmpire\\vendor\\yiisoft\\yii2\\base\\InlineAction.php(55): ::call_user_func_array:{C:\\wamp\\www\\GulbergEmpire\\vendor\\yiisoft\\yii2\\base\\InlineAction.php:55}()\n#10 C:\\wamp\\www\\GulbergEmpire\\vendor\\yiisoft\\yii2\\base\\Controller.php(154): yii\\base\\InlineAction->runWithParams()\n#11 C:\\wamp\\www\\GulbergEmpire\\vendor\\yiisoft\\yii2\\base\\Module.php(454): yii\\base\\Controller->runAction()\n#12 C:\\wamp\\www\\GulbergEmpire\\vendor\\yiisoft\\yii2\\web\\Application.php(100): yii\\base\\Module->runAction()\n#13 C:\\wamp\\www\\GulbergEmpire\\vendor\\yiisoft\\yii2\\base\\Application.php(375): yii\\web\\Application->handleRequest()\n#14 C:\\wamp\\www\\GulbergEmpire\\backend\\web\\index.php(23): yii\\base\\Application->run()\n#15 {main}'),
(415, 1, 'yii\\base\\UnknownPropertyException', 1483687965.3105, '[backend][/GulbergEmpire/backend/web/member-plots/create]', 'exception ''yii\\base\\UnknownPropertyException'' with message ''Getting unknown property: common\\models\\MemberPlots::installment_plan_id'' in C:\\wamp\\www\\GulbergEmpire\\vendor\\yiisoft\\yii2\\base\\Component.php:143\nStack trace:\n#0 C:\\wamp\\www\\GulbergEmpire\\vendor\\yiisoft\\yii2\\db\\BaseActiveRecord.php(286): yii\\base\\Component->__get(''installment_pla...'')\n#1 C:\\wamp\\www\\GulbergEmpire\\backend\\views\\member-plots\\_form.php(68): yii\\db\\BaseActiveRecord->__get(''installment_pla...'')\n#2 C:\\wamp\\www\\GulbergEmpire\\vendor\\yiisoft\\yii2\\base\\View.php(326): require(''C:\\\\wamp\\\\www\\\\Gul...'')\n#3 C:\\wamp\\www\\GulbergEmpire\\vendor\\yiisoft\\yii2\\base\\View.php(248): yii\\base\\View->renderPhpFile(''C:\\\\wamp\\\\www\\\\Gul...'', Array)\n#4 C:\\wamp\\www\\GulbergEmpire\\vendor\\yiisoft\\yii2\\base\\View.php(150): yii\\base\\View->renderFile(''C:\\\\wamp\\\\www\\\\Gul...'', Array, NULL)\n#5 C:\\wamp\\www\\GulbergEmpire\\backend\\views\\member-plots\\create.php(19): yii\\base\\View->render(''_form'', Array)\n#6 C:\\wamp\\www\\GulbergEmpire\\vendor\\yiisoft\\yii2\\base\\View.php(326): require(''C:\\\\wamp\\\\www\\\\Gul...'')\n#7 C:\\wamp\\www\\GulbergEmpire\\vendor\\yiisoft\\yii2\\base\\View.php(248): yii\\base\\View->renderPhpFile(''C:\\\\wamp\\\\www\\\\Gul...'', Array)\n#8 C:\\wamp\\www\\GulbergEmpire\\vendor\\yiisoft\\yii2\\base\\View.php(150): yii\\base\\View->renderFile(''C:\\\\wamp\\\\www\\\\Gul...'', Array, Object(backend\\controllers\\MemberPlotsController))\n#9 C:\\wamp\\www\\GulbergEmpire\\vendor\\yiisoft\\yii2\\base\\Controller.php(378): yii\\base\\View->render(''create'', Array, Object(backend\\controllers\\MemberPlotsController))\n#10 C:\\wamp\\www\\GulbergEmpire\\backend\\controllers\\MemberPlotsController.php(130): yii\\base\\Controller->render(''create'', Array)\n#11 [internal function]: backend\\controllers\\MemberPlotsController->actionCreate()\n#12 C:\\wamp\\www\\GulbergEmpire\\vendor\\yiisoft\\yii2\\base\\InlineAction.php(55): call_user_func_array(Array, Array)\n#13 C:\\wamp\\www\\GulbergEmpire\\vendor\\yiisoft\\yii2\\base\\Controller.php(154): yii\\base\\InlineAction->runWithParams(Array)\n#14 C:\\wamp\\www\\GulbergEmpire\\vendor\\yiisoft\\yii2\\base\\Module.php(454): yii\\base\\Controller->runAction(''create'', Array)\n#15 C:\\wamp\\www\\GulbergEmpire\\vendor\\yiisoft\\yii2\\web\\Application.php(100): yii\\base\\Module->runAction(''member-plots/cr...'', Array)\n#16 C:\\wamp\\www\\GulbergEmpire\\vendor\\yiisoft\\yii2\\base\\Application.php(375): yii\\web\\Application->handleRequest(Object(yii\\web\\Request))\n#17 C:\\wamp\\www\\GulbergEmpire\\backend\\web\\index.php(23): yii\\base\\Application->run()\n#18 {main}'),
(416, 1, 'yii\\base\\UnknownPropertyException', 1483688322.0794, '[backend][/GulbergEmpire/backend/web/member-plots/create]', 'exception ''yii\\base\\UnknownPropertyException'' with message ''Getting unknown property: common\\models\\MemberPlots::plot_no'' in C:\\wamp\\www\\GulbergEmpire\\vendor\\yiisoft\\yii2\\base\\Component.php:143\nStack trace:\n#0 C:\\wamp\\www\\GulbergEmpire\\vendor\\yiisoft\\yii2\\db\\BaseActiveRecord.php(286): yii\\base\\Component->__get(''plot_no'')\n#1 C:\\wamp\\www\\GulbergEmpire\\vendor\\yiisoft\\yii2\\helpers\\BaseHtml.php(2044): yii\\db\\BaseActiveRecord->__get(''plot_no'')\n#2 C:\\wamp\\www\\GulbergEmpire\\vendor\\yiisoft\\yii2\\helpers\\BaseHtml.php(1246): yii\\helpers\\BaseHtml::getAttributeValue(Object(common\\models\\MemberPlots), ''plot_no'')\n#3 C:\\wamp\\www\\GulbergEmpire\\vendor\\yiisoft\\yii2\\helpers\\BaseHtml.php(1295): yii\\helpers\\BaseHtml::activeInput(''text'', Object(common\\models\\MemberPlots), ''plot_no'', Array)\n#4 C:\\wamp\\www\\GulbergEmpire\\vendor\\yiisoft\\yii2\\widgets\\ActiveField.php(386): yii\\helpers\\BaseHtml::activeTextInput(Object(common\\models\\MemberPlots), ''plot_no'', Array)\n#5 C:\\wamp\\www\\GulbergEmpire\\backend\\views\\member-plots\\_form.php(133): yii\\widgets\\ActiveField->textInput(Array)\n#6 C:\\wamp\\www\\GulbergEmpire\\vendor\\yiisoft\\yii2\\base\\View.php(326): require(''C:\\\\wamp\\\\www\\\\Gul...'')\n#7 C:\\wamp\\www\\GulbergEmpire\\vendor\\yiisoft\\yii2\\base\\View.php(248): yii\\base\\View->renderPhpFile(''C:\\\\wamp\\\\www\\\\Gul...'', Array)\n#8 C:\\wamp\\www\\GulbergEmpire\\vendor\\yiisoft\\yii2\\base\\View.php(150): yii\\base\\View->renderFile(''C:\\\\wamp\\\\www\\\\Gul...'', Array, NULL)\n#9 C:\\wamp\\www\\GulbergEmpire\\backend\\views\\member-plots\\create.php(19): yii\\base\\View->render(''_form'', Array)\n#10 C:\\wamp\\www\\GulbergEmpire\\vendor\\yiisoft\\yii2\\base\\View.php(326): require(''C:\\\\wamp\\\\www\\\\Gul...'')\n#11 C:\\wamp\\www\\GulbergEmpire\\vendor\\yiisoft\\yii2\\base\\View.php(248): yii\\base\\View->renderPhpFile(''C:\\\\wamp\\\\www\\\\Gul...'', Array)\n#12 C:\\wamp\\www\\GulbergEmpire\\vendor\\yiisoft\\yii2\\base\\View.php(150): yii\\base\\View->renderFile(''C:\\\\wamp\\\\www\\\\Gul...'', Array, Object(backend\\controllers\\MemberPlotsController))\n#13 C:\\wamp\\www\\GulbergEmpire\\vendor\\yiisoft\\yii2\\base\\Controller.php(378): yii\\base\\View->render(''create'', Array, Object(backend\\controllers\\MemberPlotsController))\n#14 C:\\wamp\\www\\GulbergEmpire\\backend\\controllers\\MemberPlotsController.php(130): yii\\base\\Controller->render(''create'', Array)\n#15 [internal function]: backend\\controllers\\MemberPlotsController->actionCreate()\n#16 C:\\wamp\\www\\GulbergEmpire\\vendor\\yiisoft\\yii2\\base\\InlineAction.php(55): call_user_func_array(Array, Array)\n#17 C:\\wamp\\www\\GulbergEmpire\\vendor\\yiisoft\\yii2\\base\\Controller.php(154): yii\\base\\InlineAction->runWithParams(Array)\n#18 C:\\wamp\\www\\GulbergEmpire\\vendor\\yiisoft\\yii2\\base\\Module.php(454): yii\\base\\Controller->runAction(''create'', Array)\n#19 C:\\wamp\\www\\GulbergEmpire\\vendor\\yiisoft\\yii2\\web\\Application.php(100): yii\\base\\Module->runAction(''member-plots/cr...'', Array)\n#20 C:\\wamp\\www\\GulbergEmpire\\vendor\\yiisoft\\yii2\\base\\Application.php(375): yii\\web\\Application->handleRequest(Object(yii\\web\\Request))\n#21 C:\\wamp\\www\\GulbergEmpire\\backend\\web\\index.php(23): yii\\base\\Application->run()\n#22 {main}'),
(417, 1, 'yii\\base\\UnknownPropertyException', 1483688356.1189, '[backend][/GulbergEmpire/backend/web/member-plots/create]', 'exception ''yii\\base\\UnknownPropertyException'' with message ''Getting unknown property: common\\models\\MemberPlots::plot_size'' in C:\\wamp\\www\\GulbergEmpire\\vendor\\yiisoft\\yii2\\base\\Component.php:143\nStack trace:\n#0 C:\\wamp\\www\\GulbergEmpire\\vendor\\yiisoft\\yii2\\db\\BaseActiveRecord.php(286): yii\\base\\Component->__get(''plot_size'')\n#1 C:\\wamp\\www\\GulbergEmpire\\vendor\\yiisoft\\yii2\\helpers\\BaseHtml.php(2044): yii\\db\\BaseActiveRecord->__get(''plot_size'')\n#2 C:\\wamp\\www\\GulbergEmpire\\vendor\\yiisoft\\yii2\\helpers\\BaseHtml.php(1246): yii\\helpers\\BaseHtml::getAttributeValue(Object(common\\models\\MemberPlots), ''plot_size'')\n#3 C:\\wamp\\www\\GulbergEmpire\\vendor\\yiisoft\\yii2\\helpers\\BaseHtml.php(1295): yii\\helpers\\BaseHtml::activeInput(''text'', Object(common\\models\\MemberPlots), ''plot_size'', Array)\n#4 C:\\wamp\\www\\GulbergEmpire\\vendor\\yiisoft\\yii2\\widgets\\ActiveField.php(386): yii\\helpers\\BaseHtml::activeTextInput(Object(common\\models\\MemberPlots), ''plot_size'', Array)\n#5 C:\\wamp\\www\\GulbergEmpire\\backend\\views\\member-plots\\_form.php(135): yii\\widgets\\ActiveField->textInput(Array)\n#6 C:\\wamp\\www\\GulbergEmpire\\vendor\\yiisoft\\yii2\\base\\View.php(326): require(''C:\\\\wamp\\\\www\\\\Gul...'')\n#7 C:\\wamp\\www\\GulbergEmpire\\vendor\\yiisoft\\yii2\\base\\View.php(248): yii\\base\\View->renderPhpFile(''C:\\\\wamp\\\\www\\\\Gul...'', Array)\n#8 C:\\wamp\\www\\GulbergEmpire\\vendor\\yiisoft\\yii2\\base\\View.php(150): yii\\base\\View->renderFile(''C:\\\\wamp\\\\www\\\\Gul...'', Array, NULL)\n#9 C:\\wamp\\www\\GulbergEmpire\\backend\\views\\member-plots\\create.php(19): yii\\base\\View->render(''_form'', Array)\n#10 C:\\wamp\\www\\GulbergEmpire\\vendor\\yiisoft\\yii2\\base\\View.php(326): require(''C:\\\\wamp\\\\www\\\\Gul...'')\n#11 C:\\wamp\\www\\GulbergEmpire\\vendor\\yiisoft\\yii2\\base\\View.php(248): yii\\base\\View->renderPhpFile(''C:\\\\wamp\\\\www\\\\Gul...'', Array)\n#12 C:\\wamp\\www\\GulbergEmpire\\vendor\\yiisoft\\yii2\\base\\View.php(150): yii\\base\\View->renderFile(''C:\\\\wamp\\\\www\\\\Gul...'', Array, Object(backend\\controllers\\MemberPlotsController))\n#13 C:\\wamp\\www\\GulbergEmpire\\vendor\\yiisoft\\yii2\\base\\Controller.php(378): yii\\base\\View->render(''create'', Array, Object(backend\\controllers\\MemberPlotsController))\n#14 C:\\wamp\\www\\GulbergEmpire\\backend\\controllers\\MemberPlotsController.php(130): yii\\base\\Controller->render(''create'', Array)\n#15 [internal function]: backend\\controllers\\MemberPlotsController->actionCreate()\n#16 C:\\wamp\\www\\GulbergEmpire\\vendor\\yiisoft\\yii2\\base\\InlineAction.php(55): call_user_func_array(Array, Array)\n#17 C:\\wamp\\www\\GulbergEmpire\\vendor\\yiisoft\\yii2\\base\\Controller.php(154): yii\\base\\InlineAction->runWithParams(Array)\n#18 C:\\wamp\\www\\GulbergEmpire\\vendor\\yiisoft\\yii2\\base\\Module.php(454): yii\\base\\Controller->runAction(''create'', Array)\n#19 C:\\wamp\\www\\GulbergEmpire\\vendor\\yiisoft\\yii2\\web\\Application.php(100): yii\\base\\Module->runAction(''member-plots/cr...'', Array)\n#20 C:\\wamp\\www\\GulbergEmpire\\vendor\\yiisoft\\yii2\\base\\Application.php(375): yii\\web\\Application->handleRequest(Object(yii\\web\\Request))\n#21 C:\\wamp\\www\\GulbergEmpire\\backend\\web\\index.php(23): yii\\base\\Application->run()\n#22 {main}'),
(418, 1, 'yii\\base\\UnknownPropertyException', 1483690303.3985, '[backend][/GulbergEmpire/backend/web/member-plots/create]', 'exception ''yii\\base\\UnknownPropertyException'' with message ''Getting unknown property: common\\models\\MemberPlots::accountant_id'' in C:\\wamp\\www\\GulbergEmpire\\vendor\\yiisoft\\yii2\\base\\Component.php:143\nStack trace:\n#0 C:\\wamp\\www\\GulbergEmpire\\vendor\\yiisoft\\yii2\\db\\BaseActiveRecord.php(286): yii\\base\\Component->__get(''accountant_id'')\n#1 C:\\wamp\\www\\GulbergEmpire\\vendor\\yiisoft\\yii2\\validators\\Validator.php(262): yii\\db\\BaseActiveRecord->__get(''accountant_id'')\n#2 C:\\wamp\\www\\GulbergEmpire\\vendor\\yiisoft\\yii2\\base\\Model.php(356): yii\\validators\\Validator->validateAttributes(Object(common\\models\\MemberPlots), Array)\n#3 C:\\wamp\\www\\GulbergEmpire\\vendor\\yiisoft\\yii2\\db\\ActiveRecord.php(421): yii\\base\\Model->validate(NULL)\n#4 C:\\wamp\\www\\GulbergEmpire\\vendor\\yiisoft\\yii2\\db\\BaseActiveRecord.php(632): yii\\db\\ActiveRecord->insert(true, NULL)\n#5 C:\\wamp\\www\\GulbergEmpire\\backend\\controllers\\MemberPlotsController.php(125): yii\\db\\BaseActiveRecord->save()\n#6 [internal function]: backend\\controllers\\MemberPlotsController->actionCreate()\n#7 C:\\wamp\\www\\GulbergEmpire\\vendor\\yiisoft\\yii2\\base\\InlineAction.php(55): call_user_func_array(Array, Array)\n#8 C:\\wamp\\www\\GulbergEmpire\\vendor\\yiisoft\\yii2\\base\\Controller.php(154): yii\\base\\InlineAction->runWithParams(Array)\n#9 C:\\wamp\\www\\GulbergEmpire\\vendor\\yiisoft\\yii2\\base\\Module.php(454): yii\\base\\Controller->runAction(''create'', Array)\n#10 C:\\wamp\\www\\GulbergEmpire\\vendor\\yiisoft\\yii2\\web\\Application.php(100): yii\\base\\Module->runAction(''member-plots/cr...'', Array)\n#11 C:\\wamp\\www\\GulbergEmpire\\vendor\\yiisoft\\yii2\\base\\Application.php(375): yii\\web\\Application->handleRequest(Object(yii\\web\\Request))\n#12 C:\\wamp\\www\\GulbergEmpire\\backend\\web\\index.php(23): yii\\base\\Application->run()\n#13 {main}'),
(419, 1, 'yii\\base\\UnknownPropertyException', 1483690380.1314, '[backend][/GulbergEmpire/backend/web/member-plots/create]', 'exception ''yii\\base\\UnknownPropertyException'' with message ''Getting unknown property: common\\models\\MemberPlots::plot_no'' in C:\\wamp\\www\\GulbergEmpire\\vendor\\yiisoft\\yii2\\base\\Component.php:143\nStack trace:\n#0 C:\\wamp\\www\\GulbergEmpire\\vendor\\yiisoft\\yii2\\db\\BaseActiveRecord.php(286): yii\\base\\Component->__get(''plot_no'')\n#1 C:\\wamp\\www\\GulbergEmpire\\vendor\\yiisoft\\yii2\\validators\\Validator.php(262): yii\\db\\BaseActiveRecord->__get(''plot_no'')\n#2 C:\\wamp\\www\\GulbergEmpire\\vendor\\yiisoft\\yii2\\base\\Model.php(356): yii\\validators\\Validator->validateAttributes(Object(common\\models\\MemberPlots), Array)\n#3 C:\\wamp\\www\\GulbergEmpire\\vendor\\yiisoft\\yii2\\db\\ActiveRecord.php(421): yii\\base\\Model->validate(NULL)\n#4 C:\\wamp\\www\\GulbergEmpire\\vendor\\yiisoft\\yii2\\db\\BaseActiveRecord.php(632): yii\\db\\ActiveRecord->insert(true, NULL)\n#5 C:\\wamp\\www\\GulbergEmpire\\backend\\controllers\\MemberPlotsController.php(125): yii\\db\\BaseActiveRecord->save()\n#6 [internal function]: backend\\controllers\\MemberPlotsController->actionCreate()\n#7 C:\\wamp\\www\\GulbergEmpire\\vendor\\yiisoft\\yii2\\base\\InlineAction.php(55): call_user_func_array(Array, Array)\n#8 C:\\wamp\\www\\GulbergEmpire\\vendor\\yiisoft\\yii2\\base\\Controller.php(154): yii\\base\\InlineAction->runWithParams(Array)\n#9 C:\\wamp\\www\\GulbergEmpire\\vendor\\yiisoft\\yii2\\base\\Module.php(454): yii\\base\\Controller->runAction(''create'', Array)\n#10 C:\\wamp\\www\\GulbergEmpire\\vendor\\yiisoft\\yii2\\web\\Application.php(100): yii\\base\\Module->runAction(''member-plots/cr...'', Array)\n#11 C:\\wamp\\www\\GulbergEmpire\\vendor\\yiisoft\\yii2\\base\\Application.php(375): yii\\web\\Application->handleRequest(Object(yii\\web\\Request))\n#12 C:\\wamp\\www\\GulbergEmpire\\backend\\web\\index.php(23): yii\\base\\Application->run()\n#13 {main}');

-- --------------------------------------------------------

--
-- Table structure for table `system_rbac_migration`
--

CREATE TABLE IF NOT EXISTS `system_rbac_migration` (
  `version` varchar(180) NOT NULL,
  `apply_time` int(11) DEFAULT NULL,
  PRIMARY KEY (`version`)
) ENGINE=MyISAM DEFAULT CHARSET=latin1;

--
-- Dumping data for table `system_rbac_migration`
--

INSERT INTO `system_rbac_migration` (`version`, `apply_time`) VALUES
('m000000_000000_base', 1479806328),
('m150625_214101_roles', 1479806331),
('m150625_215624_init_permissions', 1479806331),
('m151223_074604_edit_own_model', 1479806331);

-- --------------------------------------------------------

--
-- Table structure for table `timeline_event`
--

CREATE TABLE IF NOT EXISTS `timeline_event` (
  `id` int(11) NOT NULL AUTO_INCREMENT,
  `application` varchar(64) COLLATE utf8_unicode_ci NOT NULL,
  `category` varchar(64) COLLATE utf8_unicode_ci NOT NULL,
  `event` varchar(64) COLLATE utf8_unicode_ci NOT NULL,
  `data` text COLLATE utf8_unicode_ci,
  `created_at` int(11) NOT NULL,
  `user_id` varchar(11) COLLATE utf8_unicode_ci DEFAULT NULL,
  `content` text COLLATE utf8_unicode_ci,
  PRIMARY KEY (`id`),
  KEY `idx_created_at` (`created_at`)
) ENGINE=InnoDB  DEFAULT CHARSET=utf8 COLLATE=utf8_unicode_ci AUTO_INCREMENT=11 ;

--
-- Dumping data for table `timeline_event`
--

INSERT INTO `timeline_event` (`id`, `application`, `category`, `event`, `data`, `created_at`, `user_id`, `content`) VALUES
(1, 'frontend', 'user', 'signup', '{"public_identity":"webmaster","user_id":1,"created_at":1479805534}', 1479805534, NULL, NULL),
(2, 'frontend', 'user', 'signup', '{"public_identity":"manager","user_id":2,"created_at":1479805534}', 1479805534, NULL, NULL),
(3, 'frontend', 'user', 'signup', '{"public_identity":"user","user_id":3,"created_at":1479805534}', 1479805534, NULL, NULL),
(4, 'backend', 'announcement', 'news', 'test', 1479805533, '3,4', NULL),
(5, 'backend', 'user', 'signup', '{"public_identity":"ayeen","user_id":14,"created_at":1481526693}', 1481526693, NULL, NULL),
(6, 'backend', 'user', 'signup', '{"public_identity":"ayeen212","user_id":15,"created_at":1481527134}', 1481527134, NULL, NULL),
(7, 'backend', 'user', 'signup', '{"public_identity":"salman","user_id":16,"created_at":1481527430}', 1481527430, NULL, NULL),
(8, 'backend', 'user', 'signup', '{"public_identity":"21212","user_id":17,"created_at":1481528414}', 1481528414, NULL, NULL),
(9, 'backend', 'user', 'signup', '{"public_identity":"ayeen43434","user_id":18,"created_at":1481530949}', 1481530949, NULL, NULL),
(10, 'backend', 'user', 'signup', '{"public_identity":"asdf dfq","user_id":12,"created_at":1481791942}', 1481791943, NULL, NULL);

-- --------------------------------------------------------

--
-- Table structure for table `units`
--

CREATE TABLE IF NOT EXISTS `units` (
  `id` int(11) NOT NULL AUTO_INCREMENT,
  `unit_no` varchar(45) DEFAULT NULL,
  `unit_type` varchar(256) NOT NULL COMMENT 'corner, non corner',
  `category` varchar(45) DEFAULT NULL COMMENT 'A or B',
  `floor` int(11) DEFAULT NULL,
  `unit_map` varchar(200) DEFAULT NULL,
  `status` int(11) DEFAULT NULL,
  `last_update` datetime DEFAULT NULL,
  `timestamp` timestamp NOT NULL DEFAULT CURRENT_TIMESTAMP,
  `created_by` int(11) NOT NULL,
  `updated_by` varchar(256) DEFAULT NULL,
  `is_sold` tinyint(4) NOT NULL DEFAULT '0',
  `comments` text NOT NULL,
  PRIMARY KEY (`id`),
  UNIQUE KEY `plot_no` (`unit_no`)
) ENGINE=InnoDB  DEFAULT CHARSET=utf8 AUTO_INCREMENT=2 ;

--
-- Dumping data for table `units`
--

INSERT INTO `units` (`id`, `unit_no`, `unit_type`, `category`, `floor`, `unit_map`, `status`, `last_update`, `timestamp`, `created_by`, `updated_by`, `is_sold`, `comments`) VALUES
(1, '4334', '1', '2', 0, NULL, 0, '2017-01-06 00:00:00', '2017-01-06 08:07:41', 1, NULL, 0, 'test');

-- --------------------------------------------------------

--
-- Table structure for table `user`
--

CREATE TABLE IF NOT EXISTS `user` (
  `id` int(11) NOT NULL AUTO_INCREMENT,
  `username` varchar(32) COLLATE utf8_unicode_ci DEFAULT NULL,
  `auth_key` varchar(32) COLLATE utf8_unicode_ci NOT NULL,
  `access_token` varchar(40) COLLATE utf8_unicode_ci NOT NULL,
  `password_hash` varchar(255) COLLATE utf8_unicode_ci NOT NULL,
  `oauth_client` varchar(255) COLLATE utf8_unicode_ci DEFAULT NULL,
  `oauth_client_user_id` varchar(255) COLLATE utf8_unicode_ci DEFAULT NULL,
  `email` varchar(255) COLLATE utf8_unicode_ci NOT NULL,
  `status` smallint(6) NOT NULL DEFAULT '2',
  `created_at` int(11) DEFAULT NULL,
  `updated_at` int(11) DEFAULT NULL,
  `logged_at` int(11) DEFAULT NULL,
  PRIMARY KEY (`id`)
) ENGINE=InnoDB  DEFAULT CHARSET=utf8 COLLATE=utf8_unicode_ci AUTO_INCREMENT=22 ;

--
-- Dumping data for table `user`
--

INSERT INTO `user` (`id`, `username`, `auth_key`, `access_token`, `password_hash`, `oauth_client`, `oauth_client_user_id`, `email`, `status`, `created_at`, `updated_at`, `logged_at`) VALUES
(1, 'webmaster', 'dRECG10d4SToTed-A55QoXizRHf8WqRf', 'iB7RKTGcfAfGWTAZVkxrnIeMEbXCbS0Fviig1c-6', '$2y$13$xBNqYETet.6gdPNHriG4mekL5QyWnYdtbAxBkj/UpFxU.wPK80lba', NULL, NULL, 'webmaster@example.com', 2, 1479805535, 1479805535, 1483682752),
(2, 'manager', 'dx0j7-_6IQT0M2PcvcjNPqwRLDDBhaJl', 'MTBlsA6kgyNpgeXNiD-t4QURefvd1bSVak0xr8z7', '$2y$13$OS.V3lRxRHy4DLk1K5zpTumcNnLQqf3QlsGv4n1XfPEYBBK465R8C', NULL, NULL, 'manager@example.com', 2, 1479805535, 1479805535, 1480933845),
(3, 'user', 'ordRZVPm2whs720zShdIf3CX_B0i1riy', '_Qq4cH0kxgDil5UI7Ir6NJ3dMGi7Ktf86W-stoHT', '$2y$13$TqeOVOpZ9134AgPivcxOGOyORetIDfe.Pn9u6kx3ISFSCmYraVaYK', NULL, NULL, 'user@example.com', 2, 1479805536, 1479805536, 1480933061),
(12, 'ayeen', 'AmD7HqzytRMwxRyEfbAynIs3kZ-Bz9ke', 'x4JqArvEOA-qzZttjfa0SDstFkD9orhaWKle7VQm', '$2y$13$q/PtQZUWOipJcupKUKeGeOTLDqTaOMFqpJ3tXCOjouflEuxg1LzWW', NULL, NULL, 'ayeen@uexel.com', 2, 1481791942, 1481792491, 1481865222),
(13, '532', 'bQRW0-EFs7EKvEkorj2nRo7AVn_BzvQp', 'dfm-nA1OK1cpC-buS0Cs8U9km9p5mhv964nueaPl', '$2y$13$mEY9KiQaG8vVCWxCj6YNguiK4e2Km.nNe/OznjOIisJhLHk.UOfy.', NULL, NULL, 'ayeenmuhammad@gmail.com', 2, 1481867718, 1481867718, 1481868532),
(14, 'sameer', 'KjiHwlV0PQu66Z2f_86GEKHB4iH57D_Q', '_vcH4QAZNx44B2iGKoQyHw9DrEww8bCSDqd62waI', '$2y$13$Sc..G8vOuhy2lAdysvvQGedgcMq1kFeSrW6ZHyLQWpBvn0kRF0Ms.', NULL, NULL, 'sameer@gmail.com', 2, 1481869695, 1481869695, 1481871263),
(15, 'haider', 'X_hFS87YdQ8TZ0lqTbocXhWo1cnk8dVb', '6buMrpVh93Q5bHGcMELMBCE9THSiosU87kM8DmIF', '$2y$13$NBtc0qJK4J8Tt5zk.j0eROPCTub6rao7eq0x3kccgF6yH.WMBtos2', NULL, NULL, 'haider@gmail.com', 2, 1481873618, 1481873618, NULL),
(16, 'haider112', 'xBnNqd3jIltYbWT7HtIK5swRMWq4gvGF', 'iZbXxmH9sOsYK9c09plwcbjV6B6f-uU69EJbSbq7', '$2y$13$8Xr4ik5Tc00yfvL7gYfB2ehZh4xClIf8Alpz3iNqdVQnECaMVw8rO', NULL, NULL, 'haiderr@gmail.com', 2, 1481873893, 1481873893, NULL),
(17, 'haider1123', 'Ea-bIWFyrZlX3luk483cds0H8Zj4ViVq', 'rJRUoQtmeEdFx4f9YIn5d5YE6ChlJQPtpzu2XhN9', '$2y$13$NVBnH0q9hRh2j7J1aR36PeC7dXscdeiVAbD6cO6HFkzAP2m4T4T3i', NULL, NULL, 'haider2r@gmail.com', 2, 1481874248, 1481874248, NULL),
(20, 'jalal', '6PRV3lUcGFEem2wl-1cN5_bgUph_Sk8c', 'AkW-2HK2N817psEmI6R_csUjWmr8kDAhXXIhn8Jg', '$2y$13$z0sQ1..17Igi.32IvljJGOEZ5KEqT8AIDOafREs4lyaulc.ujcZ7a', NULL, NULL, 'jalal@uexel.com', 2, 1481876292, 1481876336, 1482299946),
(21, 'uexel', 'CtJnfm-lmHlX2_4LgQf4Yo3qC0rIX7iC', 'W3KzHVoRnJZPHaZP-yEI5zFFnWBIhdEjYmWixDkX', '$2y$13$L.fy2RI/AhRzHT.0W8x4QeNiJDBbypDUf/uPvHNYkqoZtfVbIRsIa', NULL, NULL, 'info@uexel.com', 2, 1482234446, 1482234446, 1482234473);

-- --------------------------------------------------------

--
-- Table structure for table `user_profile`
--

CREATE TABLE IF NOT EXISTS `user_profile` (
  `user_id` int(11) NOT NULL AUTO_INCREMENT,
  `firstname` varchar(255) COLLATE utf8_unicode_ci DEFAULT NULL,
  `middlename` varchar(255) COLLATE utf8_unicode_ci DEFAULT NULL,
  `lastname` varchar(255) COLLATE utf8_unicode_ci DEFAULT NULL,
  `avatar_path` varchar(255) COLLATE utf8_unicode_ci DEFAULT NULL,
  `avatar_base_url` varchar(255) COLLATE utf8_unicode_ci DEFAULT NULL,
  `locale` varchar(32) COLLATE utf8_unicode_ci NOT NULL,
  `gender` smallint(1) DEFAULT NULL,
  PRIMARY KEY (`user_id`)
) ENGINE=InnoDB  DEFAULT CHARSET=utf8 COLLATE=utf8_unicode_ci AUTO_INCREMENT=22 ;

--
-- Dumping data for table `user_profile`
--

INSERT INTO `user_profile` (`user_id`, `firstname`, `middlename`, `lastname`, `avatar_path`, `avatar_base_url`, `locale`, `gender`) VALUES
(1, 'Ayeen ', 'Muhammad', 'Uexel', '1/uDILf2Tn5sQ_UruQkGS96nd8wjT0WJR1.jpg', 'http://localhost/GulbergEmpire/storage/web/source', 'en-US', 1),
(2, '', '', '', '1/LdhvRtd6znRaKDx6MxH7XbrXS4e5pbD6.jpg', 'http://gulbergempire.dev:8080/storage/web/source', 'en-US', 2),
(3, '', '', '', '1/CdR6Ukiz542NQ1pqavyOlq6EhVPnpRAO.jpg', 'http://gulbergempire.dev:8080/storage/web/source', 'en-US', 2),
(4, 'fareed', NULL, 'din', NULL, NULL, 'en-US', NULL),
(5, 'fareed2', NULL, 'din', NULL, NULL, 'en-US', NULL),
(6, 'test2', NULL, 'test2', NULL, NULL, 'en-US', NULL),
(7, 'kichasher', NULL, 'kichasher', NULL, NULL, 'en-US', NULL),
(10, 'Hammad', NULL, 'Aslam', NULL, NULL, 'en-US', NULL),
(11, 'asdflkj', NULL, 'asdf', NULL, NULL, 'en-US', NULL),
(12, 'asdf', NULL, 'dfq', NULL, NULL, 'en-US', NULL),
(13, 'Ayeen', NULL, 'Khan', NULL, NULL, 'en-US', NULL),
(14, NULL, NULL, NULL, NULL, NULL, 'en-US', NULL),
(15, NULL, NULL, NULL, NULL, NULL, 'en-US', NULL),
(16, NULL, NULL, NULL, NULL, NULL, 'en-US', NULL),
(17, NULL, NULL, NULL, NULL, NULL, 'en-US', NULL),
(18, NULL, NULL, NULL, NULL, NULL, 'en-US', NULL),
(19, 'Ayeen', NULL, 'Khan', NULL, NULL, 'en-US', NULL),
(20, 'Syed', NULL, 'Jalal', NULL, NULL, 'en-US', NULL),
(21, NULL, NULL, NULL, NULL, NULL, 'en-US', NULL);

-- --------------------------------------------------------

--
-- Table structure for table `user_token`
--

CREATE TABLE IF NOT EXISTS `user_token` (
  `id` int(11) NOT NULL AUTO_INCREMENT,
  `user_id` int(11) NOT NULL,
  `type` varchar(255) NOT NULL,
  `token` varchar(40) NOT NULL,
  `expire_at` int(11) DEFAULT NULL,
  `created_at` int(11) DEFAULT NULL,
  `updated_at` int(11) DEFAULT NULL,
  PRIMARY KEY (`id`)
) ENGINE=MyISAM DEFAULT CHARSET=latin1 AUTO_INCREMENT=1 ;

-- --------------------------------------------------------

--
-- Table structure for table `widget_carousel`
--

CREATE TABLE IF NOT EXISTS `widget_carousel` (
  `id` int(11) NOT NULL AUTO_INCREMENT,
  `key` varchar(255) COLLATE utf8_unicode_ci NOT NULL,
  `status` smallint(6) DEFAULT '0',
  PRIMARY KEY (`id`)
) ENGINE=InnoDB  DEFAULT CHARSET=utf8 COLLATE=utf8_unicode_ci AUTO_INCREMENT=2 ;

--
-- Dumping data for table `widget_carousel`
--

INSERT INTO `widget_carousel` (`id`, `key`, `status`) VALUES
(1, 'index', 1);

-- --------------------------------------------------------

--
-- Table structure for table `widget_carousel_item`
--

CREATE TABLE IF NOT EXISTS `widget_carousel_item` (
  `id` int(11) NOT NULL AUTO_INCREMENT,
  `carousel_id` int(11) NOT NULL,
  `base_url` varchar(1024) COLLATE utf8_unicode_ci DEFAULT NULL,
  `path` varchar(1024) COLLATE utf8_unicode_ci DEFAULT NULL,
  `type` varchar(255) COLLATE utf8_unicode_ci DEFAULT NULL,
  `url` varchar(1024) COLLATE utf8_unicode_ci DEFAULT NULL,
  `caption` varchar(1024) COLLATE utf8_unicode_ci DEFAULT NULL,
  `status` smallint(6) NOT NULL DEFAULT '0',
  `order` int(11) DEFAULT '0',
  `created_at` int(11) DEFAULT NULL,
  `updated_at` int(11) DEFAULT NULL,
  PRIMARY KEY (`id`),
  KEY `fk_item_carousel` (`carousel_id`)
) ENGINE=InnoDB  DEFAULT CHARSET=utf8 COLLATE=utf8_unicode_ci AUTO_INCREMENT=2 ;

--
-- Dumping data for table `widget_carousel_item`
--

INSERT INTO `widget_carousel_item` (`id`, `carousel_id`, `base_url`, `path`, `type`, `url`, `caption`, `status`, `order`, `created_at`, `updated_at`) VALUES
(1, 1, 'http://gulbergempire.dev:8080/storage/web/source', '1/ayopcy1YjLp12auDdMbARfDvEpdj6UlE.jpg', 'image/jpeg', '/', '', 1, 0, NULL, 1479809400);

-- --------------------------------------------------------

--
-- Table structure for table `widget_menu`
--

CREATE TABLE IF NOT EXISTS `widget_menu` (
  `id` int(11) NOT NULL AUTO_INCREMENT,
  `key` varchar(32) COLLATE utf8_unicode_ci NOT NULL,
  `title` varchar(255) COLLATE utf8_unicode_ci NOT NULL,
  `items` text COLLATE utf8_unicode_ci NOT NULL,
  `status` smallint(6) NOT NULL DEFAULT '0',
  PRIMARY KEY (`id`)
) ENGINE=InnoDB  DEFAULT CHARSET=utf8 COLLATE=utf8_unicode_ci AUTO_INCREMENT=2 ;

--
-- Dumping data for table `widget_menu`
--

INSERT INTO `widget_menu` (`id`, `key`, `title`, `items`, `status`) VALUES
(1, 'frontend-index', 'Frontend index menu', '[\n    {\n        "label": "Get started with Yii2",\n        "url": "http://www.yiiframework.com",\n        "options": {\n            "tag": "span"\n        },\n        "template": "<a href=\\"{url}\\" class=\\"btn btn-lg btn-success\\">{label}</a>"\n    },\n    {\n        "label": "Yii2 Starter Kit on GitHub",\n        "url": "https://github.com/trntv/yii2-starter-kit",\n        "options": {\n            "tag": "span"\n        },\n        "template": "<a href=\\"{url}\\" class=\\"btn btn-lg btn-primary\\">{label}</a>"\n    },\n    {\n        "label": "Find a bug?",\n        "url": "https://github.com/trntv/yii2-starter-kit/issues",\n        "options": {\n            "tag": "span"\n        },\n        "template": "<a href=\\"{url}\\" class=\\"btn btn-lg btn-danger\\">{label}</a>"\n    }\n]', 1);

-- --------------------------------------------------------

--
-- Table structure for table `widget_text`
--

CREATE TABLE IF NOT EXISTS `widget_text` (
  `id` int(11) NOT NULL AUTO_INCREMENT,
  `key` varchar(255) COLLATE utf8_unicode_ci NOT NULL,
  `title` varchar(255) COLLATE utf8_unicode_ci NOT NULL,
  `body` text COLLATE utf8_unicode_ci NOT NULL,
  `status` smallint(6) DEFAULT NULL,
  `created_at` int(11) DEFAULT NULL,
  `updated_at` int(11) DEFAULT NULL,
  PRIMARY KEY (`id`),
  KEY `idx_widget_text_key` (`key`)
) ENGINE=InnoDB  DEFAULT CHARSET=utf8 COLLATE=utf8_unicode_ci AUTO_INCREMENT=3 ;

--
-- Dumping data for table `widget_text`
--

INSERT INTO `widget_text` (`id`, `key`, `title`, `body`, `status`, `created_at`, `updated_at`) VALUES
(1, 'backend_welcome', 'Welcome to backend', '<p>Welcome to Yii2 Starter Kit Dashboard</p>', 1, 1479805536, 1479805536),
(2, 'ads-example', 'Google Ads Example Block', '<div class="lead">\n                <script async src="//pagead2.googlesyndication.com/pagead/js/adsbygoogle.js"></script>\n                <ins class="adsbygoogle"\n                     style="display:block"\n                     data-ad-client="ca-pub-9505937224921657"\n                     data-ad-slot="2264361777"\n                     data-ad-format="auto"></ins>\n                <script>\n                (adsbygoogle = window.adsbygoogle || []).push({});\n                </script>\n            </div>', 0, 1479805536, 1479805536);

--
-- Constraints for dumped tables
--

--
-- Constraints for table `article`
--
ALTER TABLE `article`
  ADD CONSTRAINT `fk_article_author` FOREIGN KEY (`created_by`) REFERENCES `user` (`id`) ON DELETE CASCADE ON UPDATE CASCADE,
  ADD CONSTRAINT `fk_article_category` FOREIGN KEY (`category_id`) REFERENCES `article_category` (`id`) ON DELETE CASCADE ON UPDATE CASCADE,
  ADD CONSTRAINT `fk_article_updater` FOREIGN KEY (`updated_by`) REFERENCES `user` (`id`) ON DELETE SET NULL ON UPDATE CASCADE;

--
-- Constraints for table `article_attachment`
--
ALTER TABLE `article_attachment`
  ADD CONSTRAINT `fk_article_attachment_article` FOREIGN KEY (`article_id`) REFERENCES `article` (`id`) ON DELETE CASCADE ON UPDATE CASCADE;

--
-- Constraints for table `article_category`
--
ALTER TABLE `article_category`
  ADD CONSTRAINT `fk_article_category_section` FOREIGN KEY (`parent_id`) REFERENCES `article_category` (`id`) ON DELETE CASCADE ON UPDATE CASCADE;

--
-- Constraints for table `i18n_message`
--
ALTER TABLE `i18n_message`
  ADD CONSTRAINT `fk_i18n_message_source_message` FOREIGN KEY (`id`) REFERENCES `i18n_source_message` (`id`) ON DELETE CASCADE;

--
-- Constraints for table `installment_plan_schedule`
--
ALTER TABLE `installment_plan_schedule`
  ADD CONSTRAINT `fk_installment_plan_schedule_installment_plan1` FOREIGN KEY (`installment_plan_id`) REFERENCES `installment_plan` (`id`) ON DELETE NO ACTION ON UPDATE NO ACTION;

--
-- Constraints for table `member_apartment_ledger`
--
ALTER TABLE `member_apartment_ledger`
  ADD CONSTRAINT `member_apartment_ledger_ibfk_2` FOREIGN KEY (`member_id`) REFERENCES `members` (`id`) ON DELETE CASCADE ON UPDATE CASCADE,
  ADD CONSTRAINT `member_apartment_ledger_ibfk_3` FOREIGN KEY (`appartment_id`) REFERENCES `member_appartments` (`id`) ON DELETE CASCADE ON UPDATE CASCADE,
  ADD CONSTRAINT `member_apartment_ledger_ibfk_4` FOREIGN KEY (`accountant_id`) REFERENCES `admins` (`id`) ON DELETE CASCADE ON UPDATE CASCADE;

/*!40101 SET CHARACTER_SET_CLIENT=@OLD_CHARACTER_SET_CLIENT */;
/*!40101 SET CHARACTER_SET_RESULTS=@OLD_CHARACTER_SET_RESULTS */;
/*!40101 SET COLLATION_CONNECTION=@OLD_COLLATION_CONNECTION */;
